solid ASCII
  facet normal -0.000000e+00 0.000000e+00 -1.000000e+00
    outer loop
      vertex   1.055024e+00 5.710786e+01 -3.000000e+00
      vertex   0.000000e+00 5.700000e+01 -3.000000e+00
      vertex   1.003913e+00 5.749609e+01 -3.000000e+00
    endloop
  endfacet
  facet normal -0.000000e+00 0.000000e+00 -1.000000e+00
    outer loop
      vertex   1.003913e+00 5.749609e+01 -3.000000e+00
      vertex   0.000000e+00 5.700000e+01 -3.000000e+00
      vertex   5.764416e-02 5.758527e+01 -3.000000e+00
    endloop
  endfacet
  facet normal 0.000000e+00 0.000000e+00 -1.000000e+00
    outer loop
      vertex   1.003913e+00 5.749609e+01 -3.000000e+00
      vertex   5.764416e-02 5.758527e+01 -3.000000e+00
      vertex   1.055024e+00 5.788432e+01 -3.000000e+00
    endloop
  endfacet
  facet normal -0.000000e+00 0.000000e+00 -1.000000e+00
    outer loop
      vertex   1.055024e+00 5.788432e+01 -3.000000e+00
      vertex   5.764416e-02 5.758527e+01 -3.000000e+00
      vertex   2.283614e-01 5.814805e+01 -3.000000e+00
    endloop
  endfacet
  facet normal 0.000000e+00 0.000000e+00 -1.000000e+00
    outer loop
      vertex   1.055024e+00 5.788432e+01 -3.000000e+00
      vertex   2.283614e-01 5.814805e+01 -3.000000e+00
      vertex   1.204875e+00 5.824609e+01 -3.000000e+00
    endloop
  endfacet
  facet normal -0.000000e+00 0.000000e+00 -1.000000e+00
    outer loop
      vertex   1.204875e+00 5.824609e+01 -3.000000e+00
      vertex   2.283614e-01 5.814805e+01 -3.000000e+00
      vertex   5.055912e-01 5.866671e+01 -3.000000e+00
    endloop
  endfacet
  facet normal 0.000000e+00 0.000000e+00 -1.000000e+00
    outer loop
      vertex   1.204875e+00 5.824609e+01 -3.000000e+00
      vertex   5.055912e-01 5.866671e+01 -3.000000e+00
      vertex   1.443253e+00 5.855675e+01 -3.000000e+00
    endloop
  endfacet
  facet normal 0.000000e+00 0.000000e+00 -1.000000e+00
    outer loop
      vertex   1.443253e+00 5.855675e+01 -3.000000e+00
      vertex   5.055912e-01 5.866671e+01 -3.000000e+00
      vertex   1.753913e+00 5.879513e+01 -3.000000e+00
    endloop
  endfacet
  facet normal -0.000000e+00 0.000000e+00 -1.000000e+00
    outer loop
      vertex   1.753913e+00 5.879513e+01 -3.000000e+00
      vertex   5.055912e-01 5.866671e+01 -3.000000e+00
      vertex   8.786797e-01 5.912132e+01 -3.000000e+00
    endloop
  endfacet
  facet normal 0.000000e+00 0.000000e+00 -1.000000e+00
    outer loop
      vertex   1.753913e+00 5.879513e+01 -3.000000e+00
      vertex   8.786797e-01 5.912132e+01 -3.000000e+00
      vertex   2.115685e+00 5.894498e+01 -3.000000e+00
    endloop
  endfacet
  facet normal 0.000000e+00 0.000000e+00 -1.000000e+00
    outer loop
      vertex   2.115685e+00 5.894498e+01 -3.000000e+00
      vertex   8.786797e-01 5.912132e+01 -3.000000e+00
      vertex   2.503913e+00 5.899609e+01 -3.000000e+00
    endloop
  endfacet
  facet normal 0.000000e+00 0.000000e+00 -1.000000e+00
    outer loop
      vertex   2.503913e+00 5.899609e+01 -3.000000e+00
      vertex   8.786797e-01 5.912132e+01 -3.000000e+00
      vertex   1.333289e+00 5.949441e+01 -3.000000e+00
    endloop
  endfacet
  facet normal 0.000000e+00 0.000000e+00 -1.000000e+00
    outer loop
      vertex   2.503913e+00 5.899609e+01 -3.000000e+00
      vertex   1.333289e+00 5.949441e+01 -3.000000e+00
      vertex   1.851950e+00 5.977164e+01 -3.000000e+00
    endloop
  endfacet
  facet normal 0.000000e+00 -0.000000e+00 -1.000000e+00
    outer loop
      vertex   1.055024e+00 5.710786e+01 -3.000000e+00
      vertex   1.204875e+00 5.674609e+01 -3.000000e+00
      vertex   0.000000e+00 5.700000e+01 -3.000000e+00
    endloop
  endfacet
  facet normal 0.000000e+00 0.000000e+00 -1.000000e+00
    outer loop
      vertex   0.000000e+00 5.700000e+01 -3.000000e+00
      vertex   1.204875e+00 5.674609e+01 -3.000000e+00
      vertex   1.443253e+00 5.643543e+01 -3.000000e+00
    endloop
  endfacet
  facet normal 0.000000e+00 0.000000e+00 -1.000000e+00
    outer loop
      vertex   0.000000e+00 5.700000e+01 -3.000000e+00
      vertex   1.443253e+00 5.643543e+01 -3.000000e+00
      vertex   1.753913e+00 5.619705e+01 -3.000000e+00
    endloop
  endfacet
  facet normal 0.000000e+00 -0.000000e+00 -1.000000e+00
    outer loop
      vertex   0.000000e+00 5.700000e+01 -3.000000e+00
      vertex   1.753913e+00 5.619705e+01 -3.000000e+00
      vertex   -7.105427e-14 4.700000e+01 -3.000000e+00
    endloop
  endfacet
  facet normal 0.000000e+00 0.000000e+00 -1.000000e+00
    outer loop
      vertex   -7.105427e-14 4.700000e+01 -3.000000e+00
      vertex   1.753913e+00 5.619705e+01 -3.000000e+00
      vertex   2.115685e+00 5.604720e+01 -3.000000e+00
    endloop
  endfacet
  facet normal 0.000000e+00 0.000000e+00 -1.000000e+00
    outer loop
      vertex   -7.105427e-14 4.700000e+01 -3.000000e+00
      vertex   2.115685e+00 5.604720e+01 -3.000000e+00
      vertex   5.000000e+00 5.500000e+01 -3.000000e+00
    endloop
  endfacet
  facet normal 0.000000e+00 0.000000e+00 -1.000000e+00
    outer loop
      vertex   5.000000e+00 5.500000e+01 -3.000000e+00
      vertex   2.115685e+00 5.604720e+01 -3.000000e+00
      vertex   2.503913e+00 5.599609e+01 -3.000000e+00
    endloop
  endfacet
  facet normal 0.000000e+00 0.000000e+00 -1.000000e+00
    outer loop
      vertex   5.000000e+00 5.500000e+01 -3.000000e+00
      vertex   2.503913e+00 5.599609e+01 -3.000000e+00
      vertex   2.892142e+00 5.604720e+01 -3.000000e+00
    endloop
  endfacet
  facet normal 0.000000e+00 0.000000e+00 -1.000000e+00
    outer loop
      vertex   2.892142e+00 5.604720e+01 -3.000000e+00
      vertex   3.253913e+00 5.619705e+01 -3.000000e+00
      vertex   5.000000e+00 5.500000e+01 -3.000000e+00
    endloop
  endfacet
  facet normal 0.000000e+00 0.000000e+00 -1.000000e+00
    outer loop
      vertex   5.000000e+00 5.500000e+01 -3.000000e+00
      vertex   3.253913e+00 5.619705e+01 -3.000000e+00
      vertex   3.564573e+00 5.643543e+01 -3.000000e+00
    endloop
  endfacet
  facet normal 0.000000e+00 0.000000e+00 -1.000000e+00
    outer loop
      vertex   5.000000e+00 5.500000e+01 -3.000000e+00
      vertex   3.564573e+00 5.643543e+01 -3.000000e+00
      vertex   3.802951e+00 5.674609e+01 -3.000000e+00
    endloop
  endfacet
  facet normal 0.000000e+00 0.000000e+00 -1.000000e+00
    outer loop
      vertex   3.802951e+00 5.674609e+01 -3.000000e+00
      vertex   3.952802e+00 5.710786e+01 -3.000000e+00
      vertex   5.000000e+00 5.500000e+01 -3.000000e+00
    endloop
  endfacet
  facet normal 0.000000e+00 0.000000e+00 -1.000000e+00
    outer loop
      vertex   5.000000e+00 5.500000e+01 -3.000000e+00
      vertex   3.952802e+00 5.710786e+01 -3.000000e+00
      vertex   7.604720e+01 5.710786e+01 -3.000000e+00
    endloop
  endfacet
  facet normal 0.000000e+00 0.000000e+00 -1.000000e+00
    outer loop
      vertex   5.000000e+00 5.500000e+01 -3.000000e+00
      vertex   7.604720e+01 5.710786e+01 -3.000000e+00
      vertex   7.500000e+01 5.500000e+01 -3.000000e+00
    endloop
  endfacet
  facet normal 0.000000e+00 0.000000e+00 -1.000000e+00
    outer loop
      vertex   7.500000e+01 5.500000e+01 -3.000000e+00
      vertex   7.604720e+01 5.710786e+01 -3.000000e+00
      vertex   7.619705e+01 5.674609e+01 -3.000000e+00
    endloop
  endfacet
  facet normal 0.000000e+00 0.000000e+00 -1.000000e+00
    outer loop
      vertex   7.500000e+01 5.500000e+01 -3.000000e+00
      vertex   7.619705e+01 5.674609e+01 -3.000000e+00
      vertex   7.643543e+01 5.643543e+01 -3.000000e+00
    endloop
  endfacet
  facet normal 0.000000e+00 0.000000e+00 -1.000000e+00
    outer loop
      vertex   7.604720e+01 5.710786e+01 -3.000000e+00
      vertex   3.952802e+00 5.710786e+01 -3.000000e+00
      vertex   7.599609e+01 5.749609e+01 -3.000000e+00
    endloop
  endfacet
  facet normal -0.000000e+00 0.000000e+00 -1.000000e+00
    outer loop
      vertex   7.599609e+01 5.749609e+01 -3.000000e+00
      vertex   3.952802e+00 5.710786e+01 -3.000000e+00
      vertex   4.003913e+00 5.749609e+01 -3.000000e+00
    endloop
  endfacet
  facet normal 0.000000e+00 0.000000e+00 -1.000000e+00
    outer loop
      vertex   7.599609e+01 5.749609e+01 -3.000000e+00
      vertex   4.003913e+00 5.749609e+01 -3.000000e+00
      vertex   7.604720e+01 5.788432e+01 -3.000000e+00
    endloop
  endfacet
  facet normal -0.000000e+00 0.000000e+00 -1.000000e+00
    outer loop
      vertex   7.604720e+01 5.788432e+01 -3.000000e+00
      vertex   4.003913e+00 5.749609e+01 -3.000000e+00
      vertex   3.952802e+00 5.788432e+01 -3.000000e+00
    endloop
  endfacet
  facet normal 0.000000e+00 0.000000e+00 -1.000000e+00
    outer loop
      vertex   7.604720e+01 5.788432e+01 -3.000000e+00
      vertex   3.952802e+00 5.788432e+01 -3.000000e+00
      vertex   7.619705e+01 5.824609e+01 -3.000000e+00
    endloop
  endfacet
  facet normal -0.000000e+00 0.000000e+00 -1.000000e+00
    outer loop
      vertex   7.619705e+01 5.824609e+01 -3.000000e+00
      vertex   3.952802e+00 5.788432e+01 -3.000000e+00
      vertex   3.802951e+00 5.824609e+01 -3.000000e+00
    endloop
  endfacet
  facet normal 0.000000e+00 0.000000e+00 -1.000000e+00
    outer loop
      vertex   7.619705e+01 5.824609e+01 -3.000000e+00
      vertex   3.802951e+00 5.824609e+01 -3.000000e+00
      vertex   7.643543e+01 5.855675e+01 -3.000000e+00
    endloop
  endfacet
  facet normal -0.000000e+00 0.000000e+00 -1.000000e+00
    outer loop
      vertex   7.643543e+01 5.855675e+01 -3.000000e+00
      vertex   3.802951e+00 5.824609e+01 -3.000000e+00
      vertex   3.564573e+00 5.855675e+01 -3.000000e+00
    endloop
  endfacet
  facet normal 0.000000e+00 0.000000e+00 -1.000000e+00
    outer loop
      vertex   7.643543e+01 5.855675e+01 -3.000000e+00
      vertex   3.564573e+00 5.855675e+01 -3.000000e+00
      vertex   7.700000e+01 6.000000e+01 -3.000000e+00
    endloop
  endfacet
  facet normal -0.000000e+00 0.000000e+00 -1.000000e+00
    outer loop
      vertex   7.700000e+01 6.000000e+01 -3.000000e+00
      vertex   3.564573e+00 5.855675e+01 -3.000000e+00
      vertex   3.000000e+00 6.000000e+01 -3.000000e+00
    endloop
  endfacet
  facet normal 0.000000e+00 0.000000e+00 -1.000000e+00
    outer loop
      vertex   3.000000e+00 6.000000e+01 -3.000000e+00
      vertex   3.564573e+00 5.855675e+01 -3.000000e+00
      vertex   3.253913e+00 5.879513e+01 -3.000000e+00
    endloop
  endfacet
  facet normal 0.000000e+00 -0.000000e+00 -1.000000e+00
    outer loop
      vertex   3.000000e+00 6.000000e+01 -3.000000e+00
      vertex   3.253913e+00 5.879513e+01 -3.000000e+00
      vertex   2.892142e+00 5.894498e+01 -3.000000e+00
    endloop
  endfacet
  facet normal 0.000000e+00 0.000000e+00 -1.000000e+00
    outer loop
      vertex   3.000000e+00 6.000000e+01 -3.000000e+00
      vertex   2.892142e+00 5.894498e+01 -3.000000e+00
      vertex   1.851950e+00 5.977164e+01 -3.000000e+00
    endloop
  endfacet
  facet normal 0.000000e+00 0.000000e+00 -1.000000e+00
    outer loop
      vertex   1.851950e+00 5.977164e+01 -3.000000e+00
      vertex   2.892142e+00 5.894498e+01 -3.000000e+00
      vertex   2.503913e+00 5.899609e+01 -3.000000e+00
    endloop
  endfacet
  facet normal 0.000000e+00 -0.000000e+00 -1.000000e+00
    outer loop
      vertex   7.643543e+01 5.643543e+01 -3.000000e+00
      vertex   7.674609e+01 5.619705e+01 -3.000000e+00
      vertex   7.500000e+01 5.500000e+01 -3.000000e+00
    endloop
  endfacet
  facet normal 0.000000e+00 0.000000e+00 -1.000000e+00
    outer loop
      vertex   7.500000e+01 5.500000e+01 -3.000000e+00
      vertex   7.674609e+01 5.619705e+01 -3.000000e+00
      vertex   7.710786e+01 5.604720e+01 -3.000000e+00
    endloop
  endfacet
  facet normal 0.000000e+00 0.000000e+00 -1.000000e+00
    outer loop
      vertex   7.500000e+01 5.500000e+01 -3.000000e+00
      vertex   7.710786e+01 5.604720e+01 -3.000000e+00
      vertex   7.749609e+01 5.599609e+01 -3.000000e+00
    endloop
  endfacet
  facet normal 0.000000e+00 -0.000000e+00 -1.000000e+00
    outer loop
      vertex   7.749609e+01 5.599609e+01 -3.000000e+00
      vertex   7.788432e+01 5.604720e+01 -3.000000e+00
      vertex   7.500000e+01 5.500000e+01 -3.000000e+00
    endloop
  endfacet
  facet normal 0.000000e+00 0.000000e+00 -1.000000e+00
    outer loop
      vertex   7.500000e+01 5.500000e+01 -3.000000e+00
      vertex   7.788432e+01 5.604720e+01 -3.000000e+00
      vertex   8.000000e+01 4.200000e+01 -3.000000e+00
    endloop
  endfacet
  facet normal 0.000000e+00 0.000000e+00 -1.000000e+00
    outer loop
      vertex   7.500000e+01 5.500000e+01 -3.000000e+00
      vertex   8.000000e+01 4.200000e+01 -3.000000e+00
      vertex   7.500000e+01 4.200000e+01 -3.000000e+00
    endloop
  endfacet
  facet normal 0.000000e+00 0.000000e+00 -1.000000e+00
    outer loop
      vertex   7.788432e+01 5.604720e+01 -3.000000e+00
      vertex   7.824609e+01 5.619705e+01 -3.000000e+00
      vertex   8.000000e+01 4.200000e+01 -3.000000e+00
    endloop
  endfacet
  facet normal 0.000000e+00 0.000000e+00 -1.000000e+00
    outer loop
      vertex   8.000000e+01 4.200000e+01 -3.000000e+00
      vertex   7.824609e+01 5.619705e+01 -3.000000e+00
      vertex   8.000000e+01 5.700000e+01 -3.000000e+00
    endloop
  endfacet
  facet normal 0.000000e+00 0.000000e+00 -1.000000e+00
    outer loop
      vertex   8.000000e+01 5.700000e+01 -3.000000e+00
      vertex   7.824609e+01 5.619705e+01 -3.000000e+00
      vertex   7.855675e+01 5.643543e+01 -3.000000e+00
    endloop
  endfacet
  facet normal 0.000000e+00 0.000000e+00 -1.000000e+00
    outer loop
      vertex   8.000000e+01 5.700000e+01 -3.000000e+00
      vertex   7.855675e+01 5.643543e+01 -3.000000e+00
      vertex   7.879513e+01 5.674609e+01 -3.000000e+00
    endloop
  endfacet
  facet normal 0.000000e+00 0.000000e+00 -1.000000e+00
    outer loop
      vertex   7.879513e+01 5.674609e+01 -3.000000e+00
      vertex   7.894498e+01 5.710786e+01 -3.000000e+00
      vertex   8.000000e+01 5.700000e+01 -3.000000e+00
    endloop
  endfacet
  facet normal 0.000000e+00 0.000000e+00 -1.000000e+00
    outer loop
      vertex   8.000000e+01 5.700000e+01 -3.000000e+00
      vertex   7.894498e+01 5.710786e+01 -3.000000e+00
      vertex   7.899609e+01 5.749609e+01 -3.000000e+00
    endloop
  endfacet
  facet normal 0.000000e+00 0.000000e+00 -1.000000e+00
    outer loop
      vertex   8.000000e+01 5.700000e+01 -3.000000e+00
      vertex   7.899609e+01 5.749609e+01 -3.000000e+00
      vertex   7.994236e+01 5.758527e+01 -3.000000e+00
    endloop
  endfacet
  facet normal -0.000000e+00 0.000000e+00 -1.000000e+00
    outer loop
      vertex   7.994236e+01 5.758527e+01 -3.000000e+00
      vertex   7.899609e+01 5.749609e+01 -3.000000e+00
      vertex   7.894498e+01 5.788432e+01 -3.000000e+00
    endloop
  endfacet
  facet normal 0.000000e+00 0.000000e+00 -1.000000e+00
    outer loop
      vertex   7.994236e+01 5.758527e+01 -3.000000e+00
      vertex   7.894498e+01 5.788432e+01 -3.000000e+00
      vertex   7.977164e+01 5.814805e+01 -3.000000e+00
    endloop
  endfacet
  facet normal -0.000000e+00 0.000000e+00 -1.000000e+00
    outer loop
      vertex   7.977164e+01 5.814805e+01 -3.000000e+00
      vertex   7.894498e+01 5.788432e+01 -3.000000e+00
      vertex   7.879513e+01 5.824609e+01 -3.000000e+00
    endloop
  endfacet
  facet normal 0.000000e+00 0.000000e+00 -1.000000e+00
    outer loop
      vertex   7.977164e+01 5.814805e+01 -3.000000e+00
      vertex   7.879513e+01 5.824609e+01 -3.000000e+00
      vertex   7.949441e+01 5.866671e+01 -3.000000e+00
    endloop
  endfacet
  facet normal 0.000000e+00 0.000000e+00 -1.000000e+00
    outer loop
      vertex   7.949441e+01 5.866671e+01 -3.000000e+00
      vertex   7.879513e+01 5.824609e+01 -3.000000e+00
      vertex   7.855675e+01 5.855675e+01 -3.000000e+00
    endloop
  endfacet
  facet normal -0.000000e+00 0.000000e+00 -1.000000e+00
    outer loop
      vertex   7.949441e+01 5.866671e+01 -3.000000e+00
      vertex   7.855675e+01 5.855675e+01 -3.000000e+00
      vertex   7.824609e+01 5.879513e+01 -3.000000e+00
    endloop
  endfacet
  facet normal 0.000000e+00 0.000000e+00 -1.000000e+00
    outer loop
      vertex   7.949441e+01 5.866671e+01 -3.000000e+00
      vertex   7.824609e+01 5.879513e+01 -3.000000e+00
      vertex   7.912132e+01 5.912132e+01 -3.000000e+00
    endloop
  endfacet
  facet normal 0.000000e+00 0.000000e+00 -1.000000e+00
    outer loop
      vertex   7.912132e+01 5.912132e+01 -3.000000e+00
      vertex   7.824609e+01 5.879513e+01 -3.000000e+00
      vertex   7.788432e+01 5.894498e+01 -3.000000e+00
    endloop
  endfacet
  facet normal 0.000000e+00 0.000000e+00 -1.000000e+00
    outer loop
      vertex   7.912132e+01 5.912132e+01 -3.000000e+00
      vertex   7.788432e+01 5.894498e+01 -3.000000e+00
      vertex   7.749609e+01 5.899609e+01 -3.000000e+00
    endloop
  endfacet
  facet normal 0.000000e+00 0.000000e+00 -1.000000e+00
    outer loop
      vertex   7.710786e+01 5.894498e+01 -3.000000e+00
      vertex   7.814805e+01 5.977164e+01 -3.000000e+00
      vertex   7.749609e+01 5.899609e+01 -3.000000e+00
    endloop
  endfacet
  facet normal 0.000000e+00 0.000000e+00 -1.000000e+00
    outer loop
      vertex   7.749609e+01 5.899609e+01 -3.000000e+00
      vertex   7.814805e+01 5.977164e+01 -3.000000e+00
      vertex   7.866671e+01 5.949441e+01 -3.000000e+00
    endloop
  endfacet
  facet normal 0.000000e+00 0.000000e+00 -1.000000e+00
    outer loop
      vertex   7.749609e+01 5.899609e+01 -3.000000e+00
      vertex   7.866671e+01 5.949441e+01 -3.000000e+00
      vertex   7.912132e+01 5.912132e+01 -3.000000e+00
    endloop
  endfacet
  facet normal -0.000000e+00 0.000000e+00 -1.000000e+00
    outer loop
      vertex   7.814805e+01 5.977164e+01 -3.000000e+00
      vertex   7.710786e+01 5.894498e+01 -3.000000e+00
      vertex   7.700000e+01 6.000000e+01 -3.000000e+00
    endloop
  endfacet
  facet normal 0.000000e+00 -0.000000e+00 -1.000000e+00
    outer loop
      vertex   7.700000e+01 6.000000e+01 -3.000000e+00
      vertex   7.710786e+01 5.894498e+01 -3.000000e+00
      vertex   7.674609e+01 5.879513e+01 -3.000000e+00
    endloop
  endfacet
  facet normal 0.000000e+00 0.000000e+00 -1.000000e+00
    outer loop
      vertex   7.700000e+01 6.000000e+01 -3.000000e+00
      vertex   7.674609e+01 5.879513e+01 -3.000000e+00
      vertex   7.643543e+01 5.855675e+01 -3.000000e+00
    endloop
  endfacet
  facet normal 0.000000e+00 0.000000e+00 -1.000000e+00
    outer loop
      vertex   1.851950e+00 5.977164e+01 -3.000000e+00
      vertex   2.414729e+00 5.994236e+01 -3.000000e+00
      vertex   3.000000e+00 6.000000e+01 -3.000000e+00
    endloop
  endfacet
  facet normal 0.000000e+00 0.000000e+00 -1.000000e+00
    outer loop
      vertex   7.700000e+01 6.000000e+01 -3.000000e+00
      vertex   7.758527e+01 5.994236e+01 -3.000000e+00
      vertex   7.814805e+01 5.977164e+01 -3.000000e+00
    endloop
  endfacet
  facet normal 0.000000e+00 0.000000e+00 -1.000000e+00
    outer loop
      vertex   5.000000e+00 5.500000e+01 -3.000000e+00
      vertex   5.000000e+00 4.700000e+01 -3.000000e+00
      vertex   -7.105427e-14 4.700000e+01 -3.000000e+00
    endloop
  endfacet
  facet normal 0.000000e+00 0.000000e+00 -1.000000e+00
    outer loop
      vertex   1.055024e+00 2.115684e+00 -3.000000e+00
      vertex   5.764416e-02 2.414729e+00 -3.000000e+00
      vertex   1.003913e+00 2.503913e+00 -3.000000e+00
    endloop
  endfacet
  facet normal -0.000000e+00 0.000000e+00 -1.000000e+00
    outer loop
      vertex   1.003913e+00 2.503913e+00 -3.000000e+00
      vertex   5.764416e-02 2.414729e+00 -3.000000e+00
      vertex   0.000000e+00 3.000000e+00 -3.000000e+00
    endloop
  endfacet
  facet normal 0.000000e+00 0.000000e+00 -1.000000e+00
    outer loop
      vertex   1.003913e+00 2.503913e+00 -3.000000e+00
      vertex   0.000000e+00 3.000000e+00 -3.000000e+00
      vertex   1.055024e+00 2.892142e+00 -3.000000e+00
    endloop
  endfacet
  facet normal 0.000000e+00 0.000000e+00 -1.000000e+00
    outer loop
      vertex   1.055024e+00 2.892142e+00 -3.000000e+00
      vertex   0.000000e+00 3.000000e+00 -3.000000e+00
      vertex   1.204875e+00 3.253913e+00 -3.000000e+00
    endloop
  endfacet
  facet normal -0.000000e+00 0.000000e+00 -1.000000e+00
    outer loop
      vertex   1.204875e+00 3.253913e+00 -3.000000e+00
      vertex   0.000000e+00 3.000000e+00 -3.000000e+00
      vertex   1.443253e+00 3.564573e+00 -3.000000e+00
    endloop
  endfacet
  facet normal -0.000000e+00 0.000000e+00 -1.000000e+00
    outer loop
      vertex   1.443253e+00 3.564573e+00 -3.000000e+00
      vertex   0.000000e+00 3.000000e+00 -3.000000e+00
      vertex   1.753913e+00 3.802951e+00 -3.000000e+00
    endloop
  endfacet
  facet normal -0.000000e+00 0.000000e+00 -1.000000e+00
    outer loop
      vertex   1.753913e+00 3.802951e+00 -3.000000e+00
      vertex   0.000000e+00 3.000000e+00 -3.000000e+00
      vertex   -7.105427e-14 3.100000e+01 -3.000000e+00
    endloop
  endfacet
  facet normal 0.000000e+00 0.000000e+00 -1.000000e+00
    outer loop
      vertex   1.753913e+00 3.802951e+00 -3.000000e+00
      vertex   -7.105427e-14 3.100000e+01 -3.000000e+00
      vertex   2.115684e+00 3.952802e+00 -3.000000e+00
    endloop
  endfacet
  facet normal 0.000000e+00 0.000000e+00 -1.000000e+00
    outer loop
      vertex   2.115684e+00 3.952802e+00 -3.000000e+00
      vertex   -7.105427e-14 3.100000e+01 -3.000000e+00
      vertex   5.000000e+00 5.000000e+00 -3.000000e+00
    endloop
  endfacet
  facet normal 0.000000e+00 0.000000e+00 -1.000000e+00
    outer loop
      vertex   2.115684e+00 3.952802e+00 -3.000000e+00
      vertex   5.000000e+00 5.000000e+00 -3.000000e+00
      vertex   2.503913e+00 4.003913e+00 -3.000000e+00
    endloop
  endfacet
  facet normal 0.000000e+00 0.000000e+00 -1.000000e+00
    outer loop
      vertex   2.503913e+00 4.003913e+00 -3.000000e+00
      vertex   5.000000e+00 5.000000e+00 -3.000000e+00
      vertex   2.892142e+00 3.952802e+00 -3.000000e+00
    endloop
  endfacet
  facet normal 0.000000e+00 0.000000e+00 -1.000000e+00
    outer loop
      vertex   2.892142e+00 3.952802e+00 -3.000000e+00
      vertex   5.000000e+00 5.000000e+00 -3.000000e+00
      vertex   3.253913e+00 3.802951e+00 -3.000000e+00
    endloop
  endfacet
  facet normal 0.000000e+00 0.000000e+00 -1.000000e+00
    outer loop
      vertex   3.253913e+00 3.802951e+00 -3.000000e+00
      vertex   5.000000e+00 5.000000e+00 -3.000000e+00
      vertex   3.564573e+00 3.564573e+00 -3.000000e+00
    endloop
  endfacet
  facet normal 0.000000e+00 0.000000e+00 -1.000000e+00
    outer loop
      vertex   3.564573e+00 3.564573e+00 -3.000000e+00
      vertex   5.000000e+00 5.000000e+00 -3.000000e+00
      vertex   3.802951e+00 3.253913e+00 -3.000000e+00
    endloop
  endfacet
  facet normal 0.000000e+00 0.000000e+00 -1.000000e+00
    outer loop
      vertex   3.802951e+00 3.253913e+00 -3.000000e+00
      vertex   5.000000e+00 5.000000e+00 -3.000000e+00
      vertex   3.952802e+00 2.892142e+00 -3.000000e+00
    endloop
  endfacet
  facet normal 0.000000e+00 0.000000e+00 -1.000000e+00
    outer loop
      vertex   3.952802e+00 2.892142e+00 -3.000000e+00
      vertex   5.000000e+00 5.000000e+00 -3.000000e+00
      vertex   4.003913e+00 2.503913e+00 -3.000000e+00
    endloop
  endfacet
  facet normal 0.000000e+00 0.000000e+00 -1.000000e+00
    outer loop
      vertex   4.003913e+00 2.503913e+00 -3.000000e+00
      vertex   5.000000e+00 5.000000e+00 -3.000000e+00
      vertex   7.500000e+01 5.000000e+00 -3.000000e+00
    endloop
  endfacet
  facet normal 0.000000e+00 0.000000e+00 -1.000000e+00
    outer loop
      vertex   4.003913e+00 2.503913e+00 -3.000000e+00
      vertex   7.500000e+01 5.000000e+00 -3.000000e+00
      vertex   7.599609e+01 2.503913e+00 -3.000000e+00
    endloop
  endfacet
  facet normal 0.000000e+00 0.000000e+00 -1.000000e+00
    outer loop
      vertex   7.599609e+01 2.503913e+00 -3.000000e+00
      vertex   7.500000e+01 5.000000e+00 -3.000000e+00
      vertex   7.604720e+01 2.892142e+00 -3.000000e+00
    endloop
  endfacet
  facet normal 0.000000e+00 0.000000e+00 -1.000000e+00
    outer loop
      vertex   7.604720e+01 2.892142e+00 -3.000000e+00
      vertex   7.500000e+01 5.000000e+00 -3.000000e+00
      vertex   7.619705e+01 3.253913e+00 -3.000000e+00
    endloop
  endfacet
  facet normal 0.000000e+00 0.000000e+00 -1.000000e+00
    outer loop
      vertex   7.619705e+01 3.253913e+00 -3.000000e+00
      vertex   7.500000e+01 5.000000e+00 -3.000000e+00
      vertex   7.643543e+01 3.564573e+00 -3.000000e+00
    endloop
  endfacet
  facet normal 0.000000e+00 0.000000e+00 -1.000000e+00
    outer loop
      vertex   7.643543e+01 3.564573e+00 -3.000000e+00
      vertex   7.500000e+01 5.000000e+00 -3.000000e+00
      vertex   7.674609e+01 3.802951e+00 -3.000000e+00
    endloop
  endfacet
  facet normal 0.000000e+00 0.000000e+00 -1.000000e+00
    outer loop
      vertex   7.674609e+01 3.802951e+00 -3.000000e+00
      vertex   7.500000e+01 5.000000e+00 -3.000000e+00
      vertex   7.710786e+01 3.952802e+00 -3.000000e+00
    endloop
  endfacet
  facet normal 0.000000e+00 0.000000e+00 -1.000000e+00
    outer loop
      vertex   7.710786e+01 3.952802e+00 -3.000000e+00
      vertex   7.500000e+01 5.000000e+00 -3.000000e+00
      vertex   7.749609e+01 4.003913e+00 -3.000000e+00
    endloop
  endfacet
  facet normal 0.000000e+00 0.000000e+00 -1.000000e+00
    outer loop
      vertex   7.749609e+01 4.003913e+00 -3.000000e+00
      vertex   7.500000e+01 5.000000e+00 -3.000000e+00
      vertex   7.788432e+01 3.952802e+00 -3.000000e+00
    endloop
  endfacet
  facet normal 0.000000e+00 0.000000e+00 -1.000000e+00
    outer loop
      vertex   7.788432e+01 3.952802e+00 -3.000000e+00
      vertex   7.500000e+01 5.000000e+00 -3.000000e+00
      vertex   8.000000e+01 2.900000e+01 -3.000000e+00
    endloop
  endfacet
  facet normal 0.000000e+00 0.000000e+00 -1.000000e+00
    outer loop
      vertex   7.788432e+01 3.952802e+00 -3.000000e+00
      vertex   8.000000e+01 2.900000e+01 -3.000000e+00
      vertex   7.824609e+01 3.802951e+00 -3.000000e+00
    endloop
  endfacet
  facet normal 0.000000e+00 0.000000e+00 -1.000000e+00
    outer loop
      vertex   7.824609e+01 3.802951e+00 -3.000000e+00
      vertex   8.000000e+01 2.900000e+01 -3.000000e+00
      vertex   8.000000e+01 3.000000e+00 -3.000000e+00
    endloop
  endfacet
  facet normal 0.000000e+00 0.000000e+00 -1.000000e+00
    outer loop
      vertex   7.824609e+01 3.802951e+00 -3.000000e+00
      vertex   8.000000e+01 3.000000e+00 -3.000000e+00
      vertex   7.855675e+01 3.564573e+00 -3.000000e+00
    endloop
  endfacet
  facet normal 0.000000e+00 0.000000e+00 -1.000000e+00
    outer loop
      vertex   7.855675e+01 3.564573e+00 -3.000000e+00
      vertex   8.000000e+01 3.000000e+00 -3.000000e+00
      vertex   7.879513e+01 3.253913e+00 -3.000000e+00
    endloop
  endfacet
  facet normal 0.000000e+00 0.000000e+00 -1.000000e+00
    outer loop
      vertex   7.879513e+01 3.253913e+00 -3.000000e+00
      vertex   8.000000e+01 3.000000e+00 -3.000000e+00
      vertex   7.894498e+01 2.892142e+00 -3.000000e+00
    endloop
  endfacet
  facet normal 0.000000e+00 0.000000e+00 -1.000000e+00
    outer loop
      vertex   7.894498e+01 2.892142e+00 -3.000000e+00
      vertex   8.000000e+01 3.000000e+00 -3.000000e+00
      vertex   7.899609e+01 2.503913e+00 -3.000000e+00
    endloop
  endfacet
  facet normal 0.000000e+00 0.000000e+00 -1.000000e+00
    outer loop
      vertex   7.899609e+01 2.503913e+00 -3.000000e+00
      vertex   8.000000e+01 3.000000e+00 -3.000000e+00
      vertex   7.994236e+01 2.414729e+00 -3.000000e+00
    endloop
  endfacet
  facet normal 0.000000e+00 -0.000000e+00 -1.000000e+00
    outer loop
      vertex   7.899609e+01 2.503913e+00 -3.000000e+00
      vertex   7.994236e+01 2.414729e+00 -3.000000e+00
      vertex   7.894498e+01 2.115684e+00 -3.000000e+00
    endloop
  endfacet
  facet normal 0.000000e+00 0.000000e+00 -1.000000e+00
    outer loop
      vertex   7.894498e+01 2.115684e+00 -3.000000e+00
      vertex   7.994236e+01 2.414729e+00 -3.000000e+00
      vertex   7.977164e+01 1.851950e+00 -3.000000e+00
    endloop
  endfacet
  facet normal 0.000000e+00 -0.000000e+00 -1.000000e+00
    outer loop
      vertex   7.894498e+01 2.115684e+00 -3.000000e+00
      vertex   7.977164e+01 1.851950e+00 -3.000000e+00
      vertex   7.879513e+01 1.753913e+00 -3.000000e+00
    endloop
  endfacet
  facet normal 0.000000e+00 0.000000e+00 -1.000000e+00
    outer loop
      vertex   7.879513e+01 1.753913e+00 -3.000000e+00
      vertex   7.977164e+01 1.851950e+00 -3.000000e+00
      vertex   7.949441e+01 1.333289e+00 -3.000000e+00
    endloop
  endfacet
  facet normal 0.000000e+00 -0.000000e+00 -1.000000e+00
    outer loop
      vertex   7.879513e+01 1.753913e+00 -3.000000e+00
      vertex   7.949441e+01 1.333289e+00 -3.000000e+00
      vertex   7.855675e+01 1.443253e+00 -3.000000e+00
    endloop
  endfacet
  facet normal 0.000000e+00 -0.000000e+00 -1.000000e+00
    outer loop
      vertex   7.855675e+01 1.443253e+00 -3.000000e+00
      vertex   7.949441e+01 1.333289e+00 -3.000000e+00
      vertex   7.824609e+01 1.204875e+00 -3.000000e+00
    endloop
  endfacet
  facet normal 0.000000e+00 0.000000e+00 -1.000000e+00
    outer loop
      vertex   7.824609e+01 1.204875e+00 -3.000000e+00
      vertex   7.949441e+01 1.333289e+00 -3.000000e+00
      vertex   7.912132e+01 8.786797e-01 -3.000000e+00
    endloop
  endfacet
  facet normal 0.000000e+00 -0.000000e+00 -1.000000e+00
    outer loop
      vertex   7.824609e+01 1.204875e+00 -3.000000e+00
      vertex   7.912132e+01 8.786797e-01 -3.000000e+00
      vertex   7.788432e+01 1.055024e+00 -3.000000e+00
    endloop
  endfacet
  facet normal 0.000000e+00 0.000000e+00 -1.000000e+00
    outer loop
      vertex   7.788432e+01 1.055024e+00 -3.000000e+00
      vertex   7.912132e+01 8.786797e-01 -3.000000e+00
      vertex   7.866671e+01 5.055912e-01 -3.000000e+00
    endloop
  endfacet
  facet normal 0.000000e+00 -0.000000e+00 -1.000000e+00
    outer loop
      vertex   7.788432e+01 1.055024e+00 -3.000000e+00
      vertex   7.866671e+01 5.055912e-01 -3.000000e+00
      vertex   7.749609e+01 1.003913e+00 -3.000000e+00
    endloop
  endfacet
  facet normal 0.000000e+00 0.000000e+00 -1.000000e+00
    outer loop
      vertex   7.749609e+01 1.003913e+00 -3.000000e+00
      vertex   7.866671e+01 5.055912e-01 -3.000000e+00
      vertex   7.814805e+01 2.283614e-01 -3.000000e+00
    endloop
  endfacet
  facet normal 0.000000e+00 0.000000e+00 -1.000000e+00
    outer loop
      vertex   7.749609e+01 1.003913e+00 -3.000000e+00
      vertex   7.814805e+01 2.283614e-01 -3.000000e+00
      vertex   7.758527e+01 5.764416e-02 -3.000000e+00
    endloop
  endfacet
  facet normal 0.000000e+00 0.000000e+00 -1.000000e+00
    outer loop
      vertex   5.764416e-02 2.414729e+00 -3.000000e+00
      vertex   1.055024e+00 2.115684e+00 -3.000000e+00
      vertex   2.283614e-01 1.851950e+00 -3.000000e+00
    endloop
  endfacet
  facet normal 0.000000e+00 0.000000e+00 -1.000000e+00
    outer loop
      vertex   2.283614e-01 1.851950e+00 -3.000000e+00
      vertex   1.055024e+00 2.115684e+00 -3.000000e+00
      vertex   1.204875e+00 1.753913e+00 -3.000000e+00
    endloop
  endfacet
  facet normal 0.000000e+00 0.000000e+00 -1.000000e+00
    outer loop
      vertex   2.283614e-01 1.851950e+00 -3.000000e+00
      vertex   1.204875e+00 1.753913e+00 -3.000000e+00
      vertex   5.055912e-01 1.333289e+00 -3.000000e+00
    endloop
  endfacet
  facet normal 0.000000e+00 0.000000e+00 -1.000000e+00
    outer loop
      vertex   5.055912e-01 1.333289e+00 -3.000000e+00
      vertex   1.204875e+00 1.753913e+00 -3.000000e+00
      vertex   1.443253e+00 1.443253e+00 -3.000000e+00
    endloop
  endfacet
  facet normal 0.000000e+00 0.000000e+00 -1.000000e+00
    outer loop
      vertex   5.055912e-01 1.333289e+00 -3.000000e+00
      vertex   1.443253e+00 1.443253e+00 -3.000000e+00
      vertex   1.753913e+00 1.204875e+00 -3.000000e+00
    endloop
  endfacet
  facet normal 0.000000e+00 0.000000e+00 -1.000000e+00
    outer loop
      vertex   5.055912e-01 1.333289e+00 -3.000000e+00
      vertex   1.753913e+00 1.204875e+00 -3.000000e+00
      vertex   8.786797e-01 8.786797e-01 -3.000000e+00
    endloop
  endfacet
  facet normal 0.000000e+00 0.000000e+00 -1.000000e+00
    outer loop
      vertex   8.786797e-01 8.786797e-01 -3.000000e+00
      vertex   1.753913e+00 1.204875e+00 -3.000000e+00
      vertex   2.115684e+00 1.055024e+00 -3.000000e+00
    endloop
  endfacet
  facet normal 0.000000e+00 0.000000e+00 -1.000000e+00
    outer loop
      vertex   8.786797e-01 8.786797e-01 -3.000000e+00
      vertex   2.115684e+00 1.055024e+00 -3.000000e+00
      vertex   1.333289e+00 5.055912e-01 -3.000000e+00
    endloop
  endfacet
  facet normal 0.000000e+00 0.000000e+00 -1.000000e+00
    outer loop
      vertex   1.333289e+00 5.055912e-01 -3.000000e+00
      vertex   2.115684e+00 1.055024e+00 -3.000000e+00
      vertex   2.503913e+00 1.003913e+00 -3.000000e+00
    endloop
  endfacet
  facet normal 0.000000e+00 0.000000e+00 -1.000000e+00
    outer loop
      vertex   1.333289e+00 5.055912e-01 -3.000000e+00
      vertex   2.503913e+00 1.003913e+00 -3.000000e+00
      vertex   1.851950e+00 2.283614e-01 -3.000000e+00
    endloop
  endfacet
  facet normal 0.000000e+00 0.000000e+00 -1.000000e+00
    outer loop
      vertex   1.851950e+00 2.283614e-01 -3.000000e+00
      vertex   2.503913e+00 1.003913e+00 -3.000000e+00
      vertex   2.414729e+00 5.764416e-02 -3.000000e+00
    endloop
  endfacet
  facet normal 0.000000e+00 0.000000e+00 -1.000000e+00
    outer loop
      vertex   2.414729e+00 5.764416e-02 -3.000000e+00
      vertex   2.503913e+00 1.003913e+00 -3.000000e+00
      vertex   3.000000e+00 0.000000e+00 -3.000000e+00
    endloop
  endfacet
  facet normal 0.000000e+00 0.000000e+00 -1.000000e+00
    outer loop
      vertex   3.000000e+00 0.000000e+00 -3.000000e+00
      vertex   2.503913e+00 1.003913e+00 -3.000000e+00
      vertex   2.892142e+00 1.055024e+00 -3.000000e+00
    endloop
  endfacet
  facet normal 0.000000e+00 0.000000e+00 -1.000000e+00
    outer loop
      vertex   3.000000e+00 0.000000e+00 -3.000000e+00
      vertex   2.892142e+00 1.055024e+00 -3.000000e+00
      vertex   3.253913e+00 1.204875e+00 -3.000000e+00
    endloop
  endfacet
  facet normal 0.000000e+00 -0.000000e+00 -1.000000e+00
    outer loop
      vertex   3.253913e+00 1.204875e+00 -3.000000e+00
      vertex   3.564573e+00 1.443253e+00 -3.000000e+00
      vertex   3.000000e+00 0.000000e+00 -3.000000e+00
    endloop
  endfacet
  facet normal 0.000000e+00 0.000000e+00 -1.000000e+00
    outer loop
      vertex   3.000000e+00 0.000000e+00 -3.000000e+00
      vertex   3.564573e+00 1.443253e+00 -3.000000e+00
      vertex   3.802951e+00 1.753913e+00 -3.000000e+00
    endloop
  endfacet
  facet normal 0.000000e+00 0.000000e+00 -1.000000e+00
    outer loop
      vertex   3.000000e+00 0.000000e+00 -3.000000e+00
      vertex   3.802951e+00 1.753913e+00 -3.000000e+00
      vertex   7.700000e+01 0.000000e+00 -3.000000e+00
    endloop
  endfacet
  facet normal 0.000000e+00 0.000000e+00 -1.000000e+00
    outer loop
      vertex   7.700000e+01 0.000000e+00 -3.000000e+00
      vertex   3.802951e+00 1.753913e+00 -3.000000e+00
      vertex   7.619705e+01 1.753913e+00 -3.000000e+00
    endloop
  endfacet
  facet normal 0.000000e+00 0.000000e+00 -1.000000e+00
    outer loop
      vertex   7.700000e+01 0.000000e+00 -3.000000e+00
      vertex   7.619705e+01 1.753913e+00 -3.000000e+00
      vertex   7.643543e+01 1.443253e+00 -3.000000e+00
    endloop
  endfacet
  facet normal -0.000000e+00 0.000000e+00 -1.000000e+00
    outer loop
      vertex   7.619705e+01 1.753913e+00 -3.000000e+00
      vertex   3.802951e+00 1.753913e+00 -3.000000e+00
      vertex   7.604720e+01 2.115684e+00 -3.000000e+00
    endloop
  endfacet
  facet normal -0.000000e+00 0.000000e+00 -1.000000e+00
    outer loop
      vertex   7.604720e+01 2.115684e+00 -3.000000e+00
      vertex   3.802951e+00 1.753913e+00 -3.000000e+00
      vertex   3.952802e+00 2.115684e+00 -3.000000e+00
    endloop
  endfacet
  facet normal 0.000000e+00 0.000000e+00 -1.000000e+00
    outer loop
      vertex   7.604720e+01 2.115684e+00 -3.000000e+00
      vertex   3.952802e+00 2.115684e+00 -3.000000e+00
      vertex   7.599609e+01 2.503913e+00 -3.000000e+00
    endloop
  endfacet
  facet normal -0.000000e+00 0.000000e+00 -1.000000e+00
    outer loop
      vertex   7.599609e+01 2.503913e+00 -3.000000e+00
      vertex   3.952802e+00 2.115684e+00 -3.000000e+00
      vertex   4.003913e+00 2.503913e+00 -3.000000e+00
    endloop
  endfacet
  facet normal 0.000000e+00 0.000000e+00 -1.000000e+00
    outer loop
      vertex   7.643543e+01 1.443253e+00 -3.000000e+00
      vertex   7.674609e+01 1.204875e+00 -3.000000e+00
      vertex   7.700000e+01 0.000000e+00 -3.000000e+00
    endloop
  endfacet
  facet normal 0.000000e+00 0.000000e+00 -1.000000e+00
    outer loop
      vertex   7.700000e+01 0.000000e+00 -3.000000e+00
      vertex   7.674609e+01 1.204875e+00 -3.000000e+00
      vertex   7.710786e+01 1.055024e+00 -3.000000e+00
    endloop
  endfacet
  facet normal 0.000000e+00 0.000000e+00 -1.000000e+00
    outer loop
      vertex   7.700000e+01 0.000000e+00 -3.000000e+00
      vertex   7.710786e+01 1.055024e+00 -3.000000e+00
      vertex   7.749609e+01 1.003913e+00 -3.000000e+00
    endloop
  endfacet
  facet normal -0.000000e+00 0.000000e+00 -1.000000e+00
    outer loop
      vertex   7.758527e+01 5.764416e-02 -3.000000e+00
      vertex   7.700000e+01 0.000000e+00 -3.000000e+00
      vertex   7.749609e+01 1.003913e+00 -3.000000e+00
    endloop
  endfacet
  facet normal 0.000000e+00 0.000000e+00 -1.000000e+00
    outer loop
      vertex   -7.105427e-14 3.100000e+01 -3.000000e+00
      vertex   5.000000e+00 3.100000e+01 -3.000000e+00
      vertex   5.000000e+00 5.000000e+00 -3.000000e+00
    endloop
  endfacet
  facet normal 0.000000e+00 0.000000e+00 -1.000000e+00
    outer loop
      vertex   7.500000e+01 5.000000e+00 -3.000000e+00
      vertex   7.500000e+01 2.900000e+01 -3.000000e+00
      vertex   8.000000e+01 2.900000e+01 -3.000000e+00
    endloop
  endfacet
  facet normal 9.914449e-01 -1.305262e-01 0.000000e+00
    outer loop
      vertex   1.055024e+00 5.788432e+01 -3.000000e+00
      vertex   1.055024e+00 5.788432e+01 4.000000e+00
      vertex   1.003913e+00 5.749609e+01 -3.000000e+00
    endloop
  endfacet
  facet normal 9.914449e-01 -1.305262e-01 0.000000e+00
    outer loop
      vertex   1.003913e+00 5.749609e+01 -3.000000e+00
      vertex   1.055024e+00 5.788432e+01 4.000000e+00
      vertex   1.003913e+00 5.749609e+01 4.000000e+00
    endloop
  endfacet
  facet normal 9.914449e-01 1.305262e-01 -0.000000e+00
    outer loop
      vertex   1.003913e+00 5.749609e+01 -3.000000e+00
      vertex   1.003913e+00 5.749609e+01 4.000000e+00
      vertex   1.055024e+00 5.710786e+01 -3.000000e+00
    endloop
  endfacet
  facet normal 9.914449e-01 1.305262e-01 -0.000000e+00
    outer loop
      vertex   1.055024e+00 5.710786e+01 -3.000000e+00
      vertex   1.003913e+00 5.749609e+01 4.000000e+00
      vertex   1.055024e+00 5.710786e+01 4.000000e+00
    endloop
  endfacet
  facet normal 9.238795e-01 3.826834e-01 -0.000000e+00
    outer loop
      vertex   1.055024e+00 5.710786e+01 -3.000000e+00
      vertex   1.055024e+00 5.710786e+01 4.000000e+00
      vertex   1.204875e+00 5.674609e+01 -3.000000e+00
    endloop
  endfacet
  facet normal 9.238795e-01 3.826834e-01 -0.000000e+00
    outer loop
      vertex   1.204875e+00 5.674609e+01 -3.000000e+00
      vertex   1.055024e+00 5.710786e+01 4.000000e+00
      vertex   1.204875e+00 5.674609e+01 4.000000e+00
    endloop
  endfacet
  facet normal 7.933533e-01 6.087614e-01 -0.000000e+00
    outer loop
      vertex   1.204875e+00 5.674609e+01 -3.000000e+00
      vertex   1.204875e+00 5.674609e+01 4.000000e+00
      vertex   1.443253e+00 5.643543e+01 -3.000000e+00
    endloop
  endfacet
  facet normal 7.933533e-01 6.087614e-01 -0.000000e+00
    outer loop
      vertex   1.443253e+00 5.643543e+01 -3.000000e+00
      vertex   1.204875e+00 5.674609e+01 4.000000e+00
      vertex   1.443253e+00 5.643543e+01 4.000000e+00
    endloop
  endfacet
  facet normal 6.087614e-01 7.933533e-01 -0.000000e+00
    outer loop
      vertex   1.443253e+00 5.643543e+01 -3.000000e+00
      vertex   1.443253e+00 5.643543e+01 4.000000e+00
      vertex   1.753913e+00 5.619705e+01 -3.000000e+00
    endloop
  endfacet
  facet normal 6.087614e-01 7.933533e-01 -0.000000e+00
    outer loop
      vertex   1.753913e+00 5.619705e+01 -3.000000e+00
      vertex   1.443253e+00 5.643543e+01 4.000000e+00
      vertex   1.753913e+00 5.619705e+01 4.000000e+00
    endloop
  endfacet
  facet normal 3.826834e-01 9.238795e-01 -0.000000e+00
    outer loop
      vertex   1.753913e+00 5.619705e+01 -3.000000e+00
      vertex   1.753913e+00 5.619705e+01 4.000000e+00
      vertex   2.115685e+00 5.604720e+01 -3.000000e+00
    endloop
  endfacet
  facet normal 3.826834e-01 9.238795e-01 -0.000000e+00
    outer loop
      vertex   2.115685e+00 5.604720e+01 -3.000000e+00
      vertex   1.753913e+00 5.619705e+01 4.000000e+00
      vertex   2.115685e+00 5.604720e+01 4.000000e+00
    endloop
  endfacet
  facet normal 1.305262e-01 9.914449e-01 -0.000000e+00
    outer loop
      vertex   2.115685e+00 5.604720e+01 -3.000000e+00
      vertex   2.115685e+00 5.604720e+01 4.000000e+00
      vertex   2.503913e+00 5.599609e+01 -3.000000e+00
    endloop
  endfacet
  facet normal 1.305262e-01 9.914449e-01 -0.000000e+00
    outer loop
      vertex   2.503913e+00 5.599609e+01 -3.000000e+00
      vertex   2.115685e+00 5.604720e+01 4.000000e+00
      vertex   2.503913e+00 5.599609e+01 4.000000e+00
    endloop
  endfacet
  facet normal -1.305262e-01 9.914449e-01 0.000000e+00
    outer loop
      vertex   2.503913e+00 5.599609e+01 -3.000000e+00
      vertex   2.503913e+00 5.599609e+01 4.000000e+00
      vertex   2.892142e+00 5.604720e+01 -3.000000e+00
    endloop
  endfacet
  facet normal -1.305262e-01 9.914449e-01 0.000000e+00
    outer loop
      vertex   2.892142e+00 5.604720e+01 -3.000000e+00
      vertex   2.503913e+00 5.599609e+01 4.000000e+00
      vertex   2.892142e+00 5.604720e+01 4.000000e+00
    endloop
  endfacet
  facet normal -3.826834e-01 9.238795e-01 0.000000e+00
    outer loop
      vertex   2.892142e+00 5.604720e+01 -3.000000e+00
      vertex   2.892142e+00 5.604720e+01 4.000000e+00
      vertex   3.253913e+00 5.619705e+01 -3.000000e+00
    endloop
  endfacet
  facet normal -3.826834e-01 9.238795e-01 0.000000e+00
    outer loop
      vertex   3.253913e+00 5.619705e+01 -3.000000e+00
      vertex   2.892142e+00 5.604720e+01 4.000000e+00
      vertex   3.253913e+00 5.619705e+01 4.000000e+00
    endloop
  endfacet
  facet normal -6.087614e-01 7.933533e-01 0.000000e+00
    outer loop
      vertex   3.253913e+00 5.619705e+01 -3.000000e+00
      vertex   3.253913e+00 5.619705e+01 4.000000e+00
      vertex   3.564573e+00 5.643543e+01 -3.000000e+00
    endloop
  endfacet
  facet normal -6.087614e-01 7.933533e-01 0.000000e+00
    outer loop
      vertex   3.564573e+00 5.643543e+01 -3.000000e+00
      vertex   3.253913e+00 5.619705e+01 4.000000e+00
      vertex   3.564573e+00 5.643543e+01 4.000000e+00
    endloop
  endfacet
  facet normal -7.933533e-01 6.087614e-01 0.000000e+00
    outer loop
      vertex   3.564573e+00 5.643543e+01 -3.000000e+00
      vertex   3.564573e+00 5.643543e+01 4.000000e+00
      vertex   3.802951e+00 5.674609e+01 -3.000000e+00
    endloop
  endfacet
  facet normal -7.933533e-01 6.087614e-01 0.000000e+00
    outer loop
      vertex   3.802951e+00 5.674609e+01 -3.000000e+00
      vertex   3.564573e+00 5.643543e+01 4.000000e+00
      vertex   3.802951e+00 5.674609e+01 4.000000e+00
    endloop
  endfacet
  facet normal -9.238795e-01 3.826834e-01 0.000000e+00
    outer loop
      vertex   3.802951e+00 5.674609e+01 -3.000000e+00
      vertex   3.802951e+00 5.674609e+01 4.000000e+00
      vertex   3.952802e+00 5.710786e+01 -3.000000e+00
    endloop
  endfacet
  facet normal -9.238795e-01 3.826834e-01 0.000000e+00
    outer loop
      vertex   3.952802e+00 5.710786e+01 -3.000000e+00
      vertex   3.802951e+00 5.674609e+01 4.000000e+00
      vertex   3.952802e+00 5.710786e+01 4.000000e+00
    endloop
  endfacet
  facet normal -9.914449e-01 1.305262e-01 0.000000e+00
    outer loop
      vertex   3.952802e+00 5.710786e+01 -3.000000e+00
      vertex   3.952802e+00 5.710786e+01 4.000000e+00
      vertex   4.003913e+00 5.749609e+01 -3.000000e+00
    endloop
  endfacet
  facet normal -9.914449e-01 1.305262e-01 0.000000e+00
    outer loop
      vertex   4.003913e+00 5.749609e+01 -3.000000e+00
      vertex   3.952802e+00 5.710786e+01 4.000000e+00
      vertex   4.003913e+00 5.749609e+01 4.000000e+00
    endloop
  endfacet
  facet normal -9.914449e-01 -1.305262e-01 0.000000e+00
    outer loop
      vertex   4.003913e+00 5.749609e+01 -3.000000e+00
      vertex   4.003913e+00 5.749609e+01 4.000000e+00
      vertex   3.952802e+00 5.788432e+01 -3.000000e+00
    endloop
  endfacet
  facet normal -9.914449e-01 -1.305262e-01 0.000000e+00
    outer loop
      vertex   3.952802e+00 5.788432e+01 -3.000000e+00
      vertex   4.003913e+00 5.749609e+01 4.000000e+00
      vertex   3.952802e+00 5.788432e+01 4.000000e+00
    endloop
  endfacet
  facet normal -9.238795e-01 -3.826834e-01 0.000000e+00
    outer loop
      vertex   3.952802e+00 5.788432e+01 -3.000000e+00
      vertex   3.952802e+00 5.788432e+01 4.000000e+00
      vertex   3.802951e+00 5.824609e+01 -3.000000e+00
    endloop
  endfacet
  facet normal -9.238795e-01 -3.826834e-01 0.000000e+00
    outer loop
      vertex   3.802951e+00 5.824609e+01 -3.000000e+00
      vertex   3.952802e+00 5.788432e+01 4.000000e+00
      vertex   3.802951e+00 5.824609e+01 4.000000e+00
    endloop
  endfacet
  facet normal -7.933533e-01 -6.087614e-01 0.000000e+00
    outer loop
      vertex   3.802951e+00 5.824609e+01 -3.000000e+00
      vertex   3.802951e+00 5.824609e+01 4.000000e+00
      vertex   3.564573e+00 5.855675e+01 -3.000000e+00
    endloop
  endfacet
  facet normal -7.933533e-01 -6.087614e-01 0.000000e+00
    outer loop
      vertex   3.564573e+00 5.855675e+01 -3.000000e+00
      vertex   3.802951e+00 5.824609e+01 4.000000e+00
      vertex   3.564573e+00 5.855675e+01 4.000000e+00
    endloop
  endfacet
  facet normal -6.087614e-01 -7.933533e-01 0.000000e+00
    outer loop
      vertex   3.564573e+00 5.855675e+01 -3.000000e+00
      vertex   3.564573e+00 5.855675e+01 4.000000e+00
      vertex   3.253913e+00 5.879513e+01 -3.000000e+00
    endloop
  endfacet
  facet normal -6.087614e-01 -7.933533e-01 0.000000e+00
    outer loop
      vertex   3.253913e+00 5.879513e+01 -3.000000e+00
      vertex   3.564573e+00 5.855675e+01 4.000000e+00
      vertex   3.253913e+00 5.879513e+01 4.000000e+00
    endloop
  endfacet
  facet normal -3.826834e-01 -9.238795e-01 0.000000e+00
    outer loop
      vertex   3.253913e+00 5.879513e+01 -3.000000e+00
      vertex   3.253913e+00 5.879513e+01 4.000000e+00
      vertex   2.892142e+00 5.894498e+01 -3.000000e+00
    endloop
  endfacet
  facet normal -3.826834e-01 -9.238795e-01 0.000000e+00
    outer loop
      vertex   2.892142e+00 5.894498e+01 -3.000000e+00
      vertex   3.253913e+00 5.879513e+01 4.000000e+00
      vertex   2.892142e+00 5.894498e+01 4.000000e+00
    endloop
  endfacet
  facet normal -1.305262e-01 -9.914449e-01 0.000000e+00
    outer loop
      vertex   2.892142e+00 5.894498e+01 -3.000000e+00
      vertex   2.892142e+00 5.894498e+01 4.000000e+00
      vertex   2.503913e+00 5.899609e+01 -3.000000e+00
    endloop
  endfacet
  facet normal -1.305262e-01 -9.914449e-01 0.000000e+00
    outer loop
      vertex   2.503913e+00 5.899609e+01 -3.000000e+00
      vertex   2.892142e+00 5.894498e+01 4.000000e+00
      vertex   2.503913e+00 5.899609e+01 4.000000e+00
    endloop
  endfacet
  facet normal 1.305262e-01 -9.914449e-01 0.000000e+00
    outer loop
      vertex   2.503913e+00 5.899609e+01 -3.000000e+00
      vertex   2.503913e+00 5.899609e+01 4.000000e+00
      vertex   2.115685e+00 5.894498e+01 -3.000000e+00
    endloop
  endfacet
  facet normal 1.305262e-01 -9.914449e-01 0.000000e+00
    outer loop
      vertex   2.115685e+00 5.894498e+01 -3.000000e+00
      vertex   2.503913e+00 5.899609e+01 4.000000e+00
      vertex   2.115685e+00 5.894498e+01 4.000000e+00
    endloop
  endfacet
  facet normal 3.826834e-01 -9.238795e-01 0.000000e+00
    outer loop
      vertex   2.115685e+00 5.894498e+01 -3.000000e+00
      vertex   2.115685e+00 5.894498e+01 4.000000e+00
      vertex   1.753913e+00 5.879513e+01 -3.000000e+00
    endloop
  endfacet
  facet normal 3.826834e-01 -9.238795e-01 0.000000e+00
    outer loop
      vertex   1.753913e+00 5.879513e+01 -3.000000e+00
      vertex   2.115685e+00 5.894498e+01 4.000000e+00
      vertex   1.753913e+00 5.879513e+01 4.000000e+00
    endloop
  endfacet
  facet normal 6.087614e-01 -7.933533e-01 0.000000e+00
    outer loop
      vertex   1.753913e+00 5.879513e+01 -3.000000e+00
      vertex   1.753913e+00 5.879513e+01 4.000000e+00
      vertex   1.443253e+00 5.855675e+01 -3.000000e+00
    endloop
  endfacet
  facet normal 6.087614e-01 -7.933533e-01 0.000000e+00
    outer loop
      vertex   1.443253e+00 5.855675e+01 -3.000000e+00
      vertex   1.753913e+00 5.879513e+01 4.000000e+00
      vertex   1.443253e+00 5.855675e+01 4.000000e+00
    endloop
  endfacet
  facet normal 7.933533e-01 -6.087614e-01 0.000000e+00
    outer loop
      vertex   1.443253e+00 5.855675e+01 -3.000000e+00
      vertex   1.443253e+00 5.855675e+01 4.000000e+00
      vertex   1.204875e+00 5.824609e+01 -3.000000e+00
    endloop
  endfacet
  facet normal 7.933533e-01 -6.087614e-01 0.000000e+00
    outer loop
      vertex   1.204875e+00 5.824609e+01 -3.000000e+00
      vertex   1.443253e+00 5.855675e+01 4.000000e+00
      vertex   1.204875e+00 5.824609e+01 4.000000e+00
    endloop
  endfacet
  facet normal 9.238795e-01 -3.826834e-01 0.000000e+00
    outer loop
      vertex   1.204875e+00 5.824609e+01 -3.000000e+00
      vertex   1.204875e+00 5.824609e+01 4.000000e+00
      vertex   1.055024e+00 5.788432e+01 -3.000000e+00
    endloop
  endfacet
  facet normal 9.238795e-01 -3.826834e-01 0.000000e+00
    outer loop
      vertex   1.055024e+00 5.788432e+01 -3.000000e+00
      vertex   1.204875e+00 5.824609e+01 4.000000e+00
      vertex   1.055024e+00 5.788432e+01 4.000000e+00
    endloop
  endfacet
  facet normal 0.000000e+00 -0.000000e+00 -1.000000e+00
    outer loop
      vertex   1.055024e+00 5.788432e+01 4.000000e+00
      vertex   3.952802e+00 5.788432e+01 4.000000e+00
      vertex   1.003913e+00 5.749609e+01 4.000000e+00
    endloop
  endfacet
  facet normal 0.000000e+00 0.000000e+00 -1.000000e+00
    outer loop
      vertex   1.003913e+00 5.749609e+01 4.000000e+00
      vertex   3.952802e+00 5.788432e+01 4.000000e+00
      vertex   4.003913e+00 5.749609e+01 4.000000e+00
    endloop
  endfacet
  facet normal 0.000000e+00 0.000000e+00 -1.000000e+00
    outer loop
      vertex   1.003913e+00 5.749609e+01 4.000000e+00
      vertex   4.003913e+00 5.749609e+01 4.000000e+00
      vertex   1.055024e+00 5.710786e+01 4.000000e+00
    endloop
  endfacet
  facet normal 0.000000e+00 0.000000e+00 -1.000000e+00
    outer loop
      vertex   1.055024e+00 5.710786e+01 4.000000e+00
      vertex   4.003913e+00 5.749609e+01 4.000000e+00
      vertex   3.952802e+00 5.710786e+01 4.000000e+00
    endloop
  endfacet
  facet normal 0.000000e+00 0.000000e+00 -1.000000e+00
    outer loop
      vertex   1.055024e+00 5.710786e+01 4.000000e+00
      vertex   3.952802e+00 5.710786e+01 4.000000e+00
      vertex   1.204875e+00 5.674609e+01 4.000000e+00
    endloop
  endfacet
  facet normal 0.000000e+00 0.000000e+00 -1.000000e+00
    outer loop
      vertex   1.204875e+00 5.674609e+01 4.000000e+00
      vertex   3.952802e+00 5.710786e+01 4.000000e+00
      vertex   3.802951e+00 5.674609e+01 4.000000e+00
    endloop
  endfacet
  facet normal 0.000000e+00 0.000000e+00 -1.000000e+00
    outer loop
      vertex   1.204875e+00 5.674609e+01 4.000000e+00
      vertex   3.802951e+00 5.674609e+01 4.000000e+00
      vertex   1.443253e+00 5.643543e+01 4.000000e+00
    endloop
  endfacet
  facet normal 0.000000e+00 0.000000e+00 -1.000000e+00
    outer loop
      vertex   1.443253e+00 5.643543e+01 4.000000e+00
      vertex   3.802951e+00 5.674609e+01 4.000000e+00
      vertex   3.564573e+00 5.643543e+01 4.000000e+00
    endloop
  endfacet
  facet normal 0.000000e+00 0.000000e+00 -1.000000e+00
    outer loop
      vertex   1.443253e+00 5.643543e+01 4.000000e+00
      vertex   3.564573e+00 5.643543e+01 4.000000e+00
      vertex   1.753913e+00 5.619705e+01 4.000000e+00
    endloop
  endfacet
  facet normal 0.000000e+00 0.000000e+00 -1.000000e+00
    outer loop
      vertex   1.753913e+00 5.619705e+01 4.000000e+00
      vertex   3.564573e+00 5.643543e+01 4.000000e+00
      vertex   3.253913e+00 5.619705e+01 4.000000e+00
    endloop
  endfacet
  facet normal 0.000000e+00 0.000000e+00 -1.000000e+00
    outer loop
      vertex   1.753913e+00 5.619705e+01 4.000000e+00
      vertex   3.253913e+00 5.619705e+01 4.000000e+00
      vertex   2.115685e+00 5.604720e+01 4.000000e+00
    endloop
  endfacet
  facet normal 0.000000e+00 0.000000e+00 -1.000000e+00
    outer loop
      vertex   2.115685e+00 5.604720e+01 4.000000e+00
      vertex   3.253913e+00 5.619705e+01 4.000000e+00
      vertex   2.892142e+00 5.604720e+01 4.000000e+00
    endloop
  endfacet
  facet normal 0.000000e+00 0.000000e+00 -1.000000e+00
    outer loop
      vertex   2.115685e+00 5.604720e+01 4.000000e+00
      vertex   2.892142e+00 5.604720e+01 4.000000e+00
      vertex   2.503913e+00 5.599609e+01 4.000000e+00
    endloop
  endfacet
  facet normal 0.000000e+00 0.000000e+00 -1.000000e+00
    outer loop
      vertex   3.952802e+00 5.788432e+01 4.000000e+00
      vertex   1.055024e+00 5.788432e+01 4.000000e+00
      vertex   3.802951e+00 5.824609e+01 4.000000e+00
    endloop
  endfacet
  facet normal -0.000000e+00 0.000000e+00 -1.000000e+00
    outer loop
      vertex   3.802951e+00 5.824609e+01 4.000000e+00
      vertex   1.055024e+00 5.788432e+01 4.000000e+00
      vertex   1.204875e+00 5.824609e+01 4.000000e+00
    endloop
  endfacet
  facet normal 0.000000e+00 0.000000e+00 -1.000000e+00
    outer loop
      vertex   3.802951e+00 5.824609e+01 4.000000e+00
      vertex   1.204875e+00 5.824609e+01 4.000000e+00
      vertex   3.564573e+00 5.855675e+01 4.000000e+00
    endloop
  endfacet
  facet normal -0.000000e+00 0.000000e+00 -1.000000e+00
    outer loop
      vertex   3.564573e+00 5.855675e+01 4.000000e+00
      vertex   1.204875e+00 5.824609e+01 4.000000e+00
      vertex   1.443253e+00 5.855675e+01 4.000000e+00
    endloop
  endfacet
  facet normal 0.000000e+00 0.000000e+00 -1.000000e+00
    outer loop
      vertex   3.564573e+00 5.855675e+01 4.000000e+00
      vertex   1.443253e+00 5.855675e+01 4.000000e+00
      vertex   3.253913e+00 5.879513e+01 4.000000e+00
    endloop
  endfacet
  facet normal -0.000000e+00 0.000000e+00 -1.000000e+00
    outer loop
      vertex   3.253913e+00 5.879513e+01 4.000000e+00
      vertex   1.443253e+00 5.855675e+01 4.000000e+00
      vertex   1.753913e+00 5.879513e+01 4.000000e+00
    endloop
  endfacet
  facet normal 0.000000e+00 0.000000e+00 -1.000000e+00
    outer loop
      vertex   3.253913e+00 5.879513e+01 4.000000e+00
      vertex   1.753913e+00 5.879513e+01 4.000000e+00
      vertex   2.892142e+00 5.894498e+01 4.000000e+00
    endloop
  endfacet
  facet normal -0.000000e+00 0.000000e+00 -1.000000e+00
    outer loop
      vertex   2.892142e+00 5.894498e+01 4.000000e+00
      vertex   1.753913e+00 5.879513e+01 4.000000e+00
      vertex   2.115685e+00 5.894498e+01 4.000000e+00
    endloop
  endfacet
  facet normal 0.000000e+00 0.000000e+00 -1.000000e+00
    outer loop
      vertex   2.892142e+00 5.894498e+01 4.000000e+00
      vertex   2.115685e+00 5.894498e+01 4.000000e+00
      vertex   2.503913e+00 5.899609e+01 4.000000e+00
    endloop
  endfacet
  facet normal 9.914449e-01 -1.305262e-01 0.000000e+00
    outer loop
      vertex   7.604720e+01 5.788432e+01 -3.000000e+00
      vertex   7.604720e+01 5.788432e+01 4.000000e+00
      vertex   7.599609e+01 5.749609e+01 -3.000000e+00
    endloop
  endfacet
  facet normal 9.914449e-01 -1.305262e-01 0.000000e+00
    outer loop
      vertex   7.599609e+01 5.749609e+01 -3.000000e+00
      vertex   7.604720e+01 5.788432e+01 4.000000e+00
      vertex   7.599609e+01 5.749609e+01 4.000000e+00
    endloop
  endfacet
  facet normal 9.914449e-01 1.305262e-01 -0.000000e+00
    outer loop
      vertex   7.599609e+01 5.749609e+01 -3.000000e+00
      vertex   7.599609e+01 5.749609e+01 4.000000e+00
      vertex   7.604720e+01 5.710786e+01 -3.000000e+00
    endloop
  endfacet
  facet normal 9.914449e-01 1.305262e-01 -0.000000e+00
    outer loop
      vertex   7.604720e+01 5.710786e+01 -3.000000e+00
      vertex   7.599609e+01 5.749609e+01 4.000000e+00
      vertex   7.604720e+01 5.710786e+01 4.000000e+00
    endloop
  endfacet
  facet normal 9.238795e-01 3.826834e-01 -0.000000e+00
    outer loop
      vertex   7.604720e+01 5.710786e+01 -3.000000e+00
      vertex   7.604720e+01 5.710786e+01 4.000000e+00
      vertex   7.619705e+01 5.674609e+01 -3.000000e+00
    endloop
  endfacet
  facet normal 9.238795e-01 3.826834e-01 -0.000000e+00
    outer loop
      vertex   7.619705e+01 5.674609e+01 -3.000000e+00
      vertex   7.604720e+01 5.710786e+01 4.000000e+00
      vertex   7.619705e+01 5.674609e+01 4.000000e+00
    endloop
  endfacet
  facet normal 7.933533e-01 6.087614e-01 -0.000000e+00
    outer loop
      vertex   7.619705e+01 5.674609e+01 -3.000000e+00
      vertex   7.619705e+01 5.674609e+01 4.000000e+00
      vertex   7.643543e+01 5.643543e+01 -3.000000e+00
    endloop
  endfacet
  facet normal 7.933533e-01 6.087614e-01 -0.000000e+00
    outer loop
      vertex   7.643543e+01 5.643543e+01 -3.000000e+00
      vertex   7.619705e+01 5.674609e+01 4.000000e+00
      vertex   7.643543e+01 5.643543e+01 4.000000e+00
    endloop
  endfacet
  facet normal 6.087614e-01 7.933533e-01 -0.000000e+00
    outer loop
      vertex   7.643543e+01 5.643543e+01 -3.000000e+00
      vertex   7.643543e+01 5.643543e+01 4.000000e+00
      vertex   7.674609e+01 5.619705e+01 -3.000000e+00
    endloop
  endfacet
  facet normal 6.087614e-01 7.933533e-01 -0.000000e+00
    outer loop
      vertex   7.674609e+01 5.619705e+01 -3.000000e+00
      vertex   7.643543e+01 5.643543e+01 4.000000e+00
      vertex   7.674609e+01 5.619705e+01 4.000000e+00
    endloop
  endfacet
  facet normal 3.826834e-01 9.238795e-01 -0.000000e+00
    outer loop
      vertex   7.674609e+01 5.619705e+01 -3.000000e+00
      vertex   7.674609e+01 5.619705e+01 4.000000e+00
      vertex   7.710786e+01 5.604720e+01 -3.000000e+00
    endloop
  endfacet
  facet normal 3.826834e-01 9.238795e-01 -0.000000e+00
    outer loop
      vertex   7.710786e+01 5.604720e+01 -3.000000e+00
      vertex   7.674609e+01 5.619705e+01 4.000000e+00
      vertex   7.710786e+01 5.604720e+01 4.000000e+00
    endloop
  endfacet
  facet normal 1.305262e-01 9.914449e-01 -0.000000e+00
    outer loop
      vertex   7.710786e+01 5.604720e+01 -3.000000e+00
      vertex   7.710786e+01 5.604720e+01 4.000000e+00
      vertex   7.749609e+01 5.599609e+01 -3.000000e+00
    endloop
  endfacet
  facet normal 1.305262e-01 9.914449e-01 -0.000000e+00
    outer loop
      vertex   7.749609e+01 5.599609e+01 -3.000000e+00
      vertex   7.710786e+01 5.604720e+01 4.000000e+00
      vertex   7.749609e+01 5.599609e+01 4.000000e+00
    endloop
  endfacet
  facet normal -1.305262e-01 9.914449e-01 0.000000e+00
    outer loop
      vertex   7.749609e+01 5.599609e+01 -3.000000e+00
      vertex   7.749609e+01 5.599609e+01 4.000000e+00
      vertex   7.788432e+01 5.604720e+01 -3.000000e+00
    endloop
  endfacet
  facet normal -1.305262e-01 9.914449e-01 0.000000e+00
    outer loop
      vertex   7.788432e+01 5.604720e+01 -3.000000e+00
      vertex   7.749609e+01 5.599609e+01 4.000000e+00
      vertex   7.788432e+01 5.604720e+01 4.000000e+00
    endloop
  endfacet
  facet normal -3.826834e-01 9.238795e-01 0.000000e+00
    outer loop
      vertex   7.788432e+01 5.604720e+01 -3.000000e+00
      vertex   7.788432e+01 5.604720e+01 4.000000e+00
      vertex   7.824609e+01 5.619705e+01 -3.000000e+00
    endloop
  endfacet
  facet normal -3.826834e-01 9.238795e-01 0.000000e+00
    outer loop
      vertex   7.824609e+01 5.619705e+01 -3.000000e+00
      vertex   7.788432e+01 5.604720e+01 4.000000e+00
      vertex   7.824609e+01 5.619705e+01 4.000000e+00
    endloop
  endfacet
  facet normal -6.087614e-01 7.933533e-01 0.000000e+00
    outer loop
      vertex   7.824609e+01 5.619705e+01 -3.000000e+00
      vertex   7.824609e+01 5.619705e+01 4.000000e+00
      vertex   7.855675e+01 5.643543e+01 -3.000000e+00
    endloop
  endfacet
  facet normal -6.087614e-01 7.933533e-01 0.000000e+00
    outer loop
      vertex   7.855675e+01 5.643543e+01 -3.000000e+00
      vertex   7.824609e+01 5.619705e+01 4.000000e+00
      vertex   7.855675e+01 5.643543e+01 4.000000e+00
    endloop
  endfacet
  facet normal -7.933533e-01 6.087614e-01 0.000000e+00
    outer loop
      vertex   7.855675e+01 5.643543e+01 -3.000000e+00
      vertex   7.855675e+01 5.643543e+01 4.000000e+00
      vertex   7.879513e+01 5.674609e+01 -3.000000e+00
    endloop
  endfacet
  facet normal -7.933533e-01 6.087614e-01 0.000000e+00
    outer loop
      vertex   7.879513e+01 5.674609e+01 -3.000000e+00
      vertex   7.855675e+01 5.643543e+01 4.000000e+00
      vertex   7.879513e+01 5.674609e+01 4.000000e+00
    endloop
  endfacet
  facet normal -9.238795e-01 3.826834e-01 0.000000e+00
    outer loop
      vertex   7.879513e+01 5.674609e+01 -3.000000e+00
      vertex   7.879513e+01 5.674609e+01 4.000000e+00
      vertex   7.894498e+01 5.710786e+01 -3.000000e+00
    endloop
  endfacet
  facet normal -9.238795e-01 3.826834e-01 0.000000e+00
    outer loop
      vertex   7.894498e+01 5.710786e+01 -3.000000e+00
      vertex   7.879513e+01 5.674609e+01 4.000000e+00
      vertex   7.894498e+01 5.710786e+01 4.000000e+00
    endloop
  endfacet
  facet normal -9.914449e-01 1.305262e-01 0.000000e+00
    outer loop
      vertex   7.894498e+01 5.710786e+01 -3.000000e+00
      vertex   7.894498e+01 5.710786e+01 4.000000e+00
      vertex   7.899609e+01 5.749609e+01 -3.000000e+00
    endloop
  endfacet
  facet normal -9.914449e-01 1.305262e-01 0.000000e+00
    outer loop
      vertex   7.899609e+01 5.749609e+01 -3.000000e+00
      vertex   7.894498e+01 5.710786e+01 4.000000e+00
      vertex   7.899609e+01 5.749609e+01 4.000000e+00
    endloop
  endfacet
  facet normal -9.914449e-01 -1.305262e-01 0.000000e+00
    outer loop
      vertex   7.899609e+01 5.749609e+01 -3.000000e+00
      vertex   7.899609e+01 5.749609e+01 4.000000e+00
      vertex   7.894498e+01 5.788432e+01 -3.000000e+00
    endloop
  endfacet
  facet normal -9.914449e-01 -1.305262e-01 0.000000e+00
    outer loop
      vertex   7.894498e+01 5.788432e+01 -3.000000e+00
      vertex   7.899609e+01 5.749609e+01 4.000000e+00
      vertex   7.894498e+01 5.788432e+01 4.000000e+00
    endloop
  endfacet
  facet normal -9.238795e-01 -3.826834e-01 0.000000e+00
    outer loop
      vertex   7.894498e+01 5.788432e+01 -3.000000e+00
      vertex   7.894498e+01 5.788432e+01 4.000000e+00
      vertex   7.879513e+01 5.824609e+01 -3.000000e+00
    endloop
  endfacet
  facet normal -9.238795e-01 -3.826834e-01 0.000000e+00
    outer loop
      vertex   7.879513e+01 5.824609e+01 -3.000000e+00
      vertex   7.894498e+01 5.788432e+01 4.000000e+00
      vertex   7.879513e+01 5.824609e+01 4.000000e+00
    endloop
  endfacet
  facet normal -7.933533e-01 -6.087614e-01 0.000000e+00
    outer loop
      vertex   7.879513e+01 5.824609e+01 -3.000000e+00
      vertex   7.879513e+01 5.824609e+01 4.000000e+00
      vertex   7.855675e+01 5.855675e+01 -3.000000e+00
    endloop
  endfacet
  facet normal -7.933533e-01 -6.087614e-01 0.000000e+00
    outer loop
      vertex   7.855675e+01 5.855675e+01 -3.000000e+00
      vertex   7.879513e+01 5.824609e+01 4.000000e+00
      vertex   7.855675e+01 5.855675e+01 4.000000e+00
    endloop
  endfacet
  facet normal -6.087614e-01 -7.933533e-01 0.000000e+00
    outer loop
      vertex   7.855675e+01 5.855675e+01 -3.000000e+00
      vertex   7.855675e+01 5.855675e+01 4.000000e+00
      vertex   7.824609e+01 5.879513e+01 -3.000000e+00
    endloop
  endfacet
  facet normal -6.087614e-01 -7.933533e-01 0.000000e+00
    outer loop
      vertex   7.824609e+01 5.879513e+01 -3.000000e+00
      vertex   7.855675e+01 5.855675e+01 4.000000e+00
      vertex   7.824609e+01 5.879513e+01 4.000000e+00
    endloop
  endfacet
  facet normal -3.826834e-01 -9.238795e-01 0.000000e+00
    outer loop
      vertex   7.824609e+01 5.879513e+01 -3.000000e+00
      vertex   7.824609e+01 5.879513e+01 4.000000e+00
      vertex   7.788432e+01 5.894498e+01 -3.000000e+00
    endloop
  endfacet
  facet normal -3.826834e-01 -9.238795e-01 0.000000e+00
    outer loop
      vertex   7.788432e+01 5.894498e+01 -3.000000e+00
      vertex   7.824609e+01 5.879513e+01 4.000000e+00
      vertex   7.788432e+01 5.894498e+01 4.000000e+00
    endloop
  endfacet
  facet normal -1.305262e-01 -9.914449e-01 0.000000e+00
    outer loop
      vertex   7.788432e+01 5.894498e+01 -3.000000e+00
      vertex   7.788432e+01 5.894498e+01 4.000000e+00
      vertex   7.749609e+01 5.899609e+01 -3.000000e+00
    endloop
  endfacet
  facet normal -1.305262e-01 -9.914449e-01 0.000000e+00
    outer loop
      vertex   7.749609e+01 5.899609e+01 -3.000000e+00
      vertex   7.788432e+01 5.894498e+01 4.000000e+00
      vertex   7.749609e+01 5.899609e+01 4.000000e+00
    endloop
  endfacet
  facet normal 1.305262e-01 -9.914449e-01 0.000000e+00
    outer loop
      vertex   7.749609e+01 5.899609e+01 -3.000000e+00
      vertex   7.749609e+01 5.899609e+01 4.000000e+00
      vertex   7.710786e+01 5.894498e+01 -3.000000e+00
    endloop
  endfacet
  facet normal 1.305262e-01 -9.914449e-01 0.000000e+00
    outer loop
      vertex   7.710786e+01 5.894498e+01 -3.000000e+00
      vertex   7.749609e+01 5.899609e+01 4.000000e+00
      vertex   7.710786e+01 5.894498e+01 4.000000e+00
    endloop
  endfacet
  facet normal 3.826834e-01 -9.238795e-01 0.000000e+00
    outer loop
      vertex   7.710786e+01 5.894498e+01 -3.000000e+00
      vertex   7.710786e+01 5.894498e+01 4.000000e+00
      vertex   7.674609e+01 5.879513e+01 -3.000000e+00
    endloop
  endfacet
  facet normal 3.826834e-01 -9.238795e-01 0.000000e+00
    outer loop
      vertex   7.674609e+01 5.879513e+01 -3.000000e+00
      vertex   7.710786e+01 5.894498e+01 4.000000e+00
      vertex   7.674609e+01 5.879513e+01 4.000000e+00
    endloop
  endfacet
  facet normal 6.087614e-01 -7.933533e-01 0.000000e+00
    outer loop
      vertex   7.674609e+01 5.879513e+01 -3.000000e+00
      vertex   7.674609e+01 5.879513e+01 4.000000e+00
      vertex   7.643543e+01 5.855675e+01 -3.000000e+00
    endloop
  endfacet
  facet normal 6.087614e-01 -7.933533e-01 0.000000e+00
    outer loop
      vertex   7.643543e+01 5.855675e+01 -3.000000e+00
      vertex   7.674609e+01 5.879513e+01 4.000000e+00
      vertex   7.643543e+01 5.855675e+01 4.000000e+00
    endloop
  endfacet
  facet normal 7.933533e-01 -6.087614e-01 0.000000e+00
    outer loop
      vertex   7.643543e+01 5.855675e+01 -3.000000e+00
      vertex   7.643543e+01 5.855675e+01 4.000000e+00
      vertex   7.619705e+01 5.824609e+01 -3.000000e+00
    endloop
  endfacet
  facet normal 7.933533e-01 -6.087614e-01 0.000000e+00
    outer loop
      vertex   7.619705e+01 5.824609e+01 -3.000000e+00
      vertex   7.643543e+01 5.855675e+01 4.000000e+00
      vertex   7.619705e+01 5.824609e+01 4.000000e+00
    endloop
  endfacet
  facet normal 9.238795e-01 -3.826834e-01 0.000000e+00
    outer loop
      vertex   7.619705e+01 5.824609e+01 -3.000000e+00
      vertex   7.619705e+01 5.824609e+01 4.000000e+00
      vertex   7.604720e+01 5.788432e+01 -3.000000e+00
    endloop
  endfacet
  facet normal 9.238795e-01 -3.826834e-01 0.000000e+00
    outer loop
      vertex   7.604720e+01 5.788432e+01 -3.000000e+00
      vertex   7.619705e+01 5.824609e+01 4.000000e+00
      vertex   7.604720e+01 5.788432e+01 4.000000e+00
    endloop
  endfacet
  facet normal 0.000000e+00 -0.000000e+00 -1.000000e+00
    outer loop
      vertex   7.604720e+01 5.788432e+01 4.000000e+00
      vertex   7.894498e+01 5.788432e+01 4.000000e+00
      vertex   7.599609e+01 5.749609e+01 4.000000e+00
    endloop
  endfacet
  facet normal 0.000000e+00 0.000000e+00 -1.000000e+00
    outer loop
      vertex   7.599609e+01 5.749609e+01 4.000000e+00
      vertex   7.894498e+01 5.788432e+01 4.000000e+00
      vertex   7.899609e+01 5.749609e+01 4.000000e+00
    endloop
  endfacet
  facet normal 0.000000e+00 0.000000e+00 -1.000000e+00
    outer loop
      vertex   7.599609e+01 5.749609e+01 4.000000e+00
      vertex   7.899609e+01 5.749609e+01 4.000000e+00
      vertex   7.604720e+01 5.710786e+01 4.000000e+00
    endloop
  endfacet
  facet normal 0.000000e+00 0.000000e+00 -1.000000e+00
    outer loop
      vertex   7.604720e+01 5.710786e+01 4.000000e+00
      vertex   7.899609e+01 5.749609e+01 4.000000e+00
      vertex   7.894498e+01 5.710786e+01 4.000000e+00
    endloop
  endfacet
  facet normal 0.000000e+00 0.000000e+00 -1.000000e+00
    outer loop
      vertex   7.604720e+01 5.710786e+01 4.000000e+00
      vertex   7.894498e+01 5.710786e+01 4.000000e+00
      vertex   7.619705e+01 5.674609e+01 4.000000e+00
    endloop
  endfacet
  facet normal 0.000000e+00 0.000000e+00 -1.000000e+00
    outer loop
      vertex   7.619705e+01 5.674609e+01 4.000000e+00
      vertex   7.894498e+01 5.710786e+01 4.000000e+00
      vertex   7.879513e+01 5.674609e+01 4.000000e+00
    endloop
  endfacet
  facet normal 0.000000e+00 0.000000e+00 -1.000000e+00
    outer loop
      vertex   7.619705e+01 5.674609e+01 4.000000e+00
      vertex   7.879513e+01 5.674609e+01 4.000000e+00
      vertex   7.643543e+01 5.643543e+01 4.000000e+00
    endloop
  endfacet
  facet normal 0.000000e+00 0.000000e+00 -1.000000e+00
    outer loop
      vertex   7.643543e+01 5.643543e+01 4.000000e+00
      vertex   7.879513e+01 5.674609e+01 4.000000e+00
      vertex   7.855675e+01 5.643543e+01 4.000000e+00
    endloop
  endfacet
  facet normal 0.000000e+00 0.000000e+00 -1.000000e+00
    outer loop
      vertex   7.643543e+01 5.643543e+01 4.000000e+00
      vertex   7.855675e+01 5.643543e+01 4.000000e+00
      vertex   7.674609e+01 5.619705e+01 4.000000e+00
    endloop
  endfacet
  facet normal 0.000000e+00 0.000000e+00 -1.000000e+00
    outer loop
      vertex   7.674609e+01 5.619705e+01 4.000000e+00
      vertex   7.855675e+01 5.643543e+01 4.000000e+00
      vertex   7.824609e+01 5.619705e+01 4.000000e+00
    endloop
  endfacet
  facet normal 0.000000e+00 0.000000e+00 -1.000000e+00
    outer loop
      vertex   7.674609e+01 5.619705e+01 4.000000e+00
      vertex   7.824609e+01 5.619705e+01 4.000000e+00
      vertex   7.710786e+01 5.604720e+01 4.000000e+00
    endloop
  endfacet
  facet normal 0.000000e+00 0.000000e+00 -1.000000e+00
    outer loop
      vertex   7.710786e+01 5.604720e+01 4.000000e+00
      vertex   7.824609e+01 5.619705e+01 4.000000e+00
      vertex   7.788432e+01 5.604720e+01 4.000000e+00
    endloop
  endfacet
  facet normal 0.000000e+00 0.000000e+00 -1.000000e+00
    outer loop
      vertex   7.710786e+01 5.604720e+01 4.000000e+00
      vertex   7.788432e+01 5.604720e+01 4.000000e+00
      vertex   7.749609e+01 5.599609e+01 4.000000e+00
    endloop
  endfacet
  facet normal 0.000000e+00 0.000000e+00 -1.000000e+00
    outer loop
      vertex   7.894498e+01 5.788432e+01 4.000000e+00
      vertex   7.604720e+01 5.788432e+01 4.000000e+00
      vertex   7.879513e+01 5.824609e+01 4.000000e+00
    endloop
  endfacet
  facet normal -0.000000e+00 0.000000e+00 -1.000000e+00
    outer loop
      vertex   7.879513e+01 5.824609e+01 4.000000e+00
      vertex   7.604720e+01 5.788432e+01 4.000000e+00
      vertex   7.619705e+01 5.824609e+01 4.000000e+00
    endloop
  endfacet
  facet normal 0.000000e+00 0.000000e+00 -1.000000e+00
    outer loop
      vertex   7.879513e+01 5.824609e+01 4.000000e+00
      vertex   7.619705e+01 5.824609e+01 4.000000e+00
      vertex   7.855675e+01 5.855675e+01 4.000000e+00
    endloop
  endfacet
  facet normal -0.000000e+00 0.000000e+00 -1.000000e+00
    outer loop
      vertex   7.855675e+01 5.855675e+01 4.000000e+00
      vertex   7.619705e+01 5.824609e+01 4.000000e+00
      vertex   7.643543e+01 5.855675e+01 4.000000e+00
    endloop
  endfacet
  facet normal 0.000000e+00 0.000000e+00 -1.000000e+00
    outer loop
      vertex   7.855675e+01 5.855675e+01 4.000000e+00
      vertex   7.643543e+01 5.855675e+01 4.000000e+00
      vertex   7.824609e+01 5.879513e+01 4.000000e+00
    endloop
  endfacet
  facet normal -0.000000e+00 0.000000e+00 -1.000000e+00
    outer loop
      vertex   7.824609e+01 5.879513e+01 4.000000e+00
      vertex   7.643543e+01 5.855675e+01 4.000000e+00
      vertex   7.674609e+01 5.879513e+01 4.000000e+00
    endloop
  endfacet
  facet normal 0.000000e+00 0.000000e+00 -1.000000e+00
    outer loop
      vertex   7.824609e+01 5.879513e+01 4.000000e+00
      vertex   7.674609e+01 5.879513e+01 4.000000e+00
      vertex   7.788432e+01 5.894498e+01 4.000000e+00
    endloop
  endfacet
  facet normal -0.000000e+00 0.000000e+00 -1.000000e+00
    outer loop
      vertex   7.788432e+01 5.894498e+01 4.000000e+00
      vertex   7.674609e+01 5.879513e+01 4.000000e+00
      vertex   7.710786e+01 5.894498e+01 4.000000e+00
    endloop
  endfacet
  facet normal 0.000000e+00 0.000000e+00 -1.000000e+00
    outer loop
      vertex   7.788432e+01 5.894498e+01 4.000000e+00
      vertex   7.710786e+01 5.894498e+01 4.000000e+00
      vertex   7.749609e+01 5.899609e+01 4.000000e+00
    endloop
  endfacet
  facet normal 9.914449e-01 -1.305262e-01 0.000000e+00
    outer loop
      vertex   1.055024e+00 2.892142e+00 -3.000000e+00
      vertex   1.055024e+00 2.892142e+00 4.000000e+00
      vertex   1.003913e+00 2.503913e+00 -3.000000e+00
    endloop
  endfacet
  facet normal 9.914449e-01 -1.305262e-01 0.000000e+00
    outer loop
      vertex   1.003913e+00 2.503913e+00 -3.000000e+00
      vertex   1.055024e+00 2.892142e+00 4.000000e+00
      vertex   1.003913e+00 2.503913e+00 4.000000e+00
    endloop
  endfacet
  facet normal 9.914449e-01 1.305262e-01 -0.000000e+00
    outer loop
      vertex   1.003913e+00 2.503913e+00 -3.000000e+00
      vertex   1.003913e+00 2.503913e+00 4.000000e+00
      vertex   1.055024e+00 2.115684e+00 -3.000000e+00
    endloop
  endfacet
  facet normal 9.914449e-01 1.305262e-01 -0.000000e+00
    outer loop
      vertex   1.055024e+00 2.115684e+00 -3.000000e+00
      vertex   1.003913e+00 2.503913e+00 4.000000e+00
      vertex   1.055024e+00 2.115684e+00 4.000000e+00
    endloop
  endfacet
  facet normal 9.238795e-01 3.826834e-01 -0.000000e+00
    outer loop
      vertex   1.055024e+00 2.115684e+00 -3.000000e+00
      vertex   1.055024e+00 2.115684e+00 4.000000e+00
      vertex   1.204875e+00 1.753913e+00 -3.000000e+00
    endloop
  endfacet
  facet normal 9.238795e-01 3.826834e-01 -0.000000e+00
    outer loop
      vertex   1.204875e+00 1.753913e+00 -3.000000e+00
      vertex   1.055024e+00 2.115684e+00 4.000000e+00
      vertex   1.204875e+00 1.753913e+00 4.000000e+00
    endloop
  endfacet
  facet normal 7.933533e-01 6.087614e-01 -0.000000e+00
    outer loop
      vertex   1.204875e+00 1.753913e+00 -3.000000e+00
      vertex   1.204875e+00 1.753913e+00 4.000000e+00
      vertex   1.443253e+00 1.443253e+00 -3.000000e+00
    endloop
  endfacet
  facet normal 7.933533e-01 6.087614e-01 -0.000000e+00
    outer loop
      vertex   1.443253e+00 1.443253e+00 -3.000000e+00
      vertex   1.204875e+00 1.753913e+00 4.000000e+00
      vertex   1.443253e+00 1.443253e+00 4.000000e+00
    endloop
  endfacet
  facet normal 6.087614e-01 7.933533e-01 -0.000000e+00
    outer loop
      vertex   1.443253e+00 1.443253e+00 -3.000000e+00
      vertex   1.443253e+00 1.443253e+00 4.000000e+00
      vertex   1.753913e+00 1.204875e+00 -3.000000e+00
    endloop
  endfacet
  facet normal 6.087614e-01 7.933533e-01 -0.000000e+00
    outer loop
      vertex   1.753913e+00 1.204875e+00 -3.000000e+00
      vertex   1.443253e+00 1.443253e+00 4.000000e+00
      vertex   1.753913e+00 1.204875e+00 4.000000e+00
    endloop
  endfacet
  facet normal 3.826834e-01 9.238795e-01 -0.000000e+00
    outer loop
      vertex   1.753913e+00 1.204875e+00 -3.000000e+00
      vertex   1.753913e+00 1.204875e+00 4.000000e+00
      vertex   2.115684e+00 1.055024e+00 -3.000000e+00
    endloop
  endfacet
  facet normal 3.826834e-01 9.238795e-01 -0.000000e+00
    outer loop
      vertex   2.115684e+00 1.055024e+00 -3.000000e+00
      vertex   1.753913e+00 1.204875e+00 4.000000e+00
      vertex   2.115684e+00 1.055024e+00 4.000000e+00
    endloop
  endfacet
  facet normal 1.305262e-01 9.914449e-01 -0.000000e+00
    outer loop
      vertex   2.115684e+00 1.055024e+00 -3.000000e+00
      vertex   2.115684e+00 1.055024e+00 4.000000e+00
      vertex   2.503913e+00 1.003913e+00 -3.000000e+00
    endloop
  endfacet
  facet normal 1.305262e-01 9.914449e-01 -0.000000e+00
    outer loop
      vertex   2.503913e+00 1.003913e+00 -3.000000e+00
      vertex   2.115684e+00 1.055024e+00 4.000000e+00
      vertex   2.503913e+00 1.003913e+00 4.000000e+00
    endloop
  endfacet
  facet normal -1.305262e-01 9.914449e-01 0.000000e+00
    outer loop
      vertex   2.503913e+00 1.003913e+00 -3.000000e+00
      vertex   2.503913e+00 1.003913e+00 4.000000e+00
      vertex   2.892142e+00 1.055024e+00 -3.000000e+00
    endloop
  endfacet
  facet normal -1.305262e-01 9.914449e-01 0.000000e+00
    outer loop
      vertex   2.892142e+00 1.055024e+00 -3.000000e+00
      vertex   2.503913e+00 1.003913e+00 4.000000e+00
      vertex   2.892142e+00 1.055024e+00 4.000000e+00
    endloop
  endfacet
  facet normal -3.826834e-01 9.238795e-01 0.000000e+00
    outer loop
      vertex   2.892142e+00 1.055024e+00 -3.000000e+00
      vertex   2.892142e+00 1.055024e+00 4.000000e+00
      vertex   3.253913e+00 1.204875e+00 -3.000000e+00
    endloop
  endfacet
  facet normal -3.826834e-01 9.238795e-01 0.000000e+00
    outer loop
      vertex   3.253913e+00 1.204875e+00 -3.000000e+00
      vertex   2.892142e+00 1.055024e+00 4.000000e+00
      vertex   3.253913e+00 1.204875e+00 4.000000e+00
    endloop
  endfacet
  facet normal -6.087614e-01 7.933533e-01 0.000000e+00
    outer loop
      vertex   3.253913e+00 1.204875e+00 -3.000000e+00
      vertex   3.253913e+00 1.204875e+00 4.000000e+00
      vertex   3.564573e+00 1.443253e+00 -3.000000e+00
    endloop
  endfacet
  facet normal -6.087614e-01 7.933533e-01 0.000000e+00
    outer loop
      vertex   3.564573e+00 1.443253e+00 -3.000000e+00
      vertex   3.253913e+00 1.204875e+00 4.000000e+00
      vertex   3.564573e+00 1.443253e+00 4.000000e+00
    endloop
  endfacet
  facet normal -7.933533e-01 6.087614e-01 0.000000e+00
    outer loop
      vertex   3.564573e+00 1.443253e+00 -3.000000e+00
      vertex   3.564573e+00 1.443253e+00 4.000000e+00
      vertex   3.802951e+00 1.753913e+00 -3.000000e+00
    endloop
  endfacet
  facet normal -7.933533e-01 6.087614e-01 0.000000e+00
    outer loop
      vertex   3.802951e+00 1.753913e+00 -3.000000e+00
      vertex   3.564573e+00 1.443253e+00 4.000000e+00
      vertex   3.802951e+00 1.753913e+00 4.000000e+00
    endloop
  endfacet
  facet normal -9.238795e-01 3.826834e-01 0.000000e+00
    outer loop
      vertex   3.802951e+00 1.753913e+00 -3.000000e+00
      vertex   3.802951e+00 1.753913e+00 4.000000e+00
      vertex   3.952802e+00 2.115684e+00 -3.000000e+00
    endloop
  endfacet
  facet normal -9.238795e-01 3.826834e-01 0.000000e+00
    outer loop
      vertex   3.952802e+00 2.115684e+00 -3.000000e+00
      vertex   3.802951e+00 1.753913e+00 4.000000e+00
      vertex   3.952802e+00 2.115684e+00 4.000000e+00
    endloop
  endfacet
  facet normal -9.914449e-01 1.305262e-01 0.000000e+00
    outer loop
      vertex   3.952802e+00 2.115684e+00 -3.000000e+00
      vertex   3.952802e+00 2.115684e+00 4.000000e+00
      vertex   4.003913e+00 2.503913e+00 -3.000000e+00
    endloop
  endfacet
  facet normal -9.914449e-01 1.305262e-01 0.000000e+00
    outer loop
      vertex   4.003913e+00 2.503913e+00 -3.000000e+00
      vertex   3.952802e+00 2.115684e+00 4.000000e+00
      vertex   4.003913e+00 2.503913e+00 4.000000e+00
    endloop
  endfacet
  facet normal -9.914449e-01 -1.305262e-01 0.000000e+00
    outer loop
      vertex   4.003913e+00 2.503913e+00 -3.000000e+00
      vertex   4.003913e+00 2.503913e+00 4.000000e+00
      vertex   3.952802e+00 2.892142e+00 -3.000000e+00
    endloop
  endfacet
  facet normal -9.914449e-01 -1.305262e-01 0.000000e+00
    outer loop
      vertex   3.952802e+00 2.892142e+00 -3.000000e+00
      vertex   4.003913e+00 2.503913e+00 4.000000e+00
      vertex   3.952802e+00 2.892142e+00 4.000000e+00
    endloop
  endfacet
  facet normal -9.238795e-01 -3.826834e-01 0.000000e+00
    outer loop
      vertex   3.952802e+00 2.892142e+00 -3.000000e+00
      vertex   3.952802e+00 2.892142e+00 4.000000e+00
      vertex   3.802951e+00 3.253913e+00 -3.000000e+00
    endloop
  endfacet
  facet normal -9.238795e-01 -3.826834e-01 0.000000e+00
    outer loop
      vertex   3.802951e+00 3.253913e+00 -3.000000e+00
      vertex   3.952802e+00 2.892142e+00 4.000000e+00
      vertex   3.802951e+00 3.253913e+00 4.000000e+00
    endloop
  endfacet
  facet normal -7.933533e-01 -6.087614e-01 0.000000e+00
    outer loop
      vertex   3.802951e+00 3.253913e+00 -3.000000e+00
      vertex   3.802951e+00 3.253913e+00 4.000000e+00
      vertex   3.564573e+00 3.564573e+00 -3.000000e+00
    endloop
  endfacet
  facet normal -7.933533e-01 -6.087614e-01 0.000000e+00
    outer loop
      vertex   3.564573e+00 3.564573e+00 -3.000000e+00
      vertex   3.802951e+00 3.253913e+00 4.000000e+00
      vertex   3.564573e+00 3.564573e+00 4.000000e+00
    endloop
  endfacet
  facet normal -6.087614e-01 -7.933533e-01 0.000000e+00
    outer loop
      vertex   3.564573e+00 3.564573e+00 -3.000000e+00
      vertex   3.564573e+00 3.564573e+00 4.000000e+00
      vertex   3.253913e+00 3.802951e+00 -3.000000e+00
    endloop
  endfacet
  facet normal -6.087614e-01 -7.933533e-01 0.000000e+00
    outer loop
      vertex   3.253913e+00 3.802951e+00 -3.000000e+00
      vertex   3.564573e+00 3.564573e+00 4.000000e+00
      vertex   3.253913e+00 3.802951e+00 4.000000e+00
    endloop
  endfacet
  facet normal -3.826834e-01 -9.238795e-01 0.000000e+00
    outer loop
      vertex   3.253913e+00 3.802951e+00 -3.000000e+00
      vertex   3.253913e+00 3.802951e+00 4.000000e+00
      vertex   2.892142e+00 3.952802e+00 -3.000000e+00
    endloop
  endfacet
  facet normal -3.826834e-01 -9.238795e-01 0.000000e+00
    outer loop
      vertex   2.892142e+00 3.952802e+00 -3.000000e+00
      vertex   3.253913e+00 3.802951e+00 4.000000e+00
      vertex   2.892142e+00 3.952802e+00 4.000000e+00
    endloop
  endfacet
  facet normal -1.305262e-01 -9.914449e-01 0.000000e+00
    outer loop
      vertex   2.892142e+00 3.952802e+00 -3.000000e+00
      vertex   2.892142e+00 3.952802e+00 4.000000e+00
      vertex   2.503913e+00 4.003913e+00 -3.000000e+00
    endloop
  endfacet
  facet normal -1.305262e-01 -9.914449e-01 0.000000e+00
    outer loop
      vertex   2.503913e+00 4.003913e+00 -3.000000e+00
      vertex   2.892142e+00 3.952802e+00 4.000000e+00
      vertex   2.503913e+00 4.003913e+00 4.000000e+00
    endloop
  endfacet
  facet normal 1.305262e-01 -9.914449e-01 0.000000e+00
    outer loop
      vertex   2.503913e+00 4.003913e+00 -3.000000e+00
      vertex   2.503913e+00 4.003913e+00 4.000000e+00
      vertex   2.115684e+00 3.952802e+00 -3.000000e+00
    endloop
  endfacet
  facet normal 1.305262e-01 -9.914449e-01 0.000000e+00
    outer loop
      vertex   2.115684e+00 3.952802e+00 -3.000000e+00
      vertex   2.503913e+00 4.003913e+00 4.000000e+00
      vertex   2.115684e+00 3.952802e+00 4.000000e+00
    endloop
  endfacet
  facet normal 3.826834e-01 -9.238795e-01 0.000000e+00
    outer loop
      vertex   2.115684e+00 3.952802e+00 -3.000000e+00
      vertex   2.115684e+00 3.952802e+00 4.000000e+00
      vertex   1.753913e+00 3.802951e+00 -3.000000e+00
    endloop
  endfacet
  facet normal 3.826834e-01 -9.238795e-01 0.000000e+00
    outer loop
      vertex   1.753913e+00 3.802951e+00 -3.000000e+00
      vertex   2.115684e+00 3.952802e+00 4.000000e+00
      vertex   1.753913e+00 3.802951e+00 4.000000e+00
    endloop
  endfacet
  facet normal 6.087614e-01 -7.933533e-01 0.000000e+00
    outer loop
      vertex   1.753913e+00 3.802951e+00 -3.000000e+00
      vertex   1.753913e+00 3.802951e+00 4.000000e+00
      vertex   1.443253e+00 3.564573e+00 -3.000000e+00
    endloop
  endfacet
  facet normal 6.087614e-01 -7.933533e-01 0.000000e+00
    outer loop
      vertex   1.443253e+00 3.564573e+00 -3.000000e+00
      vertex   1.753913e+00 3.802951e+00 4.000000e+00
      vertex   1.443253e+00 3.564573e+00 4.000000e+00
    endloop
  endfacet
  facet normal 7.933533e-01 -6.087614e-01 0.000000e+00
    outer loop
      vertex   1.443253e+00 3.564573e+00 -3.000000e+00
      vertex   1.443253e+00 3.564573e+00 4.000000e+00
      vertex   1.204875e+00 3.253913e+00 -3.000000e+00
    endloop
  endfacet
  facet normal 7.933533e-01 -6.087614e-01 0.000000e+00
    outer loop
      vertex   1.204875e+00 3.253913e+00 -3.000000e+00
      vertex   1.443253e+00 3.564573e+00 4.000000e+00
      vertex   1.204875e+00 3.253913e+00 4.000000e+00
    endloop
  endfacet
  facet normal 9.238795e-01 -3.826834e-01 0.000000e+00
    outer loop
      vertex   1.204875e+00 3.253913e+00 -3.000000e+00
      vertex   1.204875e+00 3.253913e+00 4.000000e+00
      vertex   1.055024e+00 2.892142e+00 -3.000000e+00
    endloop
  endfacet
  facet normal 9.238795e-01 -3.826834e-01 0.000000e+00
    outer loop
      vertex   1.055024e+00 2.892142e+00 -3.000000e+00
      vertex   1.204875e+00 3.253913e+00 4.000000e+00
      vertex   1.055024e+00 2.892142e+00 4.000000e+00
    endloop
  endfacet
  facet normal 0.000000e+00 -0.000000e+00 -1.000000e+00
    outer loop
      vertex   1.055024e+00 2.892142e+00 4.000000e+00
      vertex   3.952802e+00 2.892142e+00 4.000000e+00
      vertex   1.003913e+00 2.503913e+00 4.000000e+00
    endloop
  endfacet
  facet normal 0.000000e+00 0.000000e+00 -1.000000e+00
    outer loop
      vertex   1.003913e+00 2.503913e+00 4.000000e+00
      vertex   3.952802e+00 2.892142e+00 4.000000e+00
      vertex   4.003913e+00 2.503913e+00 4.000000e+00
    endloop
  endfacet
  facet normal 0.000000e+00 0.000000e+00 -1.000000e+00
    outer loop
      vertex   1.003913e+00 2.503913e+00 4.000000e+00
      vertex   4.003913e+00 2.503913e+00 4.000000e+00
      vertex   1.055024e+00 2.115684e+00 4.000000e+00
    endloop
  endfacet
  facet normal 0.000000e+00 0.000000e+00 -1.000000e+00
    outer loop
      vertex   1.055024e+00 2.115684e+00 4.000000e+00
      vertex   4.003913e+00 2.503913e+00 4.000000e+00
      vertex   3.952802e+00 2.115684e+00 4.000000e+00
    endloop
  endfacet
  facet normal 0.000000e+00 0.000000e+00 -1.000000e+00
    outer loop
      vertex   1.055024e+00 2.115684e+00 4.000000e+00
      vertex   3.952802e+00 2.115684e+00 4.000000e+00
      vertex   1.204875e+00 1.753913e+00 4.000000e+00
    endloop
  endfacet
  facet normal 0.000000e+00 0.000000e+00 -1.000000e+00
    outer loop
      vertex   1.204875e+00 1.753913e+00 4.000000e+00
      vertex   3.952802e+00 2.115684e+00 4.000000e+00
      vertex   3.802951e+00 1.753913e+00 4.000000e+00
    endloop
  endfacet
  facet normal 0.000000e+00 0.000000e+00 -1.000000e+00
    outer loop
      vertex   1.204875e+00 1.753913e+00 4.000000e+00
      vertex   3.802951e+00 1.753913e+00 4.000000e+00
      vertex   1.443253e+00 1.443253e+00 4.000000e+00
    endloop
  endfacet
  facet normal 0.000000e+00 0.000000e+00 -1.000000e+00
    outer loop
      vertex   1.443253e+00 1.443253e+00 4.000000e+00
      vertex   3.802951e+00 1.753913e+00 4.000000e+00
      vertex   3.564573e+00 1.443253e+00 4.000000e+00
    endloop
  endfacet
  facet normal 0.000000e+00 0.000000e+00 -1.000000e+00
    outer loop
      vertex   1.443253e+00 1.443253e+00 4.000000e+00
      vertex   3.564573e+00 1.443253e+00 4.000000e+00
      vertex   1.753913e+00 1.204875e+00 4.000000e+00
    endloop
  endfacet
  facet normal 0.000000e+00 0.000000e+00 -1.000000e+00
    outer loop
      vertex   1.753913e+00 1.204875e+00 4.000000e+00
      vertex   3.564573e+00 1.443253e+00 4.000000e+00
      vertex   3.253913e+00 1.204875e+00 4.000000e+00
    endloop
  endfacet
  facet normal 0.000000e+00 0.000000e+00 -1.000000e+00
    outer loop
      vertex   1.753913e+00 1.204875e+00 4.000000e+00
      vertex   3.253913e+00 1.204875e+00 4.000000e+00
      vertex   2.115684e+00 1.055024e+00 4.000000e+00
    endloop
  endfacet
  facet normal 0.000000e+00 0.000000e+00 -1.000000e+00
    outer loop
      vertex   2.115684e+00 1.055024e+00 4.000000e+00
      vertex   3.253913e+00 1.204875e+00 4.000000e+00
      vertex   2.892142e+00 1.055024e+00 4.000000e+00
    endloop
  endfacet
  facet normal 0.000000e+00 0.000000e+00 -1.000000e+00
    outer loop
      vertex   2.115684e+00 1.055024e+00 4.000000e+00
      vertex   2.892142e+00 1.055024e+00 4.000000e+00
      vertex   2.503913e+00 1.003913e+00 4.000000e+00
    endloop
  endfacet
  facet normal 0.000000e+00 0.000000e+00 -1.000000e+00
    outer loop
      vertex   3.952802e+00 2.892142e+00 4.000000e+00
      vertex   1.055024e+00 2.892142e+00 4.000000e+00
      vertex   3.802951e+00 3.253913e+00 4.000000e+00
    endloop
  endfacet
  facet normal -0.000000e+00 0.000000e+00 -1.000000e+00
    outer loop
      vertex   3.802951e+00 3.253913e+00 4.000000e+00
      vertex   1.055024e+00 2.892142e+00 4.000000e+00
      vertex   1.204875e+00 3.253913e+00 4.000000e+00
    endloop
  endfacet
  facet normal 0.000000e+00 0.000000e+00 -1.000000e+00
    outer loop
      vertex   3.802951e+00 3.253913e+00 4.000000e+00
      vertex   1.204875e+00 3.253913e+00 4.000000e+00
      vertex   3.564573e+00 3.564573e+00 4.000000e+00
    endloop
  endfacet
  facet normal -0.000000e+00 0.000000e+00 -1.000000e+00
    outer loop
      vertex   3.564573e+00 3.564573e+00 4.000000e+00
      vertex   1.204875e+00 3.253913e+00 4.000000e+00
      vertex   1.443253e+00 3.564573e+00 4.000000e+00
    endloop
  endfacet
  facet normal 0.000000e+00 0.000000e+00 -1.000000e+00
    outer loop
      vertex   3.564573e+00 3.564573e+00 4.000000e+00
      vertex   1.443253e+00 3.564573e+00 4.000000e+00
      vertex   3.253913e+00 3.802951e+00 4.000000e+00
    endloop
  endfacet
  facet normal -0.000000e+00 0.000000e+00 -1.000000e+00
    outer loop
      vertex   3.253913e+00 3.802951e+00 4.000000e+00
      vertex   1.443253e+00 3.564573e+00 4.000000e+00
      vertex   1.753913e+00 3.802951e+00 4.000000e+00
    endloop
  endfacet
  facet normal 0.000000e+00 0.000000e+00 -1.000000e+00
    outer loop
      vertex   3.253913e+00 3.802951e+00 4.000000e+00
      vertex   1.753913e+00 3.802951e+00 4.000000e+00
      vertex   2.892142e+00 3.952802e+00 4.000000e+00
    endloop
  endfacet
  facet normal -0.000000e+00 0.000000e+00 -1.000000e+00
    outer loop
      vertex   2.892142e+00 3.952802e+00 4.000000e+00
      vertex   1.753913e+00 3.802951e+00 4.000000e+00
      vertex   2.115684e+00 3.952802e+00 4.000000e+00
    endloop
  endfacet
  facet normal 0.000000e+00 0.000000e+00 -1.000000e+00
    outer loop
      vertex   2.892142e+00 3.952802e+00 4.000000e+00
      vertex   2.115684e+00 3.952802e+00 4.000000e+00
      vertex   2.503913e+00 4.003913e+00 4.000000e+00
    endloop
  endfacet
  facet normal 9.914449e-01 -1.305262e-01 0.000000e+00
    outer loop
      vertex   7.604720e+01 2.892142e+00 -3.000000e+00
      vertex   7.604720e+01 2.892142e+00 4.000000e+00
      vertex   7.599609e+01 2.503913e+00 -3.000000e+00
    endloop
  endfacet
  facet normal 9.914449e-01 -1.305262e-01 0.000000e+00
    outer loop
      vertex   7.599609e+01 2.503913e+00 -3.000000e+00
      vertex   7.604720e+01 2.892142e+00 4.000000e+00
      vertex   7.599609e+01 2.503913e+00 4.000000e+00
    endloop
  endfacet
  facet normal 9.914449e-01 1.305262e-01 -0.000000e+00
    outer loop
      vertex   7.599609e+01 2.503913e+00 -3.000000e+00
      vertex   7.599609e+01 2.503913e+00 4.000000e+00
      vertex   7.604720e+01 2.115684e+00 -3.000000e+00
    endloop
  endfacet
  facet normal 9.914449e-01 1.305262e-01 -0.000000e+00
    outer loop
      vertex   7.604720e+01 2.115684e+00 -3.000000e+00
      vertex   7.599609e+01 2.503913e+00 4.000000e+00
      vertex   7.604720e+01 2.115684e+00 4.000000e+00
    endloop
  endfacet
  facet normal 9.238795e-01 3.826834e-01 -0.000000e+00
    outer loop
      vertex   7.604720e+01 2.115684e+00 -3.000000e+00
      vertex   7.604720e+01 2.115684e+00 4.000000e+00
      vertex   7.619705e+01 1.753913e+00 -3.000000e+00
    endloop
  endfacet
  facet normal 9.238795e-01 3.826834e-01 -0.000000e+00
    outer loop
      vertex   7.619705e+01 1.753913e+00 -3.000000e+00
      vertex   7.604720e+01 2.115684e+00 4.000000e+00
      vertex   7.619705e+01 1.753913e+00 4.000000e+00
    endloop
  endfacet
  facet normal 7.933533e-01 6.087614e-01 -0.000000e+00
    outer loop
      vertex   7.619705e+01 1.753913e+00 -3.000000e+00
      vertex   7.619705e+01 1.753913e+00 4.000000e+00
      vertex   7.643543e+01 1.443253e+00 -3.000000e+00
    endloop
  endfacet
  facet normal 7.933533e-01 6.087614e-01 -0.000000e+00
    outer loop
      vertex   7.643543e+01 1.443253e+00 -3.000000e+00
      vertex   7.619705e+01 1.753913e+00 4.000000e+00
      vertex   7.643543e+01 1.443253e+00 4.000000e+00
    endloop
  endfacet
  facet normal 6.087614e-01 7.933533e-01 -0.000000e+00
    outer loop
      vertex   7.643543e+01 1.443253e+00 -3.000000e+00
      vertex   7.643543e+01 1.443253e+00 4.000000e+00
      vertex   7.674609e+01 1.204875e+00 -3.000000e+00
    endloop
  endfacet
  facet normal 6.087614e-01 7.933533e-01 -0.000000e+00
    outer loop
      vertex   7.674609e+01 1.204875e+00 -3.000000e+00
      vertex   7.643543e+01 1.443253e+00 4.000000e+00
      vertex   7.674609e+01 1.204875e+00 4.000000e+00
    endloop
  endfacet
  facet normal 3.826834e-01 9.238795e-01 -0.000000e+00
    outer loop
      vertex   7.674609e+01 1.204875e+00 -3.000000e+00
      vertex   7.674609e+01 1.204875e+00 4.000000e+00
      vertex   7.710786e+01 1.055024e+00 -3.000000e+00
    endloop
  endfacet
  facet normal 3.826834e-01 9.238795e-01 -0.000000e+00
    outer loop
      vertex   7.710786e+01 1.055024e+00 -3.000000e+00
      vertex   7.674609e+01 1.204875e+00 4.000000e+00
      vertex   7.710786e+01 1.055024e+00 4.000000e+00
    endloop
  endfacet
  facet normal 1.305262e-01 9.914449e-01 -0.000000e+00
    outer loop
      vertex   7.710786e+01 1.055024e+00 -3.000000e+00
      vertex   7.710786e+01 1.055024e+00 4.000000e+00
      vertex   7.749609e+01 1.003913e+00 -3.000000e+00
    endloop
  endfacet
  facet normal 1.305262e-01 9.914449e-01 -0.000000e+00
    outer loop
      vertex   7.749609e+01 1.003913e+00 -3.000000e+00
      vertex   7.710786e+01 1.055024e+00 4.000000e+00
      vertex   7.749609e+01 1.003913e+00 4.000000e+00
    endloop
  endfacet
  facet normal -1.305262e-01 9.914449e-01 0.000000e+00
    outer loop
      vertex   7.749609e+01 1.003913e+00 -3.000000e+00
      vertex   7.749609e+01 1.003913e+00 4.000000e+00
      vertex   7.788432e+01 1.055024e+00 -3.000000e+00
    endloop
  endfacet
  facet normal -1.305262e-01 9.914449e-01 0.000000e+00
    outer loop
      vertex   7.788432e+01 1.055024e+00 -3.000000e+00
      vertex   7.749609e+01 1.003913e+00 4.000000e+00
      vertex   7.788432e+01 1.055024e+00 4.000000e+00
    endloop
  endfacet
  facet normal -3.826834e-01 9.238795e-01 0.000000e+00
    outer loop
      vertex   7.788432e+01 1.055024e+00 -3.000000e+00
      vertex   7.788432e+01 1.055024e+00 4.000000e+00
      vertex   7.824609e+01 1.204875e+00 -3.000000e+00
    endloop
  endfacet
  facet normal -3.826834e-01 9.238795e-01 0.000000e+00
    outer loop
      vertex   7.824609e+01 1.204875e+00 -3.000000e+00
      vertex   7.788432e+01 1.055024e+00 4.000000e+00
      vertex   7.824609e+01 1.204875e+00 4.000000e+00
    endloop
  endfacet
  facet normal -6.087614e-01 7.933533e-01 0.000000e+00
    outer loop
      vertex   7.824609e+01 1.204875e+00 -3.000000e+00
      vertex   7.824609e+01 1.204875e+00 4.000000e+00
      vertex   7.855675e+01 1.443253e+00 -3.000000e+00
    endloop
  endfacet
  facet normal -6.087614e-01 7.933533e-01 0.000000e+00
    outer loop
      vertex   7.855675e+01 1.443253e+00 -3.000000e+00
      vertex   7.824609e+01 1.204875e+00 4.000000e+00
      vertex   7.855675e+01 1.443253e+00 4.000000e+00
    endloop
  endfacet
  facet normal -7.933533e-01 6.087614e-01 0.000000e+00
    outer loop
      vertex   7.855675e+01 1.443253e+00 -3.000000e+00
      vertex   7.855675e+01 1.443253e+00 4.000000e+00
      vertex   7.879513e+01 1.753913e+00 -3.000000e+00
    endloop
  endfacet
  facet normal -7.933533e-01 6.087614e-01 0.000000e+00
    outer loop
      vertex   7.879513e+01 1.753913e+00 -3.000000e+00
      vertex   7.855675e+01 1.443253e+00 4.000000e+00
      vertex   7.879513e+01 1.753913e+00 4.000000e+00
    endloop
  endfacet
  facet normal -9.238795e-01 3.826834e-01 0.000000e+00
    outer loop
      vertex   7.879513e+01 1.753913e+00 -3.000000e+00
      vertex   7.879513e+01 1.753913e+00 4.000000e+00
      vertex   7.894498e+01 2.115684e+00 -3.000000e+00
    endloop
  endfacet
  facet normal -9.238795e-01 3.826834e-01 0.000000e+00
    outer loop
      vertex   7.894498e+01 2.115684e+00 -3.000000e+00
      vertex   7.879513e+01 1.753913e+00 4.000000e+00
      vertex   7.894498e+01 2.115684e+00 4.000000e+00
    endloop
  endfacet
  facet normal -9.914449e-01 1.305262e-01 0.000000e+00
    outer loop
      vertex   7.894498e+01 2.115684e+00 -3.000000e+00
      vertex   7.894498e+01 2.115684e+00 4.000000e+00
      vertex   7.899609e+01 2.503913e+00 -3.000000e+00
    endloop
  endfacet
  facet normal -9.914449e-01 1.305262e-01 0.000000e+00
    outer loop
      vertex   7.899609e+01 2.503913e+00 -3.000000e+00
      vertex   7.894498e+01 2.115684e+00 4.000000e+00
      vertex   7.899609e+01 2.503913e+00 4.000000e+00
    endloop
  endfacet
  facet normal -9.914449e-01 -1.305262e-01 0.000000e+00
    outer loop
      vertex   7.899609e+01 2.503913e+00 -3.000000e+00
      vertex   7.899609e+01 2.503913e+00 4.000000e+00
      vertex   7.894498e+01 2.892142e+00 -3.000000e+00
    endloop
  endfacet
  facet normal -9.914449e-01 -1.305262e-01 0.000000e+00
    outer loop
      vertex   7.894498e+01 2.892142e+00 -3.000000e+00
      vertex   7.899609e+01 2.503913e+00 4.000000e+00
      vertex   7.894498e+01 2.892142e+00 4.000000e+00
    endloop
  endfacet
  facet normal -9.238795e-01 -3.826834e-01 0.000000e+00
    outer loop
      vertex   7.894498e+01 2.892142e+00 -3.000000e+00
      vertex   7.894498e+01 2.892142e+00 4.000000e+00
      vertex   7.879513e+01 3.253913e+00 -3.000000e+00
    endloop
  endfacet
  facet normal -9.238795e-01 -3.826834e-01 0.000000e+00
    outer loop
      vertex   7.879513e+01 3.253913e+00 -3.000000e+00
      vertex   7.894498e+01 2.892142e+00 4.000000e+00
      vertex   7.879513e+01 3.253913e+00 4.000000e+00
    endloop
  endfacet
  facet normal -7.933533e-01 -6.087614e-01 0.000000e+00
    outer loop
      vertex   7.879513e+01 3.253913e+00 -3.000000e+00
      vertex   7.879513e+01 3.253913e+00 4.000000e+00
      vertex   7.855675e+01 3.564573e+00 -3.000000e+00
    endloop
  endfacet
  facet normal -7.933533e-01 -6.087614e-01 0.000000e+00
    outer loop
      vertex   7.855675e+01 3.564573e+00 -3.000000e+00
      vertex   7.879513e+01 3.253913e+00 4.000000e+00
      vertex   7.855675e+01 3.564573e+00 4.000000e+00
    endloop
  endfacet
  facet normal -6.087614e-01 -7.933533e-01 0.000000e+00
    outer loop
      vertex   7.855675e+01 3.564573e+00 -3.000000e+00
      vertex   7.855675e+01 3.564573e+00 4.000000e+00
      vertex   7.824609e+01 3.802951e+00 -3.000000e+00
    endloop
  endfacet
  facet normal -6.087614e-01 -7.933533e-01 0.000000e+00
    outer loop
      vertex   7.824609e+01 3.802951e+00 -3.000000e+00
      vertex   7.855675e+01 3.564573e+00 4.000000e+00
      vertex   7.824609e+01 3.802951e+00 4.000000e+00
    endloop
  endfacet
  facet normal -3.826834e-01 -9.238795e-01 0.000000e+00
    outer loop
      vertex   7.824609e+01 3.802951e+00 -3.000000e+00
      vertex   7.824609e+01 3.802951e+00 4.000000e+00
      vertex   7.788432e+01 3.952802e+00 -3.000000e+00
    endloop
  endfacet
  facet normal -3.826834e-01 -9.238795e-01 0.000000e+00
    outer loop
      vertex   7.788432e+01 3.952802e+00 -3.000000e+00
      vertex   7.824609e+01 3.802951e+00 4.000000e+00
      vertex   7.788432e+01 3.952802e+00 4.000000e+00
    endloop
  endfacet
  facet normal -1.305262e-01 -9.914449e-01 0.000000e+00
    outer loop
      vertex   7.788432e+01 3.952802e+00 -3.000000e+00
      vertex   7.788432e+01 3.952802e+00 4.000000e+00
      vertex   7.749609e+01 4.003913e+00 -3.000000e+00
    endloop
  endfacet
  facet normal -1.305262e-01 -9.914449e-01 0.000000e+00
    outer loop
      vertex   7.749609e+01 4.003913e+00 -3.000000e+00
      vertex   7.788432e+01 3.952802e+00 4.000000e+00
      vertex   7.749609e+01 4.003913e+00 4.000000e+00
    endloop
  endfacet
  facet normal 1.305262e-01 -9.914449e-01 0.000000e+00
    outer loop
      vertex   7.749609e+01 4.003913e+00 -3.000000e+00
      vertex   7.749609e+01 4.003913e+00 4.000000e+00
      vertex   7.710786e+01 3.952802e+00 -3.000000e+00
    endloop
  endfacet
  facet normal 1.305262e-01 -9.914449e-01 0.000000e+00
    outer loop
      vertex   7.710786e+01 3.952802e+00 -3.000000e+00
      vertex   7.749609e+01 4.003913e+00 4.000000e+00
      vertex   7.710786e+01 3.952802e+00 4.000000e+00
    endloop
  endfacet
  facet normal 3.826834e-01 -9.238795e-01 0.000000e+00
    outer loop
      vertex   7.710786e+01 3.952802e+00 -3.000000e+00
      vertex   7.710786e+01 3.952802e+00 4.000000e+00
      vertex   7.674609e+01 3.802951e+00 -3.000000e+00
    endloop
  endfacet
  facet normal 3.826834e-01 -9.238795e-01 0.000000e+00
    outer loop
      vertex   7.674609e+01 3.802951e+00 -3.000000e+00
      vertex   7.710786e+01 3.952802e+00 4.000000e+00
      vertex   7.674609e+01 3.802951e+00 4.000000e+00
    endloop
  endfacet
  facet normal 6.087614e-01 -7.933533e-01 0.000000e+00
    outer loop
      vertex   7.674609e+01 3.802951e+00 -3.000000e+00
      vertex   7.674609e+01 3.802951e+00 4.000000e+00
      vertex   7.643543e+01 3.564573e+00 -3.000000e+00
    endloop
  endfacet
  facet normal 6.087614e-01 -7.933533e-01 0.000000e+00
    outer loop
      vertex   7.643543e+01 3.564573e+00 -3.000000e+00
      vertex   7.674609e+01 3.802951e+00 4.000000e+00
      vertex   7.643543e+01 3.564573e+00 4.000000e+00
    endloop
  endfacet
  facet normal 7.933533e-01 -6.087614e-01 0.000000e+00
    outer loop
      vertex   7.643543e+01 3.564573e+00 -3.000000e+00
      vertex   7.643543e+01 3.564573e+00 4.000000e+00
      vertex   7.619705e+01 3.253913e+00 -3.000000e+00
    endloop
  endfacet
  facet normal 7.933533e-01 -6.087614e-01 0.000000e+00
    outer loop
      vertex   7.619705e+01 3.253913e+00 -3.000000e+00
      vertex   7.643543e+01 3.564573e+00 4.000000e+00
      vertex   7.619705e+01 3.253913e+00 4.000000e+00
    endloop
  endfacet
  facet normal 9.238795e-01 -3.826834e-01 0.000000e+00
    outer loop
      vertex   7.619705e+01 3.253913e+00 -3.000000e+00
      vertex   7.619705e+01 3.253913e+00 4.000000e+00
      vertex   7.604720e+01 2.892142e+00 -3.000000e+00
    endloop
  endfacet
  facet normal 9.238795e-01 -3.826834e-01 0.000000e+00
    outer loop
      vertex   7.604720e+01 2.892142e+00 -3.000000e+00
      vertex   7.619705e+01 3.253913e+00 4.000000e+00
      vertex   7.604720e+01 2.892142e+00 4.000000e+00
    endloop
  endfacet
  facet normal 0.000000e+00 -0.000000e+00 -1.000000e+00
    outer loop
      vertex   7.604720e+01 2.892142e+00 4.000000e+00
      vertex   7.894498e+01 2.892142e+00 4.000000e+00
      vertex   7.599609e+01 2.503913e+00 4.000000e+00
    endloop
  endfacet
  facet normal 0.000000e+00 0.000000e+00 -1.000000e+00
    outer loop
      vertex   7.599609e+01 2.503913e+00 4.000000e+00
      vertex   7.894498e+01 2.892142e+00 4.000000e+00
      vertex   7.899609e+01 2.503913e+00 4.000000e+00
    endloop
  endfacet
  facet normal 0.000000e+00 0.000000e+00 -1.000000e+00
    outer loop
      vertex   7.599609e+01 2.503913e+00 4.000000e+00
      vertex   7.899609e+01 2.503913e+00 4.000000e+00
      vertex   7.604720e+01 2.115684e+00 4.000000e+00
    endloop
  endfacet
  facet normal 0.000000e+00 0.000000e+00 -1.000000e+00
    outer loop
      vertex   7.604720e+01 2.115684e+00 4.000000e+00
      vertex   7.899609e+01 2.503913e+00 4.000000e+00
      vertex   7.894498e+01 2.115684e+00 4.000000e+00
    endloop
  endfacet
  facet normal 0.000000e+00 0.000000e+00 -1.000000e+00
    outer loop
      vertex   7.604720e+01 2.115684e+00 4.000000e+00
      vertex   7.894498e+01 2.115684e+00 4.000000e+00
      vertex   7.619705e+01 1.753913e+00 4.000000e+00
    endloop
  endfacet
  facet normal 0.000000e+00 0.000000e+00 -1.000000e+00
    outer loop
      vertex   7.619705e+01 1.753913e+00 4.000000e+00
      vertex   7.894498e+01 2.115684e+00 4.000000e+00
      vertex   7.879513e+01 1.753913e+00 4.000000e+00
    endloop
  endfacet
  facet normal 0.000000e+00 0.000000e+00 -1.000000e+00
    outer loop
      vertex   7.619705e+01 1.753913e+00 4.000000e+00
      vertex   7.879513e+01 1.753913e+00 4.000000e+00
      vertex   7.643543e+01 1.443253e+00 4.000000e+00
    endloop
  endfacet
  facet normal 0.000000e+00 0.000000e+00 -1.000000e+00
    outer loop
      vertex   7.643543e+01 1.443253e+00 4.000000e+00
      vertex   7.879513e+01 1.753913e+00 4.000000e+00
      vertex   7.855675e+01 1.443253e+00 4.000000e+00
    endloop
  endfacet
  facet normal 0.000000e+00 0.000000e+00 -1.000000e+00
    outer loop
      vertex   7.643543e+01 1.443253e+00 4.000000e+00
      vertex   7.855675e+01 1.443253e+00 4.000000e+00
      vertex   7.674609e+01 1.204875e+00 4.000000e+00
    endloop
  endfacet
  facet normal 0.000000e+00 0.000000e+00 -1.000000e+00
    outer loop
      vertex   7.674609e+01 1.204875e+00 4.000000e+00
      vertex   7.855675e+01 1.443253e+00 4.000000e+00
      vertex   7.824609e+01 1.204875e+00 4.000000e+00
    endloop
  endfacet
  facet normal 0.000000e+00 0.000000e+00 -1.000000e+00
    outer loop
      vertex   7.674609e+01 1.204875e+00 4.000000e+00
      vertex   7.824609e+01 1.204875e+00 4.000000e+00
      vertex   7.710786e+01 1.055024e+00 4.000000e+00
    endloop
  endfacet
  facet normal 0.000000e+00 0.000000e+00 -1.000000e+00
    outer loop
      vertex   7.710786e+01 1.055024e+00 4.000000e+00
      vertex   7.824609e+01 1.204875e+00 4.000000e+00
      vertex   7.788432e+01 1.055024e+00 4.000000e+00
    endloop
  endfacet
  facet normal 0.000000e+00 0.000000e+00 -1.000000e+00
    outer loop
      vertex   7.710786e+01 1.055024e+00 4.000000e+00
      vertex   7.788432e+01 1.055024e+00 4.000000e+00
      vertex   7.749609e+01 1.003913e+00 4.000000e+00
    endloop
  endfacet
  facet normal 0.000000e+00 0.000000e+00 -1.000000e+00
    outer loop
      vertex   7.894498e+01 2.892142e+00 4.000000e+00
      vertex   7.604720e+01 2.892142e+00 4.000000e+00
      vertex   7.879513e+01 3.253913e+00 4.000000e+00
    endloop
  endfacet
  facet normal -0.000000e+00 0.000000e+00 -1.000000e+00
    outer loop
      vertex   7.879513e+01 3.253913e+00 4.000000e+00
      vertex   7.604720e+01 2.892142e+00 4.000000e+00
      vertex   7.619705e+01 3.253913e+00 4.000000e+00
    endloop
  endfacet
  facet normal 0.000000e+00 0.000000e+00 -1.000000e+00
    outer loop
      vertex   7.879513e+01 3.253913e+00 4.000000e+00
      vertex   7.619705e+01 3.253913e+00 4.000000e+00
      vertex   7.855675e+01 3.564573e+00 4.000000e+00
    endloop
  endfacet
  facet normal -0.000000e+00 0.000000e+00 -1.000000e+00
    outer loop
      vertex   7.855675e+01 3.564573e+00 4.000000e+00
      vertex   7.619705e+01 3.253913e+00 4.000000e+00
      vertex   7.643543e+01 3.564573e+00 4.000000e+00
    endloop
  endfacet
  facet normal 0.000000e+00 0.000000e+00 -1.000000e+00
    outer loop
      vertex   7.855675e+01 3.564573e+00 4.000000e+00
      vertex   7.643543e+01 3.564573e+00 4.000000e+00
      vertex   7.824609e+01 3.802951e+00 4.000000e+00
    endloop
  endfacet
  facet normal -0.000000e+00 0.000000e+00 -1.000000e+00
    outer loop
      vertex   7.824609e+01 3.802951e+00 4.000000e+00
      vertex   7.643543e+01 3.564573e+00 4.000000e+00
      vertex   7.674609e+01 3.802951e+00 4.000000e+00
    endloop
  endfacet
  facet normal 0.000000e+00 0.000000e+00 -1.000000e+00
    outer loop
      vertex   7.824609e+01 3.802951e+00 4.000000e+00
      vertex   7.674609e+01 3.802951e+00 4.000000e+00
      vertex   7.788432e+01 3.952802e+00 4.000000e+00
    endloop
  endfacet
  facet normal -0.000000e+00 0.000000e+00 -1.000000e+00
    outer loop
      vertex   7.788432e+01 3.952802e+00 4.000000e+00
      vertex   7.674609e+01 3.802951e+00 4.000000e+00
      vertex   7.710786e+01 3.952802e+00 4.000000e+00
    endloop
  endfacet
  facet normal 0.000000e+00 0.000000e+00 -1.000000e+00
    outer loop
      vertex   7.788432e+01 3.952802e+00 4.000000e+00
      vertex   7.710786e+01 3.952802e+00 4.000000e+00
      vertex   7.749609e+01 4.003913e+00 4.000000e+00
    endloop
  endfacet
  facet normal -9.951847e-01 9.801714e-02 0.000000e+00
    outer loop
      vertex   0.000000e+00 5.700000e+01 -3.000000e+00
      vertex   0.000000e+00 5.700000e+01 1.300000e+01
      vertex   5.764416e-02 5.758527e+01 5.000000e+00
    endloop
  endfacet
  facet normal -9.951847e-01 9.801714e-02 -3.452741e-17
    outer loop
      vertex   5.764416e-02 5.758527e+01 5.000000e+00
      vertex   0.000000e+00 5.700000e+01 1.300000e+01
      vertex   5.764416e-02 5.758527e+01 1.300000e+01
    endloop
  endfacet
  facet normal -9.569403e-01 2.902847e-01 -3.320054e-17
    outer loop
      vertex   5.764416e-02 5.758527e+01 5.000000e+00
      vertex   5.764416e-02 5.758527e+01 1.300000e+01
      vertex   2.283614e-01 5.814805e+01 5.000000e+00
    endloop
  endfacet
  facet normal -9.569403e-01 2.902847e-01 1.660027e-17
    outer loop
      vertex   2.283614e-01 5.814805e+01 5.000000e+00
      vertex   5.764416e-02 5.758527e+01 1.300000e+01
      vertex   2.283614e-01 5.814805e+01 1.300000e+01
    endloop
  endfacet
  facet normal -8.819213e-01 4.713967e-01 1.529890e-17
    outer loop
      vertex   2.283614e-01 5.814805e+01 5.000000e+00
      vertex   2.283614e-01 5.814805e+01 1.300000e+01
      vertex   5.055912e-01 5.866671e+01 5.000000e+00
    endloop
  endfacet
  facet normal -8.819213e-01 4.713967e-01 2.447823e-16
    outer loop
      vertex   5.055912e-01 5.866671e+01 5.000000e+00
      vertex   2.283614e-01 5.814805e+01 1.300000e+01
      vertex   5.055912e-01 5.866671e+01 1.300000e+01
    endloop
  endfacet
  facet normal -7.730105e-01 6.343933e-01 2.145535e-16
    outer loop
      vertex   5.055912e-01 5.866671e+01 5.000000e+00
      vertex   5.055912e-01 5.866671e+01 1.300000e+01
      vertex   8.786797e-01 5.912132e+01 5.000000e+00
    endloop
  endfacet
  facet normal -7.730105e-01 6.343933e-01 -2.145535e-16
    outer loop
      vertex   8.786797e-01 5.912132e+01 5.000000e+00
      vertex   5.055912e-01 5.866671e+01 1.300000e+01
      vertex   8.786797e-01 5.912132e+01 1.300000e+01
    endloop
  endfacet
  facet normal -6.343933e-01 7.730105e-01 -1.760795e-16
    outer loop
      vertex   8.786797e-01 5.912132e+01 5.000000e+00
      vertex   8.786797e-01 5.912132e+01 1.300000e+01
      vertex   1.333289e+00 5.949441e+01 5.000000e+00
    endloop
  endfacet
  facet normal -6.343933e-01 7.730105e-01 1.760795e-16
    outer loop
      vertex   1.333289e+00 5.949441e+01 5.000000e+00
      vertex   8.786797e-01 5.912132e+01 1.300000e+01
      vertex   1.333289e+00 5.949441e+01 1.300000e+01
    endloop
  endfacet
  facet normal -4.713967e-01 8.819213e-01 1.308389e-16
    outer loop
      vertex   1.333289e+00 5.949441e+01 5.000000e+00
      vertex   1.333289e+00 5.949441e+01 1.300000e+01
      vertex   1.851950e+00 5.977164e+01 5.000000e+00
    endloop
  endfacet
  facet normal -4.713967e-01 8.819213e-01 -7.850333e-17
    outer loop
      vertex   1.851950e+00 5.977164e+01 5.000000e+00
      vertex   1.333289e+00 5.949441e+01 1.300000e+01
      vertex   1.851950e+00 5.977164e+01 1.300000e+01
    endloop
  endfacet
  facet normal -2.902847e-01 9.569403e-01 -4.834211e-17
    outer loop
      vertex   1.851950e+00 5.977164e+01 5.000000e+00
      vertex   1.851950e+00 5.977164e+01 1.300000e+01
      vertex   2.414729e+00 5.994236e+01 5.000000e+00
    endloop
  endfacet
  facet normal -2.902847e-01 9.569403e-01 1.611404e-17
    outer loop
      vertex   2.414729e+00 5.994236e+01 5.000000e+00
      vertex   1.851950e+00 5.977164e+01 1.300000e+01
      vertex   2.414729e+00 5.994236e+01 1.300000e+01
    endloop
  endfacet
  facet normal -9.801714e-02 9.951847e-01 5.441044e-18
    outer loop
      vertex   2.414729e+00 5.994236e+01 5.000000e+00
      vertex   2.414729e+00 5.994236e+01 1.300000e+01
      vertex   3.000000e+00 6.000000e+01 1.300000e+01
    endloop
  endfacet
  facet normal -9.801714e-02 9.951847e-01 0.000000e+00
    outer loop
      vertex   3.000000e+00 6.000000e+01 1.300000e+01
      vertex   3.000000e+00 6.000000e+01 -3.000000e+00
      vertex   2.414729e+00 5.994236e+01 5.000000e+00
    endloop
  endfacet
  facet normal -9.801714e-02 9.951847e-01 -5.441044e-18
    outer loop
      vertex   2.414729e+00 5.994236e+01 5.000000e+00
      vertex   3.000000e+00 6.000000e+01 -3.000000e+00
      vertex   2.414729e+00 5.994236e+01 -3.000000e+00
    endloop
  endfacet
  facet normal -2.902847e-01 9.569403e-01 -1.611404e-17
    outer loop
      vertex   2.414729e+00 5.994236e+01 5.000000e+00
      vertex   2.414729e+00 5.994236e+01 -3.000000e+00
      vertex   1.851950e+00 5.977164e+01 5.000000e+00
    endloop
  endfacet
  facet normal -2.902847e-01 9.569403e-01 4.834211e-17
    outer loop
      vertex   1.851950e+00 5.977164e+01 5.000000e+00
      vertex   2.414729e+00 5.994236e+01 -3.000000e+00
      vertex   1.851950e+00 5.977164e+01 -3.000000e+00
    endloop
  endfacet
  facet normal -4.713967e-01 8.819213e-01 7.850333e-17
    outer loop
      vertex   1.851950e+00 5.977164e+01 5.000000e+00
      vertex   1.851950e+00 5.977164e+01 -3.000000e+00
      vertex   1.333289e+00 5.949441e+01 5.000000e+00
    endloop
  endfacet
  facet normal -4.713967e-01 8.819213e-01 -1.308389e-16
    outer loop
      vertex   1.333289e+00 5.949441e+01 5.000000e+00
      vertex   1.851950e+00 5.977164e+01 -3.000000e+00
      vertex   1.333289e+00 5.949441e+01 -3.000000e+00
    endloop
  endfacet
  facet normal -6.343933e-01 7.730105e-01 -1.760795e-16
    outer loop
      vertex   1.333289e+00 5.949441e+01 5.000000e+00
      vertex   1.333289e+00 5.949441e+01 -3.000000e+00
      vertex   8.786797e-01 5.912132e+01 5.000000e+00
    endloop
  endfacet
  facet normal -6.343933e-01 7.730105e-01 1.760795e-16
    outer loop
      vertex   8.786797e-01 5.912132e+01 5.000000e+00
      vertex   1.333289e+00 5.949441e+01 -3.000000e+00
      vertex   8.786797e-01 5.912132e+01 -3.000000e+00
    endloop
  endfacet
  facet normal -7.730105e-01 6.343933e-01 2.145535e-16
    outer loop
      vertex   8.786797e-01 5.912132e+01 5.000000e+00
      vertex   8.786797e-01 5.912132e+01 -3.000000e+00
      vertex   5.055912e-01 5.866671e+01 5.000000e+00
    endloop
  endfacet
  facet normal -7.730105e-01 6.343933e-01 -2.145535e-16
    outer loop
      vertex   5.055912e-01 5.866671e+01 5.000000e+00
      vertex   8.786797e-01 5.912132e+01 -3.000000e+00
      vertex   5.055912e-01 5.866671e+01 -3.000000e+00
    endloop
  endfacet
  facet normal -8.819213e-01 4.713967e-01 -2.447823e-16
    outer loop
      vertex   5.055912e-01 5.866671e+01 5.000000e+00
      vertex   5.055912e-01 5.866671e+01 -3.000000e+00
      vertex   2.283614e-01 5.814805e+01 5.000000e+00
    endloop
  endfacet
  facet normal -8.819213e-01 4.713967e-01 -1.529890e-17
    outer loop
      vertex   2.283614e-01 5.814805e+01 5.000000e+00
      vertex   5.055912e-01 5.866671e+01 -3.000000e+00
      vertex   2.283614e-01 5.814805e+01 -3.000000e+00
    endloop
  endfacet
  facet normal -9.569403e-01 2.902847e-01 -1.660027e-17
    outer loop
      vertex   2.283614e-01 5.814805e+01 5.000000e+00
      vertex   2.283614e-01 5.814805e+01 -3.000000e+00
      vertex   5.764416e-02 5.758527e+01 5.000000e+00
    endloop
  endfacet
  facet normal -9.569403e-01 2.902847e-01 3.320054e-17
    outer loop
      vertex   5.764416e-02 5.758527e+01 5.000000e+00
      vertex   2.283614e-01 5.814805e+01 -3.000000e+00
      vertex   5.764416e-02 5.758527e+01 -3.000000e+00
    endloop
  endfacet
  facet normal -9.951847e-01 9.801714e-02 3.452741e-17
    outer loop
      vertex   5.764416e-02 5.758527e+01 5.000000e+00
      vertex   5.764416e-02 5.758527e+01 -3.000000e+00
      vertex   0.000000e+00 5.700000e+01 -3.000000e+00
    endloop
  endfacet
  facet normal -1.000000e+00 7.105428e-15 0.000000e+00
    outer loop
      vertex   0.000000e+00 5.700000e+01 -3.000000e+00
      vertex   -7.105427e-14 4.700000e+01 9.000000e+00
      vertex   0.000000e+00 5.700000e+01 1.300000e+01
    endloop
  endfacet
  facet normal -1.000000e+00 0.000000e+00 1.776357e-14
    outer loop
      vertex   0.000000e+00 5.700000e+01 1.300000e+01
      vertex   -7.105427e-14 4.700000e+01 9.000000e+00
      vertex   -7.105427e-14 3.100000e+01 9.000000e+00
    endloop
  endfacet
  facet normal -1.000000e+00 0.000000e+00 1.776357e-14
    outer loop
      vertex   0.000000e+00 5.700000e+01 1.300000e+01
      vertex   -7.105427e-14 3.100000e+01 9.000000e+00
      vertex   0.000000e+00 3.000000e+00 1.300000e+01
    endloop
  endfacet
  facet normal -1.000000e+00 -2.537653e-15 -0.000000e+00
    outer loop
      vertex   0.000000e+00 3.000000e+00 1.300000e+01
      vertex   -7.105427e-14 3.100000e+01 9.000000e+00
      vertex   0.000000e+00 3.000000e+00 -3.000000e+00
    endloop
  endfacet
  facet normal -1.000000e+00 -2.537653e-15 1.202074e-30
    outer loop
      vertex   0.000000e+00 3.000000e+00 -3.000000e+00
      vertex   -7.105427e-14 3.100000e+01 9.000000e+00
      vertex   -7.105427e-14 3.100000e+01 -3.000000e+00
    endloop
  endfacet
  facet normal -1.000000e+00 7.105428e-15 0.000000e+00
    outer loop
      vertex   0.000000e+00 5.700000e+01 -3.000000e+00
      vertex   -7.105427e-14 4.700000e+01 -3.000000e+00
      vertex   -7.105427e-14 4.700000e+01 9.000000e+00
    endloop
  endfacet
  facet normal 9.801714e-02 9.951847e-01 -0.000000e+00
    outer loop
      vertex   7.700000e+01 6.000000e+01 -3.000000e+00
      vertex   7.700000e+01 6.000000e+01 1.300000e+01
      vertex   7.758527e+01 5.994236e+01 5.000000e+00
    endloop
  endfacet
  facet normal 9.801714e-02 9.951847e-01 -1.767803e-15
    outer loop
      vertex   7.758527e+01 5.994236e+01 5.000000e+00
      vertex   7.700000e+01 6.000000e+01 1.300000e+01
      vertex   7.758527e+01 5.994236e+01 1.300000e+01
    endloop
  endfacet
  facet normal 2.902847e-01 9.569403e-01 -1.699868e-15
    outer loop
      vertex   7.758527e+01 5.994236e+01 5.000000e+00
      vertex   7.758527e+01 5.994236e+01 1.300000e+01
      vertex   7.814805e+01 5.977164e+01 5.000000e+00
    endloop
  endfacet
  facet normal 2.902847e-01 9.569403e-01 -0.000000e+00
    outer loop
      vertex   7.814805e+01 5.977164e+01 5.000000e+00
      vertex   7.758527e+01 5.994236e+01 1.300000e+01
      vertex   7.814805e+01 5.977164e+01 1.300000e+01
    endloop
  endfacet
  facet normal 4.713967e-01 8.819213e-01 -0.000000e+00
    outer loop
      vertex   7.814805e+01 5.977164e+01 5.000000e+00
      vertex   7.814805e+01 5.977164e+01 1.300000e+01
      vertex   7.866671e+01 5.949441e+01 5.000000e+00
    endloop
  endfacet
  facet normal 4.713967e-01 8.819213e-01 -0.000000e+00
    outer loop
      vertex   7.866671e+01 5.949441e+01 5.000000e+00
      vertex   7.814805e+01 5.977164e+01 1.300000e+01
      vertex   7.866671e+01 5.949441e+01 1.300000e+01
    endloop
  endfacet
  facet normal 6.343933e-01 7.730105e-01 -0.000000e+00
    outer loop
      vertex   7.866671e+01 5.949441e+01 5.000000e+00
      vertex   7.866671e+01 5.949441e+01 1.300000e+01
      vertex   7.912132e+01 5.912132e+01 5.000000e+00
    endloop
  endfacet
  facet normal 6.343933e-01 7.730105e-01 -0.000000e+00
    outer loop
      vertex   7.912132e+01 5.912132e+01 5.000000e+00
      vertex   7.866671e+01 5.949441e+01 1.300000e+01
      vertex   7.912132e+01 5.912132e+01 1.300000e+01
    endloop
  endfacet
  facet normal 7.730105e-01 6.343933e-01 -0.000000e+00
    outer loop
      vertex   7.912132e+01 5.912132e+01 5.000000e+00
      vertex   7.912132e+01 5.912132e+01 1.300000e+01
      vertex   7.949441e+01 5.866671e+01 5.000000e+00
    endloop
  endfacet
  facet normal 7.730105e-01 6.343933e-01 -0.000000e+00
    outer loop
      vertex   7.949441e+01 5.866671e+01 5.000000e+00
      vertex   7.912132e+01 5.912132e+01 1.300000e+01
      vertex   7.949441e+01 5.866671e+01 1.300000e+01
    endloop
  endfacet
  facet normal 8.819213e-01 4.713967e-01 -0.000000e+00
    outer loop
      vertex   7.949441e+01 5.866671e+01 5.000000e+00
      vertex   7.949441e+01 5.866671e+01 1.300000e+01
      vertex   7.977164e+01 5.814805e+01 5.000000e+00
    endloop
  endfacet
  facet normal 8.819213e-01 4.713967e-01 1.566607e-15
    outer loop
      vertex   7.977164e+01 5.814805e+01 5.000000e+00
      vertex   7.949441e+01 5.866671e+01 1.300000e+01
      vertex   7.977164e+01 5.814805e+01 1.300000e+01
    endloop
  endfacet
  facet normal 9.569403e-01 2.902847e-01 1.699868e-15
    outer loop
      vertex   7.977164e+01 5.814805e+01 5.000000e+00
      vertex   7.977164e+01 5.814805e+01 1.300000e+01
      vertex   7.994236e+01 5.758527e+01 5.000000e+00
    endloop
  endfacet
  facet normal 9.569403e-01 2.902847e-01 -0.000000e+00
    outer loop
      vertex   7.994236e+01 5.758527e+01 5.000000e+00
      vertex   7.977164e+01 5.814805e+01 1.300000e+01
      vertex   7.994236e+01 5.758527e+01 1.300000e+01
    endloop
  endfacet
  facet normal 9.951847e-01 9.801714e-02 -0.000000e+00
    outer loop
      vertex   7.994236e+01 5.758527e+01 5.000000e+00
      vertex   7.994236e+01 5.758527e+01 1.300000e+01
      vertex   8.000000e+01 5.700000e+01 1.300000e+01
    endloop
  endfacet
  facet normal 9.951847e-01 9.801714e-02 0.000000e+00
    outer loop
      vertex   8.000000e+01 5.700000e+01 1.300000e+01
      vertex   8.000000e+01 5.700000e+01 -3.000000e+00
      vertex   7.994236e+01 5.758527e+01 5.000000e+00
    endloop
  endfacet
  facet normal 9.951847e-01 9.801714e-02 0.000000e+00
    outer loop
      vertex   7.994236e+01 5.758527e+01 5.000000e+00
      vertex   8.000000e+01 5.700000e+01 -3.000000e+00
      vertex   7.994236e+01 5.758527e+01 -3.000000e+00
    endloop
  endfacet
  facet normal 9.569403e-01 2.902847e-01 0.000000e+00
    outer loop
      vertex   7.994236e+01 5.758527e+01 5.000000e+00
      vertex   7.994236e+01 5.758527e+01 -3.000000e+00
      vertex   7.977164e+01 5.814805e+01 5.000000e+00
    endloop
  endfacet
  facet normal 9.569403e-01 2.902847e-01 -1.699868e-15
    outer loop
      vertex   7.977164e+01 5.814805e+01 5.000000e+00
      vertex   7.994236e+01 5.758527e+01 -3.000000e+00
      vertex   7.977164e+01 5.814805e+01 -3.000000e+00
    endloop
  endfacet
  facet normal 8.819213e-01 4.713967e-01 -1.566607e-15
    outer loop
      vertex   7.977164e+01 5.814805e+01 5.000000e+00
      vertex   7.977164e+01 5.814805e+01 -3.000000e+00
      vertex   7.949441e+01 5.866671e+01 5.000000e+00
    endloop
  endfacet
  facet normal 8.819213e-01 4.713967e-01 0.000000e+00
    outer loop
      vertex   7.949441e+01 5.866671e+01 5.000000e+00
      vertex   7.977164e+01 5.814805e+01 -3.000000e+00
      vertex   7.949441e+01 5.866671e+01 -3.000000e+00
    endloop
  endfacet
  facet normal 7.730105e-01 6.343933e-01 0.000000e+00
    outer loop
      vertex   7.949441e+01 5.866671e+01 5.000000e+00
      vertex   7.949441e+01 5.866671e+01 -3.000000e+00
      vertex   7.912132e+01 5.912132e+01 5.000000e+00
    endloop
  endfacet
  facet normal 7.730105e-01 6.343933e-01 0.000000e+00
    outer loop
      vertex   7.912132e+01 5.912132e+01 5.000000e+00
      vertex   7.949441e+01 5.866671e+01 -3.000000e+00
      vertex   7.912132e+01 5.912132e+01 -3.000000e+00
    endloop
  endfacet
  facet normal 6.343933e-01 7.730105e-01 0.000000e+00
    outer loop
      vertex   7.912132e+01 5.912132e+01 5.000000e+00
      vertex   7.912132e+01 5.912132e+01 -3.000000e+00
      vertex   7.866671e+01 5.949441e+01 5.000000e+00
    endloop
  endfacet
  facet normal 6.343933e-01 7.730105e-01 0.000000e+00
    outer loop
      vertex   7.866671e+01 5.949441e+01 5.000000e+00
      vertex   7.912132e+01 5.912132e+01 -3.000000e+00
      vertex   7.866671e+01 5.949441e+01 -3.000000e+00
    endloop
  endfacet
  facet normal 4.713967e-01 8.819213e-01 0.000000e+00
    outer loop
      vertex   7.866671e+01 5.949441e+01 5.000000e+00
      vertex   7.866671e+01 5.949441e+01 -3.000000e+00
      vertex   7.814805e+01 5.977164e+01 5.000000e+00
    endloop
  endfacet
  facet normal 4.713967e-01 8.819213e-01 0.000000e+00
    outer loop
      vertex   7.814805e+01 5.977164e+01 5.000000e+00
      vertex   7.866671e+01 5.949441e+01 -3.000000e+00
      vertex   7.814805e+01 5.977164e+01 -3.000000e+00
    endloop
  endfacet
  facet normal 2.902847e-01 9.569403e-01 0.000000e+00
    outer loop
      vertex   7.814805e+01 5.977164e+01 5.000000e+00
      vertex   7.814805e+01 5.977164e+01 -3.000000e+00
      vertex   7.758527e+01 5.994236e+01 5.000000e+00
    endloop
  endfacet
  facet normal 2.902847e-01 9.569403e-01 1.699868e-15
    outer loop
      vertex   7.758527e+01 5.994236e+01 5.000000e+00
      vertex   7.814805e+01 5.977164e+01 -3.000000e+00
      vertex   7.758527e+01 5.994236e+01 -3.000000e+00
    endloop
  endfacet
  facet normal 9.801714e-02 9.951847e-01 1.767803e-15
    outer loop
      vertex   7.758527e+01 5.994236e+01 5.000000e+00
      vertex   7.758527e+01 5.994236e+01 -3.000000e+00
      vertex   7.700000e+01 6.000000e+01 -3.000000e+00
    endloop
  endfacet
  facet normal 1.000000e+00 7.947286e-08 -0.000000e+00
    outer loop
      vertex   8.000000e+01 4.200000e+01 -3.000000e+00
      vertex   8.000000e+01 5.700000e+01 -3.000000e+00
      vertex   8.000000e+01 4.200000e+01 9.000000e+00
    endloop
  endfacet
  facet normal 1.000000e+00 7.947286e-08 0.000000e+00
    outer loop
      vertex   8.000000e+01 4.200000e+01 9.000000e+00
      vertex   8.000000e+01 5.700000e+01 -3.000000e+00
      vertex   8.000000e+01 5.700000e+01 1.300000e+01
    endloop
  endfacet
  facet normal 1.000000e+00 0.000000e+00 2.980232e-07
    outer loop
      vertex   8.000000e+01 4.200000e+01 9.000000e+00
      vertex   8.000000e+01 5.700000e+01 1.300000e+01
      vertex   8.000000e+01 2.900000e+01 9.000000e+00
    endloop
  endfacet
  facet normal 1.000000e+00 0.000000e+00 2.980232e-07
    outer loop
      vertex   8.000000e+01 2.900000e+01 9.000000e+00
      vertex   8.000000e+01 5.700000e+01 1.300000e+01
      vertex   8.000000e+01 3.000000e+00 1.300000e+01
    endloop
  endfacet
  facet normal 1.000000e+00 -4.584973e-08 0.000000e+00
    outer loop
      vertex   8.000000e+01 2.900000e+01 9.000000e+00
      vertex   8.000000e+01 3.000000e+00 1.300000e+01
      vertex   8.000000e+01 3.000000e+00 -3.000000e+00
    endloop
  endfacet
  facet normal 1.000000e+00 -4.584973e-08 0.000000e+00
    outer loop
      vertex   8.000000e+01 3.000000e+00 -3.000000e+00
      vertex   8.000000e+01 2.900000e+01 -3.000000e+00
      vertex   8.000000e+01 2.900000e+01 9.000000e+00
    endloop
  endfacet
  facet normal 9.951847e-01 -9.801714e-02 0.000000e+00
    outer loop
      vertex   8.000000e+01 3.000000e+00 -3.000000e+00
      vertex   8.000000e+01 3.000000e+00 1.300000e+01
      vertex   7.994236e+01 2.414729e+00 5.000000e+00
    endloop
  endfacet
  facet normal 9.951847e-01 -9.801714e-02 5.441044e-18
    outer loop
      vertex   7.994236e+01 2.414729e+00 5.000000e+00
      vertex   8.000000e+01 3.000000e+00 1.300000e+01
      vertex   7.994236e+01 2.414729e+00 1.300000e+01
    endloop
  endfacet
  facet normal 9.569403e-01 -2.902847e-01 1.611404e-17
    outer loop
      vertex   7.994236e+01 2.414729e+00 5.000000e+00
      vertex   7.994236e+01 2.414729e+00 1.300000e+01
      vertex   7.977164e+01 1.851950e+00 5.000000e+00
    endloop
  endfacet
  facet normal 9.569403e-01 -2.902847e-01 -3.222807e-17
    outer loop
      vertex   7.977164e+01 1.851950e+00 5.000000e+00
      vertex   7.994236e+01 2.414729e+00 1.300000e+01
      vertex   7.977164e+01 1.851950e+00 1.300000e+01
    endloop
  endfacet
  facet normal 8.819213e-01 -4.713967e-01 -5.233555e-17
    outer loop
      vertex   7.977164e+01 1.851950e+00 5.000000e+00
      vertex   7.977164e+01 1.851950e+00 1.300000e+01
      vertex   7.949441e+01 1.333289e+00 5.000000e+00
    endloop
  endfacet
  facet normal 8.819213e-01 -4.713967e-01 -9.158721e-17
    outer loop
      vertex   7.949441e+01 1.333289e+00 5.000000e+00
      vertex   7.977164e+01 1.851950e+00 1.300000e+01
      vertex   7.949441e+01 1.333289e+00 1.300000e+01
    endloop
  endfacet
  facet normal 7.730105e-01 -6.343933e-01 -1.232557e-16
    outer loop
      vertex   7.949441e+01 1.333289e+00 5.000000e+00
      vertex   7.949441e+01 1.333289e+00 1.300000e+01
      vertex   7.912132e+01 8.786797e-01 5.000000e+00
    endloop
  endfacet
  facet normal 7.730105e-01 -6.343933e-01 1.672755e-16
    outer loop
      vertex   7.912132e+01 8.786797e-01 5.000000e+00
      vertex   7.949441e+01 1.333289e+00 1.300000e+01
      vertex   7.912132e+01 8.786797e-01 1.300000e+01
    endloop
  endfacet
  facet normal 6.343933e-01 -7.730105e-01 2.038258e-16
    outer loop
      vertex   7.912132e+01 8.786797e-01 5.000000e+00
      vertex   7.912132e+01 8.786797e-01 1.300000e+01
      vertex   7.866671e+01 5.055912e-01 5.000000e+00
    endloop
  endfacet
  facet normal 6.343933e-01 -7.730105e-01 -2.145535e-16
    outer loop
      vertex   7.866671e+01 5.055912e-01 5.000000e+00
      vertex   7.912132e+01 8.786797e-01 1.300000e+01
      vertex   7.866671e+01 5.055912e-01 1.300000e+01
    endloop
  endfacet
  facet normal 4.713967e-01 -8.819213e-01 -2.447823e-16
    outer loop
      vertex   7.866671e+01 5.055912e-01 5.000000e+00
      vertex   7.866671e+01 5.055912e-01 1.300000e+01
      vertex   7.814805e+01 2.283614e-01 5.000000e+00
    endloop
  endfacet
  facet normal 4.713967e-01 -8.819213e-01 4.589669e-17
    outer loop
      vertex   7.814805e+01 2.283614e-01 5.000000e+00
      vertex   7.866671e+01 5.055912e-01 1.300000e+01
      vertex   7.814805e+01 2.283614e-01 1.300000e+01
    endloop
  endfacet
  facet normal 2.902847e-01 -9.569403e-01 4.980081e-17
    outer loop
      vertex   7.814805e+01 2.283614e-01 5.000000e+00
      vertex   7.814805e+01 2.283614e-01 1.300000e+01
      vertex   7.758527e+01 5.764416e-02 5.000000e+00
    endloop
  endfacet
  facet normal 2.902847e-01 -9.569403e-01 1.992032e-16
    outer loop
      vertex   7.758527e+01 5.764416e-02 5.000000e+00
      vertex   7.814805e+01 2.283614e-01 1.300000e+01
      vertex   7.758527e+01 5.764416e-02 1.300000e+01
    endloop
  endfacet
  facet normal 9.801714e-02 -9.951847e-01 2.071644e-16
    outer loop
      vertex   7.758527e+01 5.764416e-02 5.000000e+00
      vertex   7.758527e+01 5.764416e-02 1.300000e+01
      vertex   7.700000e+01 0.000000e+00 1.300000e+01
    endloop
  endfacet
  facet normal 9.801714e-02 -9.951847e-01 0.000000e+00
    outer loop
      vertex   7.700000e+01 0.000000e+00 1.300000e+01
      vertex   7.700000e+01 0.000000e+00 -3.000000e+00
      vertex   7.758527e+01 5.764416e-02 5.000000e+00
    endloop
  endfacet
  facet normal 9.801714e-02 -9.951847e-01 -2.071644e-16
    outer loop
      vertex   7.758527e+01 5.764416e-02 5.000000e+00
      vertex   7.700000e+01 0.000000e+00 -3.000000e+00
      vertex   7.758527e+01 5.764416e-02 -3.000000e+00
    endloop
  endfacet
  facet normal 2.902847e-01 -9.569403e-01 -1.992032e-16
    outer loop
      vertex   7.758527e+01 5.764416e-02 5.000000e+00
      vertex   7.758527e+01 5.764416e-02 -3.000000e+00
      vertex   7.814805e+01 2.283614e-01 5.000000e+00
    endloop
  endfacet
  facet normal 2.902847e-01 -9.569403e-01 -4.980081e-17
    outer loop
      vertex   7.814805e+01 2.283614e-01 5.000000e+00
      vertex   7.758527e+01 5.764416e-02 -3.000000e+00
      vertex   7.814805e+01 2.283614e-01 -3.000000e+00
    endloop
  endfacet
  facet normal 4.713967e-01 -8.819213e-01 -4.589669e-17
    outer loop
      vertex   7.814805e+01 2.283614e-01 5.000000e+00
      vertex   7.814805e+01 2.283614e-01 -3.000000e+00
      vertex   7.866671e+01 5.055912e-01 5.000000e+00
    endloop
  endfacet
  facet normal 4.713967e-01 -8.819213e-01 2.447823e-16
    outer loop
      vertex   7.866671e+01 5.055912e-01 5.000000e+00
      vertex   7.814805e+01 2.283614e-01 -3.000000e+00
      vertex   7.866671e+01 5.055912e-01 -3.000000e+00
    endloop
  endfacet
  facet normal 6.343933e-01 -7.730105e-01 2.145535e-16
    outer loop
      vertex   7.866671e+01 5.055912e-01 5.000000e+00
      vertex   7.866671e+01 5.055912e-01 -3.000000e+00
      vertex   7.912132e+01 8.786797e-01 5.000000e+00
    endloop
  endfacet
  facet normal 6.343933e-01 -7.730105e-01 -2.038258e-16
    outer loop
      vertex   7.912132e+01 8.786797e-01 5.000000e+00
      vertex   7.866671e+01 5.055912e-01 -3.000000e+00
      vertex   7.912132e+01 8.786797e-01 -3.000000e+00
    endloop
  endfacet
  facet normal 7.730105e-01 -6.343933e-01 -1.672755e-16
    outer loop
      vertex   7.912132e+01 8.786797e-01 5.000000e+00
      vertex   7.912132e+01 8.786797e-01 -3.000000e+00
      vertex   7.949441e+01 1.333289e+00 5.000000e+00
    endloop
  endfacet
  facet normal 7.730105e-01 -6.343933e-01 1.232557e-16
    outer loop
      vertex   7.949441e+01 1.333289e+00 5.000000e+00
      vertex   7.912132e+01 8.786797e-01 -3.000000e+00
      vertex   7.949441e+01 1.333289e+00 -3.000000e+00
    endloop
  endfacet
  facet normal 8.819213e-01 -4.713967e-01 9.158721e-17
    outer loop
      vertex   7.949441e+01 1.333289e+00 5.000000e+00
      vertex   7.949441e+01 1.333289e+00 -3.000000e+00
      vertex   7.977164e+01 1.851950e+00 5.000000e+00
    endloop
  endfacet
  facet normal 8.819213e-01 -4.713967e-01 5.233555e-17
    outer loop
      vertex   7.977164e+01 1.851950e+00 5.000000e+00
      vertex   7.949441e+01 1.333289e+00 -3.000000e+00
      vertex   7.977164e+01 1.851950e+00 -3.000000e+00
    endloop
  endfacet
  facet normal 9.569403e-01 -2.902847e-01 3.222807e-17
    outer loop
      vertex   7.977164e+01 1.851950e+00 5.000000e+00
      vertex   7.977164e+01 1.851950e+00 -3.000000e+00
      vertex   7.994236e+01 2.414729e+00 5.000000e+00
    endloop
  endfacet
  facet normal 9.569403e-01 -2.902847e-01 -1.611404e-17
    outer loop
      vertex   7.994236e+01 2.414729e+00 5.000000e+00
      vertex   7.977164e+01 1.851950e+00 -3.000000e+00
      vertex   7.994236e+01 2.414729e+00 -3.000000e+00
    endloop
  endfacet
  facet normal 9.951847e-01 -9.801714e-02 -5.441044e-18
    outer loop
      vertex   7.994236e+01 2.414729e+00 5.000000e+00
      vertex   7.994236e+01 2.414729e+00 -3.000000e+00
      vertex   8.000000e+01 3.000000e+00 -3.000000e+00
    endloop
  endfacet
  facet normal -0.000000e+00 -1.000000e+00 -0.000000e+00
    outer loop
      vertex   7.700000e+01 0.000000e+00 1.300000e+01
      vertex   3.000000e+00 0.000000e+00 1.300000e+01
      vertex   7.700000e+01 0.000000e+00 -3.000000e+00
    endloop
  endfacet
  facet normal 0.000000e+00 -1.000000e+00 0.000000e+00
    outer loop
      vertex   7.700000e+01 0.000000e+00 -3.000000e+00
      vertex   3.000000e+00 0.000000e+00 1.300000e+01
      vertex   3.000000e+00 0.000000e+00 -3.000000e+00
    endloop
  endfacet
  facet normal -9.801714e-02 -9.951847e-01 0.000000e+00
    outer loop
      vertex   3.000000e+00 0.000000e+00 -3.000000e+00
      vertex   3.000000e+00 0.000000e+00 1.300000e+01
      vertex   2.414729e+00 5.764416e-02 5.000000e+00
    endloop
  endfacet
  facet normal -9.801714e-02 -9.951847e-01 3.452741e-17
    outer loop
      vertex   2.414729e+00 5.764416e-02 5.000000e+00
      vertex   3.000000e+00 0.000000e+00 1.300000e+01
      vertex   2.414729e+00 5.764416e-02 1.300000e+01
    endloop
  endfacet
  facet normal -2.902847e-01 -9.569403e-01 3.320054e-17
    outer loop
      vertex   2.414729e+00 5.764416e-02 5.000000e+00
      vertex   2.414729e+00 5.764416e-02 1.300000e+01
      vertex   1.851950e+00 2.283614e-01 5.000000e+00
    endloop
  endfacet
  facet normal -2.902847e-01 -9.569403e-01 0.000000e+00
    outer loop
      vertex   1.851950e+00 2.283614e-01 5.000000e+00
      vertex   2.414729e+00 5.764416e-02 1.300000e+01
      vertex   1.851950e+00 2.283614e-01 1.300000e+01
    endloop
  endfacet
  facet normal -4.713967e-01 -8.819213e-01 0.000000e+00
    outer loop
      vertex   1.851950e+00 2.283614e-01 5.000000e+00
      vertex   1.851950e+00 2.283614e-01 1.300000e+01
      vertex   1.333289e+00 5.055912e-01 5.000000e+00
    endloop
  endfacet
  facet normal -4.713967e-01 -8.819213e-01 1.223912e-17
    outer loop
      vertex   1.333289e+00 5.055912e-01 5.000000e+00
      vertex   1.851950e+00 2.283614e-01 1.300000e+01
      vertex   1.333289e+00 5.055912e-01 1.300000e+01
    endloop
  endfacet
  facet normal -6.343933e-01 -7.730105e-01 1.072768e-17
    outer loop
      vertex   1.333289e+00 5.055912e-01 5.000000e+00
      vertex   1.333289e+00 5.055912e-01 1.300000e+01
      vertex   8.786797e-01 8.786797e-01 5.000000e+00
    endloop
  endfacet
  facet normal -6.343933e-01 -7.730105e-01 -1.923700e-18
    outer loop
      vertex   8.786797e-01 8.786797e-01 5.000000e+00
      vertex   1.333289e+00 5.055912e-01 1.300000e+01
      vertex   8.786797e-01 8.786797e-01 1.300000e+01
    endloop
  endfacet
  facet normal -7.730105e-01 -6.343933e-01 1.923700e-18
    outer loop
      vertex   8.786797e-01 8.786797e-01 5.000000e+00
      vertex   8.786797e-01 8.786797e-01 1.300000e+01
      vertex   5.055912e-01 1.333289e+00 5.000000e+00
    endloop
  endfacet
  facet normal -7.730105e-01 -6.343933e-01 1.457507e-17
    outer loop
      vertex   5.055912e-01 1.333289e+00 5.000000e+00
      vertex   8.786797e-01 8.786797e-01 1.300000e+01
      vertex   5.055912e-01 1.333289e+00 1.300000e+01
    endloop
  endfacet
  facet normal -8.819213e-01 -4.713967e-01 2.363346e-17
    outer loop
      vertex   5.055912e-01 1.333289e+00 5.000000e+00
      vertex   5.055912e-01 1.333289e+00 1.300000e+01
      vertex   2.283614e-01 1.851950e+00 5.000000e+00
    endloop
  endfacet
  facet normal -8.819213e-01 -4.713967e-01 3.059779e-17
    outer loop
      vertex   2.283614e-01 1.851950e+00 5.000000e+00
      vertex   5.055912e-01 1.333289e+00 1.300000e+01
      vertex   2.283614e-01 1.851950e+00 1.300000e+01
    endloop
  endfacet
  facet normal -9.569403e-01 -2.902847e-01 3.320054e-17
    outer loop
      vertex   2.283614e-01 1.851950e+00 5.000000e+00
      vertex   2.283614e-01 1.851950e+00 1.300000e+01
      vertex   5.764416e-02 2.414729e+00 5.000000e+00
    endloop
  endfacet
  facet normal -9.569403e-01 -2.902847e-01 0.000000e+00
    outer loop
      vertex   5.764416e-02 2.414729e+00 5.000000e+00
      vertex   2.283614e-01 1.851950e+00 1.300000e+01
      vertex   5.764416e-02 2.414729e+00 1.300000e+01
    endloop
  endfacet
  facet normal -9.951847e-01 -9.801714e-02 0.000000e+00
    outer loop
      vertex   5.764416e-02 2.414729e+00 5.000000e+00
      vertex   5.764416e-02 2.414729e+00 1.300000e+01
      vertex   0.000000e+00 3.000000e+00 1.300000e+01
    endloop
  endfacet
  facet normal -9.951847e-01 -9.801714e-02 -0.000000e+00
    outer loop
      vertex   0.000000e+00 3.000000e+00 1.300000e+01
      vertex   0.000000e+00 3.000000e+00 -3.000000e+00
      vertex   5.764416e-02 2.414729e+00 5.000000e+00
    endloop
  endfacet
  facet normal -9.951847e-01 -9.801714e-02 -0.000000e+00
    outer loop
      vertex   5.764416e-02 2.414729e+00 5.000000e+00
      vertex   0.000000e+00 3.000000e+00 -3.000000e+00
      vertex   5.764416e-02 2.414729e+00 -3.000000e+00
    endloop
  endfacet
  facet normal -9.569403e-01 -2.902847e-01 -0.000000e+00
    outer loop
      vertex   5.764416e-02 2.414729e+00 5.000000e+00
      vertex   5.764416e-02 2.414729e+00 -3.000000e+00
      vertex   2.283614e-01 1.851950e+00 5.000000e+00
    endloop
  endfacet
  facet normal -9.569403e-01 -2.902847e-01 -3.320054e-17
    outer loop
      vertex   2.283614e-01 1.851950e+00 5.000000e+00
      vertex   5.764416e-02 2.414729e+00 -3.000000e+00
      vertex   2.283614e-01 1.851950e+00 -3.000000e+00
    endloop
  endfacet
  facet normal -8.819213e-01 -4.713967e-01 -3.059779e-17
    outer loop
      vertex   2.283614e-01 1.851950e+00 5.000000e+00
      vertex   2.283614e-01 1.851950e+00 -3.000000e+00
      vertex   5.055912e-01 1.333289e+00 5.000000e+00
    endloop
  endfacet
  facet normal -8.819213e-01 -4.713967e-01 -2.363346e-17
    outer loop
      vertex   5.055912e-01 1.333289e+00 5.000000e+00
      vertex   2.283614e-01 1.851950e+00 -3.000000e+00
      vertex   5.055912e-01 1.333289e+00 -3.000000e+00
    endloop
  endfacet
  facet normal -7.730105e-01 -6.343933e-01 -1.457507e-17
    outer loop
      vertex   5.055912e-01 1.333289e+00 5.000000e+00
      vertex   5.055912e-01 1.333289e+00 -3.000000e+00
      vertex   8.786797e-01 8.786797e-01 5.000000e+00
    endloop
  endfacet
  facet normal -7.730105e-01 -6.343933e-01 -1.923700e-18
    outer loop
      vertex   8.786797e-01 8.786797e-01 5.000000e+00
      vertex   5.055912e-01 1.333289e+00 -3.000000e+00
      vertex   8.786797e-01 8.786797e-01 -3.000000e+00
    endloop
  endfacet
  facet normal -6.343933e-01 -7.730105e-01 1.923700e-18
    outer loop
      vertex   8.786797e-01 8.786797e-01 5.000000e+00
      vertex   8.786797e-01 8.786797e-01 -3.000000e+00
      vertex   1.333289e+00 5.055912e-01 5.000000e+00
    endloop
  endfacet
  facet normal -6.343933e-01 -7.730105e-01 -1.072768e-17
    outer loop
      vertex   1.333289e+00 5.055912e-01 5.000000e+00
      vertex   8.786797e-01 8.786797e-01 -3.000000e+00
      vertex   1.333289e+00 5.055912e-01 -3.000000e+00
    endloop
  endfacet
  facet normal -4.713967e-01 -8.819213e-01 -1.223912e-17
    outer loop
      vertex   1.333289e+00 5.055912e-01 5.000000e+00
      vertex   1.333289e+00 5.055912e-01 -3.000000e+00
      vertex   1.851950e+00 2.283614e-01 5.000000e+00
    endloop
  endfacet
  facet normal -4.713967e-01 -8.819213e-01 -0.000000e+00
    outer loop
      vertex   1.851950e+00 2.283614e-01 5.000000e+00
      vertex   1.333289e+00 5.055912e-01 -3.000000e+00
      vertex   1.851950e+00 2.283614e-01 -3.000000e+00
    endloop
  endfacet
  facet normal -2.902847e-01 -9.569403e-01 -0.000000e+00
    outer loop
      vertex   1.851950e+00 2.283614e-01 5.000000e+00
      vertex   1.851950e+00 2.283614e-01 -3.000000e+00
      vertex   2.414729e+00 5.764416e-02 5.000000e+00
    endloop
  endfacet
  facet normal -2.902847e-01 -9.569403e-01 -3.320054e-17
    outer loop
      vertex   2.414729e+00 5.764416e-02 5.000000e+00
      vertex   1.851950e+00 2.283614e-01 -3.000000e+00
      vertex   2.414729e+00 5.764416e-02 -3.000000e+00
    endloop
  endfacet
  facet normal -9.801714e-02 -9.951847e-01 -3.452741e-17
    outer loop
      vertex   2.414729e+00 5.764416e-02 5.000000e+00
      vertex   2.414729e+00 5.764416e-02 -3.000000e+00
      vertex   3.000000e+00 0.000000e+00 -3.000000e+00
    endloop
  endfacet
  facet normal 0.000000e+00 -1.000000e+00 0.000000e+00
    outer loop
      vertex   7.500000e+01 4.200000e+01 9.000000e+00
      vertex   7.500000e+01 4.200000e+01 -3.000000e+00
      vertex   8.000000e+01 4.200000e+01 9.000000e+00
    endloop
  endfacet
  facet normal 0.000000e+00 -1.000000e+00 -0.000000e+00
    outer loop
      vertex   8.000000e+01 4.200000e+01 9.000000e+00
      vertex   7.500000e+01 4.200000e+01 -3.000000e+00
      vertex   8.000000e+01 4.200000e+01 -3.000000e+00
    endloop
  endfacet
  facet normal 0.000000e+00 1.000000e+00 0.000000e+00
    outer loop
      vertex   7.500000e+01 2.900000e+01 -3.000000e+00
      vertex   7.500000e+01 2.900000e+01 9.000000e+00
      vertex   8.000000e+01 2.900000e+01 -3.000000e+00
    endloop
  endfacet
  facet normal 0.000000e+00 1.000000e+00 -0.000000e+00
    outer loop
      vertex   8.000000e+01 2.900000e+01 -3.000000e+00
      vertex   7.500000e+01 2.900000e+01 9.000000e+00
      vertex   8.000000e+01 2.900000e+01 9.000000e+00
    endloop
  endfacet
  facet normal 0.000000e+00 0.000000e+00 -1.000000e+00
    outer loop
      vertex   7.500000e+01 2.900000e+01 9.000000e+00
      vertex   7.500000e+01 4.200000e+01 9.000000e+00
      vertex   8.000000e+01 2.900000e+01 9.000000e+00
    endloop
  endfacet
  facet normal 0.000000e+00 0.000000e+00 -1.000000e+00
    outer loop
      vertex   8.000000e+01 2.900000e+01 9.000000e+00
      vertex   7.500000e+01 4.200000e+01 9.000000e+00
      vertex   8.000000e+01 4.200000e+01 9.000000e+00
    endloop
  endfacet
  facet normal 0.000000e+00 -1.000000e+00 0.000000e+00
    outer loop
      vertex   5.000000e+00 4.700000e+01 -3.000000e+00
      vertex   5.000000e+00 4.700000e+01 9.000000e+00
      vertex   -7.105427e-14 4.700000e+01 -3.000000e+00
    endloop
  endfacet
  facet normal 0.000000e+00 -1.000000e+00 0.000000e+00
    outer loop
      vertex   -7.105427e-14 4.700000e+01 -3.000000e+00
      vertex   5.000000e+00 4.700000e+01 9.000000e+00
      vertex   -7.105427e-14 4.700000e+01 9.000000e+00
    endloop
  endfacet
  facet normal -0.000000e+00 -0.000000e+00 -1.000000e+00
    outer loop
      vertex   5.000000e+00 4.700000e+01 9.000000e+00
      vertex   5.000000e+00 3.100000e+01 9.000000e+00
      vertex   -7.105427e-14 4.700000e+01 9.000000e+00
    endloop
  endfacet
  facet normal 0.000000e+00 0.000000e+00 -1.000000e+00
    outer loop
      vertex   -7.105427e-14 4.700000e+01 9.000000e+00
      vertex   5.000000e+00 3.100000e+01 9.000000e+00
      vertex   -7.105427e-14 3.100000e+01 9.000000e+00
    endloop
  endfacet
  facet normal 0.000000e+00 1.000000e+00 -2.960595e-16
    outer loop
      vertex   5.000000e+00 3.100000e+01 9.000000e+00
      vertex   5.000000e+00 3.100000e+01 -3.000000e+00
      vertex   -7.105427e-14 3.100000e+01 9.000000e+00
    endloop
  endfacet
  facet normal 0.000000e+00 1.000000e+00 -2.960595e-16
    outer loop
      vertex   -7.105427e-14 3.100000e+01 9.000000e+00
      vertex   5.000000e+00 3.100000e+01 -3.000000e+00
      vertex   -7.105427e-14 3.100000e+01 -3.000000e+00
    endloop
  endfacet
  facet normal 1.000000e+00 0.000000e+00 0.000000e+00
    outer loop
      vertex   5.500000e+01 2.100000e+01 1.300000e+01
      vertex   5.500000e+01 9.000000e+00 1.300000e+01
      vertex   5.500000e+01 2.100000e+01 1.200000e+01
    endloop
  endfacet
  facet normal 1.000000e+00 0.000000e+00 0.000000e+00
    outer loop
      vertex   5.500000e+01 2.100000e+01 1.200000e+01
      vertex   5.500000e+01 9.000000e+00 1.300000e+01
      vertex   5.500000e+01 9.000000e+00 1.200000e+01
    endloop
  endfacet
  facet normal -0.000000e+00 -1.000000e+00 -0.000000e+00
    outer loop
      vertex   6.700000e+01 2.100000e+01 1.300000e+01
      vertex   5.500000e+01 2.100000e+01 1.300000e+01
      vertex   6.700000e+01 2.100000e+01 1.200000e+01
    endloop
  endfacet
  facet normal 0.000000e+00 -1.000000e+00 0.000000e+00
    outer loop
      vertex   6.700000e+01 2.100000e+01 1.200000e+01
      vertex   5.500000e+01 2.100000e+01 1.300000e+01
      vertex   5.500000e+01 2.100000e+01 1.200000e+01
    endloop
  endfacet
  facet normal -1.000000e+00 0.000000e+00 0.000000e+00
    outer loop
      vertex   6.700000e+01 9.000000e+00 1.300000e+01
      vertex   6.700000e+01 2.100000e+01 1.300000e+01
      vertex   6.700000e+01 9.000000e+00 1.200000e+01
    endloop
  endfacet
  facet normal -1.000000e+00 0.000000e+00 0.000000e+00
    outer loop
      vertex   6.700000e+01 9.000000e+00 1.200000e+01
      vertex   6.700000e+01 2.100000e+01 1.300000e+01
      vertex   6.700000e+01 2.100000e+01 1.200000e+01
    endloop
  endfacet
  facet normal -0.000000e+00 1.000000e+00 0.000000e+00
    outer loop
      vertex   5.500000e+01 9.000000e+00 1.300000e+01
      vertex   6.700000e+01 9.000000e+00 1.300000e+01
      vertex   5.500000e+01 9.000000e+00 1.200000e+01
    endloop
  endfacet
  facet normal 0.000000e+00 1.000000e+00 0.000000e+00
    outer loop
      vertex   5.500000e+01 9.000000e+00 1.200000e+01
      vertex   6.700000e+01 9.000000e+00 1.300000e+01
      vertex   6.700000e+01 9.000000e+00 1.200000e+01
    endloop
  endfacet
  facet normal -0.000000e+00 1.000000e+00 0.000000e+00
    outer loop
      vertex   1.900000e+01 3.450000e+01 1.300000e+01
      vertex   4.400000e+01 3.450000e+01 1.300000e+01
      vertex   1.900000e+01 3.450000e+01 1.200000e+01
    endloop
  endfacet
  facet normal 0.000000e+00 1.000000e+00 0.000000e+00
    outer loop
      vertex   1.900000e+01 3.450000e+01 1.200000e+01
      vertex   4.400000e+01 3.450000e+01 1.300000e+01
      vertex   4.400000e+01 3.450000e+01 1.200000e+01
    endloop
  endfacet
  facet normal 1.000000e+00 0.000000e+00 0.000000e+00
    outer loop
      vertex   1.900000e+01 5.350000e+01 1.300000e+01
      vertex   1.900000e+01 3.450000e+01 1.300000e+01
      vertex   1.900000e+01 5.350000e+01 1.200000e+01
    endloop
  endfacet
  facet normal 1.000000e+00 0.000000e+00 0.000000e+00
    outer loop
      vertex   1.900000e+01 5.350000e+01 1.200000e+01
      vertex   1.900000e+01 3.450000e+01 1.300000e+01
      vertex   1.900000e+01 3.450000e+01 1.200000e+01
    endloop
  endfacet
  facet normal -0.000000e+00 -1.000000e+00 -0.000000e+00
    outer loop
      vertex   4.400000e+01 5.350000e+01 1.300000e+01
      vertex   1.900000e+01 5.350000e+01 1.300000e+01
      vertex   4.400000e+01 5.350000e+01 1.200000e+01
    endloop
  endfacet
  facet normal 0.000000e+00 -1.000000e+00 0.000000e+00
    outer loop
      vertex   4.400000e+01 5.350000e+01 1.200000e+01
      vertex   1.900000e+01 5.350000e+01 1.300000e+01
      vertex   1.900000e+01 5.350000e+01 1.200000e+01
    endloop
  endfacet
  facet normal -1.000000e+00 0.000000e+00 0.000000e+00
    outer loop
      vertex   4.400000e+01 3.450000e+01 1.300000e+01
      vertex   4.400000e+01 5.350000e+01 1.300000e+01
      vertex   4.400000e+01 3.450000e+01 1.200000e+01
    endloop
  endfacet
  facet normal -1.000000e+00 0.000000e+00 0.000000e+00
    outer loop
      vertex   4.400000e+01 3.450000e+01 1.200000e+01
      vertex   4.400000e+01 5.350000e+01 1.300000e+01
      vertex   4.400000e+01 5.350000e+01 1.200000e+01
    endloop
  endfacet
  facet normal 1.000000e+00 0.000000e+00 0.000000e+00
    outer loop
      vertex   2.500000e+01 2.100000e+01 1.300000e+01
      vertex   2.500000e+01 9.000000e+00 1.300000e+01
      vertex   2.500000e+01 2.100000e+01 1.200000e+01
    endloop
  endfacet
  facet normal 1.000000e+00 0.000000e+00 0.000000e+00
    outer loop
      vertex   2.500000e+01 2.100000e+01 1.200000e+01
      vertex   2.500000e+01 9.000000e+00 1.300000e+01
      vertex   2.500000e+01 9.000000e+00 1.200000e+01
    endloop
  endfacet
  facet normal -0.000000e+00 -1.000000e+00 -0.000000e+00
    outer loop
      vertex   3.700000e+01 2.100000e+01 1.300000e+01
      vertex   2.500000e+01 2.100000e+01 1.300000e+01
      vertex   3.700000e+01 2.100000e+01 1.200000e+01
    endloop
  endfacet
  facet normal 0.000000e+00 -1.000000e+00 0.000000e+00
    outer loop
      vertex   3.700000e+01 2.100000e+01 1.200000e+01
      vertex   2.500000e+01 2.100000e+01 1.300000e+01
      vertex   2.500000e+01 2.100000e+01 1.200000e+01
    endloop
  endfacet
  facet normal -1.000000e+00 0.000000e+00 0.000000e+00
    outer loop
      vertex   3.700000e+01 9.000000e+00 1.300000e+01
      vertex   3.700000e+01 2.100000e+01 1.300000e+01
      vertex   3.700000e+01 9.000000e+00 1.200000e+01
    endloop
  endfacet
  facet normal -1.000000e+00 0.000000e+00 0.000000e+00
    outer loop
      vertex   3.700000e+01 9.000000e+00 1.200000e+01
      vertex   3.700000e+01 2.100000e+01 1.300000e+01
      vertex   3.700000e+01 2.100000e+01 1.200000e+01
    endloop
  endfacet
  facet normal -0.000000e+00 1.000000e+00 0.000000e+00
    outer loop
      vertex   2.500000e+01 9.000000e+00 1.300000e+01
      vertex   3.700000e+01 9.000000e+00 1.300000e+01
      vertex   2.500000e+01 9.000000e+00 1.200000e+01
    endloop
  endfacet
  facet normal 0.000000e+00 1.000000e+00 0.000000e+00
    outer loop
      vertex   2.500000e+01 9.000000e+00 1.200000e+01
      vertex   3.700000e+01 9.000000e+00 1.300000e+01
      vertex   3.700000e+01 9.000000e+00 1.200000e+01
    endloop
  endfacet
  facet normal 1.000000e+00 0.000000e+00 0.000000e+00
    outer loop
      vertex   4.000000e+01 2.100000e+01 1.300000e+01
      vertex   4.000000e+01 9.000000e+00 1.300000e+01
      vertex   4.000000e+01 2.100000e+01 1.200000e+01
    endloop
  endfacet
  facet normal 1.000000e+00 0.000000e+00 0.000000e+00
    outer loop
      vertex   4.000000e+01 2.100000e+01 1.200000e+01
      vertex   4.000000e+01 9.000000e+00 1.300000e+01
      vertex   4.000000e+01 9.000000e+00 1.200000e+01
    endloop
  endfacet
  facet normal -0.000000e+00 -1.000000e+00 -0.000000e+00
    outer loop
      vertex   5.200000e+01 2.100000e+01 1.300000e+01
      vertex   4.000000e+01 2.100000e+01 1.300000e+01
      vertex   5.200000e+01 2.100000e+01 1.200000e+01
    endloop
  endfacet
  facet normal 0.000000e+00 -1.000000e+00 0.000000e+00
    outer loop
      vertex   5.200000e+01 2.100000e+01 1.200000e+01
      vertex   4.000000e+01 2.100000e+01 1.300000e+01
      vertex   4.000000e+01 2.100000e+01 1.200000e+01
    endloop
  endfacet
  facet normal -1.000000e+00 0.000000e+00 0.000000e+00
    outer loop
      vertex   5.200000e+01 9.000000e+00 1.300000e+01
      vertex   5.200000e+01 2.100000e+01 1.300000e+01
      vertex   5.200000e+01 9.000000e+00 1.200000e+01
    endloop
  endfacet
  facet normal -1.000000e+00 0.000000e+00 0.000000e+00
    outer loop
      vertex   5.200000e+01 9.000000e+00 1.200000e+01
      vertex   5.200000e+01 2.100000e+01 1.300000e+01
      vertex   5.200000e+01 2.100000e+01 1.200000e+01
    endloop
  endfacet
  facet normal -0.000000e+00 1.000000e+00 0.000000e+00
    outer loop
      vertex   4.000000e+01 9.000000e+00 1.300000e+01
      vertex   5.200000e+01 9.000000e+00 1.300000e+01
      vertex   4.000000e+01 9.000000e+00 1.200000e+01
    endloop
  endfacet
  facet normal 0.000000e+00 1.000000e+00 0.000000e+00
    outer loop
      vertex   4.000000e+01 9.000000e+00 1.200000e+01
      vertex   5.200000e+01 9.000000e+00 1.300000e+01
      vertex   5.200000e+01 9.000000e+00 1.200000e+01
    endloop
  endfacet
  facet normal 1.000000e+00 0.000000e+00 0.000000e+00
    outer loop
      vertex   1.000000e+01 2.100000e+01 1.300000e+01
      vertex   1.000000e+01 9.000000e+00 1.300000e+01
      vertex   1.000000e+01 2.100000e+01 1.200000e+01
    endloop
  endfacet
  facet normal 1.000000e+00 0.000000e+00 0.000000e+00
    outer loop
      vertex   1.000000e+01 2.100000e+01 1.200000e+01
      vertex   1.000000e+01 9.000000e+00 1.300000e+01
      vertex   1.000000e+01 9.000000e+00 1.200000e+01
    endloop
  endfacet
  facet normal -0.000000e+00 -1.000000e+00 -0.000000e+00
    outer loop
      vertex   2.200000e+01 2.100000e+01 1.300000e+01
      vertex   1.000000e+01 2.100000e+01 1.300000e+01
      vertex   2.200000e+01 2.100000e+01 1.200000e+01
    endloop
  endfacet
  facet normal 0.000000e+00 -1.000000e+00 0.000000e+00
    outer loop
      vertex   2.200000e+01 2.100000e+01 1.200000e+01
      vertex   1.000000e+01 2.100000e+01 1.300000e+01
      vertex   1.000000e+01 2.100000e+01 1.200000e+01
    endloop
  endfacet
  facet normal -1.000000e+00 0.000000e+00 0.000000e+00
    outer loop
      vertex   2.200000e+01 9.000000e+00 1.300000e+01
      vertex   2.200000e+01 2.100000e+01 1.300000e+01
      vertex   2.200000e+01 9.000000e+00 1.200000e+01
    endloop
  endfacet
  facet normal -1.000000e+00 0.000000e+00 0.000000e+00
    outer loop
      vertex   2.200000e+01 9.000000e+00 1.200000e+01
      vertex   2.200000e+01 2.100000e+01 1.300000e+01
      vertex   2.200000e+01 2.100000e+01 1.200000e+01
    endloop
  endfacet
  facet normal -0.000000e+00 1.000000e+00 0.000000e+00
    outer loop
      vertex   1.000000e+01 9.000000e+00 1.300000e+01
      vertex   2.200000e+01 9.000000e+00 1.300000e+01
      vertex   1.000000e+01 9.000000e+00 1.200000e+01
    endloop
  endfacet
  facet normal 0.000000e+00 1.000000e+00 0.000000e+00
    outer loop
      vertex   1.000000e+01 9.000000e+00 1.200000e+01
      vertex   2.200000e+01 9.000000e+00 1.300000e+01
      vertex   2.200000e+01 9.000000e+00 1.200000e+01
    endloop
  endfacet
  facet normal -0.000000e+00 -1.000000e+00 -0.000000e+00
    outer loop
      vertex   7.500000e+01 5.500000e+01 1.200000e+01
      vertex   5.000000e+00 5.500000e+01 1.200000e+01
      vertex   7.500000e+01 5.500000e+01 -3.000000e+00
    endloop
  endfacet
  facet normal 0.000000e+00 -1.000000e+00 0.000000e+00
    outer loop
      vertex   7.500000e+01 5.500000e+01 -3.000000e+00
      vertex   5.000000e+00 5.500000e+01 1.200000e+01
      vertex   5.000000e+00 5.500000e+01 -3.000000e+00
    endloop
  endfacet
  facet normal -1.000000e+00 0.000000e+00 0.000000e+00
    outer loop
      vertex   7.500000e+01 2.900000e+01 -3.000000e+00
      vertex   7.500000e+01 5.000000e+00 -3.000000e+00
      vertex   7.500000e+01 2.900000e+01 9.000000e+00
    endloop
  endfacet
  facet normal -1.000000e+00 -0.000000e+00 0.000000e+00
    outer loop
      vertex   7.500000e+01 2.900000e+01 9.000000e+00
      vertex   7.500000e+01 5.000000e+00 -3.000000e+00
      vertex   7.500000e+01 5.000000e+00 1.200000e+01
    endloop
  endfacet
  facet normal -1.000000e+00 0.000000e+00 0.000000e+00
    outer loop
      vertex   7.500000e+01 2.900000e+01 9.000000e+00
      vertex   7.500000e+01 5.000000e+00 1.200000e+01
      vertex   7.500000e+01 5.500000e+01 1.200000e+01
    endloop
  endfacet
  facet normal -1.000000e+00 0.000000e+00 0.000000e+00
    outer loop
      vertex   7.500000e+01 2.900000e+01 9.000000e+00
      vertex   7.500000e+01 5.500000e+01 1.200000e+01
      vertex   7.500000e+01 4.200000e+01 9.000000e+00
    endloop
  endfacet
  facet normal -1.000000e+00 0.000000e+00 0.000000e+00
    outer loop
      vertex   7.500000e+01 4.200000e+01 9.000000e+00
      vertex   7.500000e+01 5.500000e+01 1.200000e+01
      vertex   7.500000e+01 5.500000e+01 -3.000000e+00
    endloop
  endfacet
  facet normal -1.000000e+00 0.000000e+00 0.000000e+00
    outer loop
      vertex   7.500000e+01 4.200000e+01 9.000000e+00
      vertex   7.500000e+01 5.500000e+01 -3.000000e+00
      vertex   7.500000e+01 4.200000e+01 -3.000000e+00
    endloop
  endfacet
  facet normal -0.000000e+00 1.000000e+00 0.000000e+00
    outer loop
      vertex   5.000000e+00 5.000000e+00 1.200000e+01
      vertex   7.500000e+01 5.000000e+00 1.200000e+01
      vertex   5.000000e+00 5.000000e+00 -3.000000e+00
    endloop
  endfacet
  facet normal 0.000000e+00 1.000000e+00 0.000000e+00
    outer loop
      vertex   5.000000e+00 5.000000e+00 -3.000000e+00
      vertex   7.500000e+01 5.000000e+00 1.200000e+01
      vertex   7.500000e+01 5.000000e+00 -3.000000e+00
    endloop
  endfacet
  facet normal 1.000000e+00 -8.881784e-15 0.000000e+00
    outer loop
      vertex   5.000000e+00 4.700000e+01 -3.000000e+00
      vertex   5.000000e+00 5.500000e+01 -3.000000e+00
      vertex   5.000000e+00 4.700000e+01 9.000000e+00
    endloop
  endfacet
  facet normal 1.000000e+00 -8.881784e-15 0.000000e+00
    outer loop
      vertex   5.000000e+00 4.700000e+01 9.000000e+00
      vertex   5.000000e+00 5.500000e+01 -3.000000e+00
      vertex   5.000000e+00 5.500000e+01 1.200000e+01
    endloop
  endfacet
  facet normal 1.000000e+00 0.000000e+00 -2.368476e-14
    outer loop
      vertex   5.000000e+00 4.700000e+01 9.000000e+00
      vertex   5.000000e+00 5.500000e+01 1.200000e+01
      vertex   5.000000e+00 3.100000e+01 9.000000e+00
    endloop
  endfacet
  facet normal 1.000000e+00 0.000000e+00 -2.368476e-14
    outer loop
      vertex   5.000000e+00 3.100000e+01 9.000000e+00
      vertex   5.000000e+00 5.500000e+01 1.200000e+01
      vertex   5.000000e+00 5.000000e+00 1.200000e+01
    endloop
  endfacet
  facet normal 1.000000e+00 2.732857e-15 0.000000e+00
    outer loop
      vertex   5.000000e+00 3.100000e+01 9.000000e+00
      vertex   5.000000e+00 5.000000e+00 1.200000e+01
      vertex   5.000000e+00 5.000000e+00 -3.000000e+00
    endloop
  endfacet
  facet normal 1.000000e+00 2.732857e-15 -1.294541e-30
    outer loop
      vertex   5.000000e+00 5.000000e+00 -3.000000e+00
      vertex   5.000000e+00 3.100000e+01 -3.000000e+00
      vertex   5.000000e+00 3.100000e+01 9.000000e+00
    endloop
  endfacet
  facet normal 0.000000e+00 0.000000e+00 -1.000000e+00
    outer loop
      vertex   5.500000e+01 9.000000e+00 1.200000e+01
      vertex   6.700000e+01 9.000000e+00 1.200000e+01
      vertex   7.500000e+01 5.000000e+00 1.200000e+01
    endloop
  endfacet
  facet normal 0.000000e+00 0.000000e+00 -1.000000e+00
    outer loop
      vertex   7.500000e+01 5.000000e+00 1.200000e+01
      vertex   6.700000e+01 9.000000e+00 1.200000e+01
      vertex   6.700000e+01 2.100000e+01 1.200000e+01
    endloop
  endfacet
  facet normal 0.000000e+00 0.000000e+00 -1.000000e+00
    outer loop
      vertex   7.500000e+01 5.000000e+00 1.200000e+01
      vertex   6.700000e+01 2.100000e+01 1.200000e+01
      vertex   7.500000e+01 5.500000e+01 1.200000e+01
    endloop
  endfacet
  facet normal 0.000000e+00 0.000000e+00 -1.000000e+00
    outer loop
      vertex   7.500000e+01 5.500000e+01 1.200000e+01
      vertex   6.700000e+01 2.100000e+01 1.200000e+01
      vertex   4.400000e+01 3.450000e+01 1.200000e+01
    endloop
  endfacet
  facet normal 0.000000e+00 0.000000e+00 -1.000000e+00
    outer loop
      vertex   7.500000e+01 5.500000e+01 1.200000e+01
      vertex   4.400000e+01 3.450000e+01 1.200000e+01
      vertex   4.400000e+01 5.350000e+01 1.200000e+01
    endloop
  endfacet
  facet normal 0.000000e+00 0.000000e+00 -1.000000e+00
    outer loop
      vertex   6.700000e+01 2.100000e+01 1.200000e+01
      vertex   5.500000e+01 2.100000e+01 1.200000e+01
      vertex   4.400000e+01 3.450000e+01 1.200000e+01
    endloop
  endfacet
  facet normal 0.000000e+00 0.000000e+00 -1.000000e+00
    outer loop
      vertex   4.400000e+01 3.450000e+01 1.200000e+01
      vertex   5.500000e+01 2.100000e+01 1.200000e+01
      vertex   5.200000e+01 2.100000e+01 1.200000e+01
    endloop
  endfacet
  facet normal 0.000000e+00 -0.000000e+00 -1.000000e+00
    outer loop
      vertex   4.400000e+01 3.450000e+01 1.200000e+01
      vertex   5.200000e+01 2.100000e+01 1.200000e+01
      vertex   4.000000e+01 2.100000e+01 1.200000e+01
    endloop
  endfacet
  facet normal 0.000000e+00 0.000000e+00 -1.000000e+00
    outer loop
      vertex   5.200000e+01 2.100000e+01 1.200000e+01
      vertex   5.500000e+01 2.100000e+01 1.200000e+01
      vertex   5.200000e+01 9.000000e+00 1.200000e+01
    endloop
  endfacet
  facet normal 0.000000e+00 0.000000e+00 -1.000000e+00
    outer loop
      vertex   5.200000e+01 9.000000e+00 1.200000e+01
      vertex   5.500000e+01 2.100000e+01 1.200000e+01
      vertex   5.500000e+01 9.000000e+00 1.200000e+01
    endloop
  endfacet
  facet normal 0.000000e+00 0.000000e+00 -1.000000e+00
    outer loop
      vertex   5.200000e+01 9.000000e+00 1.200000e+01
      vertex   5.500000e+01 9.000000e+00 1.200000e+01
      vertex   7.500000e+01 5.000000e+00 1.200000e+01
    endloop
  endfacet
  facet normal -0.000000e+00 0.000000e+00 -1.000000e+00
    outer loop
      vertex   7.500000e+01 5.500000e+01 1.200000e+01
      vertex   4.400000e+01 5.350000e+01 1.200000e+01
      vertex   5.000000e+00 5.500000e+01 1.200000e+01
    endloop
  endfacet
  facet normal 0.000000e+00 0.000000e+00 -1.000000e+00
    outer loop
      vertex   5.000000e+00 5.500000e+01 1.200000e+01
      vertex   4.400000e+01 5.350000e+01 1.200000e+01
      vertex   1.900000e+01 5.350000e+01 1.200000e+01
    endloop
  endfacet
  facet normal 0.000000e+00 0.000000e+00 -1.000000e+00
    outer loop
      vertex   5.000000e+00 5.500000e+01 1.200000e+01
      vertex   1.900000e+01 5.350000e+01 1.200000e+01
      vertex   1.900000e+01 3.450000e+01 1.200000e+01
    endloop
  endfacet
  facet normal -0.000000e+00 0.000000e+00 -1.000000e+00
    outer loop
      vertex   4.400000e+01 3.450000e+01 1.200000e+01
      vertex   3.700000e+01 2.100000e+01 1.200000e+01
      vertex   1.900000e+01 3.450000e+01 1.200000e+01
    endloop
  endfacet
  facet normal 0.000000e+00 0.000000e+00 -1.000000e+00
    outer loop
      vertex   1.900000e+01 3.450000e+01 1.200000e+01
      vertex   3.700000e+01 2.100000e+01 1.200000e+01
      vertex   2.500000e+01 2.100000e+01 1.200000e+01
    endloop
  endfacet
  facet normal 0.000000e+00 0.000000e+00 -1.000000e+00
    outer loop
      vertex   1.900000e+01 3.450000e+01 1.200000e+01
      vertex   2.500000e+01 2.100000e+01 1.200000e+01
      vertex   2.200000e+01 2.100000e+01 1.200000e+01
    endloop
  endfacet
  facet normal 0.000000e+00 0.000000e+00 -1.000000e+00
    outer loop
      vertex   2.200000e+01 2.100000e+01 1.200000e+01
      vertex   2.500000e+01 2.100000e+01 1.200000e+01
      vertex   2.200000e+01 9.000000e+00 1.200000e+01
    endloop
  endfacet
  facet normal 0.000000e+00 0.000000e+00 -1.000000e+00
    outer loop
      vertex   2.200000e+01 9.000000e+00 1.200000e+01
      vertex   2.500000e+01 2.100000e+01 1.200000e+01
      vertex   2.500000e+01 9.000000e+00 1.200000e+01
    endloop
  endfacet
  facet normal 0.000000e+00 -0.000000e+00 -1.000000e+00
    outer loop
      vertex   2.200000e+01 9.000000e+00 1.200000e+01
      vertex   2.500000e+01 9.000000e+00 1.200000e+01
      vertex   5.000000e+00 5.000000e+00 1.200000e+01
    endloop
  endfacet
  facet normal 0.000000e+00 0.000000e+00 -1.000000e+00
    outer loop
      vertex   5.000000e+00 5.000000e+00 1.200000e+01
      vertex   2.500000e+01 9.000000e+00 1.200000e+01
      vertex   3.700000e+01 9.000000e+00 1.200000e+01
    endloop
  endfacet
  facet normal 0.000000e+00 0.000000e+00 -1.000000e+00
    outer loop
      vertex   5.000000e+00 5.000000e+00 1.200000e+01
      vertex   3.700000e+01 9.000000e+00 1.200000e+01
      vertex   4.000000e+01 9.000000e+00 1.200000e+01
    endloop
  endfacet
  facet normal 0.000000e+00 0.000000e+00 -1.000000e+00
    outer loop
      vertex   4.000000e+01 9.000000e+00 1.200000e+01
      vertex   3.700000e+01 9.000000e+00 1.200000e+01
      vertex   4.000000e+01 2.100000e+01 1.200000e+01
    endloop
  endfacet
  facet normal -0.000000e+00 0.000000e+00 -1.000000e+00
    outer loop
      vertex   4.000000e+01 2.100000e+01 1.200000e+01
      vertex   3.700000e+01 9.000000e+00 1.200000e+01
      vertex   3.700000e+01 2.100000e+01 1.200000e+01
    endloop
  endfacet
  facet normal 0.000000e+00 0.000000e+00 -1.000000e+00
    outer loop
      vertex   4.000000e+01 2.100000e+01 1.200000e+01
      vertex   3.700000e+01 2.100000e+01 1.200000e+01
      vertex   4.400000e+01 3.450000e+01 1.200000e+01
    endloop
  endfacet
  facet normal 0.000000e+00 0.000000e+00 -1.000000e+00
    outer loop
      vertex   5.000000e+00 5.000000e+00 1.200000e+01
      vertex   4.000000e+01 9.000000e+00 1.200000e+01
      vertex   7.500000e+01 5.000000e+00 1.200000e+01
    endloop
  endfacet
  facet normal 0.000000e+00 0.000000e+00 -1.000000e+00
    outer loop
      vertex   7.500000e+01 5.000000e+00 1.200000e+01
      vertex   4.000000e+01 9.000000e+00 1.200000e+01
      vertex   5.200000e+01 9.000000e+00 1.200000e+01
    endloop
  endfacet
  facet normal 0.000000e+00 0.000000e+00 -1.000000e+00
    outer loop
      vertex   2.200000e+01 2.100000e+01 1.200000e+01
      vertex   1.000000e+01 2.100000e+01 1.200000e+01
      vertex   1.900000e+01 3.450000e+01 1.200000e+01
    endloop
  endfacet
  facet normal -0.000000e+00 0.000000e+00 -1.000000e+00
    outer loop
      vertex   1.900000e+01 3.450000e+01 1.200000e+01
      vertex   1.000000e+01 2.100000e+01 1.200000e+01
      vertex   5.000000e+00 5.500000e+01 1.200000e+01
    endloop
  endfacet
  facet normal 0.000000e+00 0.000000e+00 -1.000000e+00
    outer loop
      vertex   5.000000e+00 5.500000e+01 1.200000e+01
      vertex   1.000000e+01 2.100000e+01 1.200000e+01
      vertex   5.000000e+00 5.000000e+00 1.200000e+01
    endloop
  endfacet
  facet normal 0.000000e+00 0.000000e+00 -1.000000e+00
    outer loop
      vertex   5.000000e+00 5.000000e+00 1.200000e+01
      vertex   1.000000e+01 2.100000e+01 1.200000e+01
      vertex   1.000000e+01 9.000000e+00 1.200000e+01
    endloop
  endfacet
  facet normal 0.000000e+00 0.000000e+00 -1.000000e+00
    outer loop
      vertex   5.000000e+00 5.000000e+00 1.200000e+01
      vertex   1.000000e+01 9.000000e+00 1.200000e+01
      vertex   2.200000e+01 9.000000e+00 1.200000e+01
    endloop
  endfacet
  facet normal -0.000000e+00 1.000000e+00 0.000000e+00
    outer loop
      vertex   3.000000e+00 6.000000e+01 1.300000e+01
      vertex   7.700000e+01 6.000000e+01 1.300000e+01
      vertex   3.000000e+00 6.000000e+01 -3.000000e+00
    endloop
  endfacet
  facet normal 0.000000e+00 1.000000e+00 0.000000e+00
    outer loop
      vertex   3.000000e+00 6.000000e+01 -3.000000e+00
      vertex   7.700000e+01 6.000000e+01 1.300000e+01
      vertex   7.700000e+01 6.000000e+01 -3.000000e+00
    endloop
  endfacet
  facet normal -0.000000e+00 0.000000e+00 1.000000e+00
    outer loop
      vertex   2.414729e+00 5.994236e+01 1.300000e+01
      vertex   1.851950e+00 5.977164e+01 1.300000e+01
      vertex   3.000000e+00 6.000000e+01 1.300000e+01
    endloop
  endfacet
  facet normal 0.000000e+00 0.000000e+00 1.000000e+00
    outer loop
      vertex   3.000000e+00 6.000000e+01 1.300000e+01
      vertex   1.851950e+00 5.977164e+01 1.300000e+01
      vertex   1.333289e+00 5.949441e+01 1.300000e+01
    endloop
  endfacet
  facet normal 0.000000e+00 0.000000e+00 1.000000e+00
    outer loop
      vertex   3.000000e+00 6.000000e+01 1.300000e+01
      vertex   1.333289e+00 5.949441e+01 1.300000e+01
      vertex   8.786797e-01 5.912132e+01 1.300000e+01
    endloop
  endfacet
  facet normal -0.000000e+00 0.000000e+00 1.000000e+00
    outer loop
      vertex   8.786797e-01 5.912132e+01 1.300000e+01
      vertex   5.055912e-01 5.866671e+01 1.300000e+01
      vertex   3.000000e+00 6.000000e+01 1.300000e+01
    endloop
  endfacet
  facet normal 0.000000e+00 0.000000e+00 1.000000e+00
    outer loop
      vertex   3.000000e+00 6.000000e+01 1.300000e+01
      vertex   5.055912e-01 5.866671e+01 1.300000e+01
      vertex   2.283614e-01 5.814805e+01 1.300000e+01
    endloop
  endfacet
  facet normal 0.000000e+00 0.000000e+00 1.000000e+00
    outer loop
      vertex   3.000000e+00 6.000000e+01 1.300000e+01
      vertex   2.283614e-01 5.814805e+01 1.300000e+01
      vertex   5.764416e-02 5.758527e+01 1.300000e+01
    endloop
  endfacet
  facet normal -0.000000e+00 0.000000e+00 1.000000e+00
    outer loop
      vertex   5.764416e-02 5.758527e+01 1.300000e+01
      vertex   0.000000e+00 5.700000e+01 1.300000e+01
      vertex   3.000000e+00 6.000000e+01 1.300000e+01
    endloop
  endfacet
  facet normal 0.000000e+00 0.000000e+00 1.000000e+00
    outer loop
      vertex   3.000000e+00 6.000000e+01 1.300000e+01
      vertex   0.000000e+00 5.700000e+01 1.300000e+01
      vertex   1.900000e+01 5.350000e+01 1.300000e+01
    endloop
  endfacet
  facet normal 0.000000e+00 0.000000e+00 1.000000e+00
    outer loop
      vertex   3.000000e+00 6.000000e+01 1.300000e+01
      vertex   1.900000e+01 5.350000e+01 1.300000e+01
      vertex   4.400000e+01 5.350000e+01 1.300000e+01
    endloop
  endfacet
  facet normal 0.000000e+00 0.000000e+00 1.000000e+00
    outer loop
      vertex   0.000000e+00 3.000000e+00 1.300000e+01
      vertex   1.000000e+01 2.100000e+01 1.300000e+01
      vertex   0.000000e+00 5.700000e+01 1.300000e+01
    endloop
  endfacet
  facet normal 0.000000e+00 0.000000e+00 1.000000e+00
    outer loop
      vertex   0.000000e+00 5.700000e+01 1.300000e+01
      vertex   1.000000e+01 2.100000e+01 1.300000e+01
      vertex   1.900000e+01 3.450000e+01 1.300000e+01
    endloop
  endfacet
  facet normal 0.000000e+00 0.000000e+00 1.000000e+00
    outer loop
      vertex   0.000000e+00 5.700000e+01 1.300000e+01
      vertex   1.900000e+01 3.450000e+01 1.300000e+01
      vertex   1.900000e+01 5.350000e+01 1.300000e+01
    endloop
  endfacet
  facet normal -0.000000e+00 -0.000000e+00 1.000000e+00
    outer loop
      vertex   5.764416e-02 2.414729e+00 1.300000e+01
      vertex   3.000000e+00 0.000000e+00 1.300000e+01
      vertex   0.000000e+00 3.000000e+00 1.300000e+01
    endloop
  endfacet
  facet normal -0.000000e+00 0.000000e+00 1.000000e+00
    outer loop
      vertex   0.000000e+00 3.000000e+00 1.300000e+01
      vertex   3.000000e+00 0.000000e+00 1.300000e+01
      vertex   1.000000e+01 9.000000e+00 1.300000e+01
    endloop
  endfacet
  facet normal 0.000000e+00 0.000000e+00 1.000000e+00
    outer loop
      vertex   0.000000e+00 3.000000e+00 1.300000e+01
      vertex   1.000000e+01 9.000000e+00 1.300000e+01
      vertex   1.000000e+01 2.100000e+01 1.300000e+01
    endloop
  endfacet
  facet normal 0.000000e+00 0.000000e+00 1.000000e+00
    outer loop
      vertex   5.764416e-02 2.414729e+00 1.300000e+01
      vertex   2.283614e-01 1.851950e+00 1.300000e+01
      vertex   3.000000e+00 0.000000e+00 1.300000e+01
    endloop
  endfacet
  facet normal 0.000000e+00 0.000000e+00 1.000000e+00
    outer loop
      vertex   3.000000e+00 0.000000e+00 1.300000e+01
      vertex   2.283614e-01 1.851950e+00 1.300000e+01
      vertex   5.055912e-01 1.333289e+00 1.300000e+01
    endloop
  endfacet
  facet normal 0.000000e+00 0.000000e+00 1.000000e+00
    outer loop
      vertex   3.000000e+00 0.000000e+00 1.300000e+01
      vertex   5.055912e-01 1.333289e+00 1.300000e+01
      vertex   8.786797e-01 8.786797e-01 1.300000e+01
    endloop
  endfacet
  facet normal 0.000000e+00 0.000000e+00 1.000000e+00
    outer loop
      vertex   8.786797e-01 8.786797e-01 1.300000e+01
      vertex   1.333289e+00 5.055912e-01 1.300000e+01
      vertex   3.000000e+00 0.000000e+00 1.300000e+01
    endloop
  endfacet
  facet normal 0.000000e+00 0.000000e+00 1.000000e+00
    outer loop
      vertex   3.000000e+00 0.000000e+00 1.300000e+01
      vertex   1.333289e+00 5.055912e-01 1.300000e+01
      vertex   1.851950e+00 2.283614e-01 1.300000e+01
    endloop
  endfacet
  facet normal 0.000000e+00 0.000000e+00 1.000000e+00
    outer loop
      vertex   3.000000e+00 0.000000e+00 1.300000e+01
      vertex   1.851950e+00 2.283614e-01 1.300000e+01
      vertex   2.414729e+00 5.764416e-02 1.300000e+01
    endloop
  endfacet
  facet normal 0.000000e+00 0.000000e+00 1.000000e+00
    outer loop
      vertex   7.700000e+01 0.000000e+00 1.300000e+01
      vertex   4.000000e+01 9.000000e+00 1.300000e+01
      vertex   3.000000e+00 0.000000e+00 1.300000e+01
    endloop
  endfacet
  facet normal 0.000000e+00 0.000000e+00 1.000000e+00
    outer loop
      vertex   3.000000e+00 0.000000e+00 1.300000e+01
      vertex   4.000000e+01 9.000000e+00 1.300000e+01
      vertex   3.700000e+01 9.000000e+00 1.300000e+01
    endloop
  endfacet
  facet normal 0.000000e+00 0.000000e+00 1.000000e+00
    outer loop
      vertex   3.000000e+00 0.000000e+00 1.300000e+01
      vertex   3.700000e+01 9.000000e+00 1.300000e+01
      vertex   2.500000e+01 9.000000e+00 1.300000e+01
    endloop
  endfacet
  facet normal 0.000000e+00 -0.000000e+00 1.000000e+00
    outer loop
      vertex   7.758527e+01 5.764416e-02 1.300000e+01
      vertex   7.814805e+01 2.283614e-01 1.300000e+01
      vertex   7.700000e+01 0.000000e+00 1.300000e+01
    endloop
  endfacet
  facet normal 0.000000e+00 0.000000e+00 1.000000e+00
    outer loop
      vertex   7.700000e+01 0.000000e+00 1.300000e+01
      vertex   7.814805e+01 2.283614e-01 1.300000e+01
      vertex   7.866671e+01 5.055912e-01 1.300000e+01
    endloop
  endfacet
  facet normal 0.000000e+00 0.000000e+00 1.000000e+00
    outer loop
      vertex   7.700000e+01 0.000000e+00 1.300000e+01
      vertex   7.866671e+01 5.055912e-01 1.300000e+01
      vertex   7.912132e+01 8.786797e-01 1.300000e+01
    endloop
  endfacet
  facet normal 0.000000e+00 -0.000000e+00 1.000000e+00
    outer loop
      vertex   7.912132e+01 8.786797e-01 1.300000e+01
      vertex   7.949441e+01 1.333289e+00 1.300000e+01
      vertex   7.700000e+01 0.000000e+00 1.300000e+01
    endloop
  endfacet
  facet normal 0.000000e+00 0.000000e+00 1.000000e+00
    outer loop
      vertex   7.700000e+01 0.000000e+00 1.300000e+01
      vertex   7.949441e+01 1.333289e+00 1.300000e+01
      vertex   7.977164e+01 1.851950e+00 1.300000e+01
    endloop
  endfacet
  facet normal 0.000000e+00 0.000000e+00 1.000000e+00
    outer loop
      vertex   7.700000e+01 0.000000e+00 1.300000e+01
      vertex   7.977164e+01 1.851950e+00 1.300000e+01
      vertex   7.994236e+01 2.414729e+00 1.300000e+01
    endloop
  endfacet
  facet normal 0.000000e+00 -0.000000e+00 1.000000e+00
    outer loop
      vertex   7.994236e+01 2.414729e+00 1.300000e+01
      vertex   8.000000e+01 3.000000e+00 1.300000e+01
      vertex   7.700000e+01 0.000000e+00 1.300000e+01
    endloop
  endfacet
  facet normal 0.000000e+00 -0.000000e+00 1.000000e+00
    outer loop
      vertex   7.700000e+01 0.000000e+00 1.300000e+01
      vertex   8.000000e+01 3.000000e+00 1.300000e+01
      vertex   6.700000e+01 9.000000e+00 1.300000e+01
    endloop
  endfacet
  facet normal 0.000000e+00 0.000000e+00 1.000000e+00
    outer loop
      vertex   7.700000e+01 0.000000e+00 1.300000e+01
      vertex   6.700000e+01 9.000000e+00 1.300000e+01
      vertex   5.500000e+01 9.000000e+00 1.300000e+01
    endloop
  endfacet
  facet normal -0.000000e+00 0.000000e+00 1.000000e+00
    outer loop
      vertex   6.700000e+01 9.000000e+00 1.300000e+01
      vertex   8.000000e+01 3.000000e+00 1.300000e+01
      vertex   6.700000e+01 2.100000e+01 1.300000e+01
    endloop
  endfacet
  facet normal -0.000000e+00 0.000000e+00 1.000000e+00
    outer loop
      vertex   6.700000e+01 2.100000e+01 1.300000e+01
      vertex   8.000000e+01 3.000000e+00 1.300000e+01
      vertex   8.000000e+01 5.700000e+01 1.300000e+01
    endloop
  endfacet
  facet normal 0.000000e+00 -0.000000e+00 1.000000e+00
    outer loop
      vertex   6.700000e+01 2.100000e+01 1.300000e+01
      vertex   8.000000e+01 5.700000e+01 1.300000e+01
      vertex   4.400000e+01 3.450000e+01 1.300000e+01
    endloop
  endfacet
  facet normal 0.000000e+00 0.000000e+00 1.000000e+00
    outer loop
      vertex   4.400000e+01 3.450000e+01 1.300000e+01
      vertex   8.000000e+01 5.700000e+01 1.300000e+01
      vertex   4.400000e+01 5.350000e+01 1.300000e+01
    endloop
  endfacet
  facet normal 0.000000e+00 0.000000e+00 1.000000e+00
    outer loop
      vertex   4.400000e+01 5.350000e+01 1.300000e+01
      vertex   8.000000e+01 5.700000e+01 1.300000e+01
      vertex   7.700000e+01 6.000000e+01 1.300000e+01
    endloop
  endfacet
  facet normal 0.000000e+00 -0.000000e+00 1.000000e+00
    outer loop
      vertex   4.400000e+01 5.350000e+01 1.300000e+01
      vertex   7.700000e+01 6.000000e+01 1.300000e+01
      vertex   3.000000e+00 6.000000e+01 1.300000e+01
    endloop
  endfacet
  facet normal 0.000000e+00 0.000000e+00 1.000000e+00
    outer loop
      vertex   8.000000e+01 5.700000e+01 1.300000e+01
      vertex   7.994236e+01 5.758527e+01 1.300000e+01
      vertex   7.700000e+01 6.000000e+01 1.300000e+01
    endloop
  endfacet
  facet normal 0.000000e+00 0.000000e+00 1.000000e+00
    outer loop
      vertex   7.700000e+01 6.000000e+01 1.300000e+01
      vertex   7.994236e+01 5.758527e+01 1.300000e+01
      vertex   7.977164e+01 5.814805e+01 1.300000e+01
    endloop
  endfacet
  facet normal 0.000000e+00 0.000000e+00 1.000000e+00
    outer loop
      vertex   7.700000e+01 6.000000e+01 1.300000e+01
      vertex   7.977164e+01 5.814805e+01 1.300000e+01
      vertex   7.949441e+01 5.866671e+01 1.300000e+01
    endloop
  endfacet
  facet normal 0.000000e+00 0.000000e+00 1.000000e+00
    outer loop
      vertex   7.949441e+01 5.866671e+01 1.300000e+01
      vertex   7.912132e+01 5.912132e+01 1.300000e+01
      vertex   7.700000e+01 6.000000e+01 1.300000e+01
    endloop
  endfacet
  facet normal 0.000000e+00 0.000000e+00 1.000000e+00
    outer loop
      vertex   7.700000e+01 6.000000e+01 1.300000e+01
      vertex   7.912132e+01 5.912132e+01 1.300000e+01
      vertex   7.866671e+01 5.949441e+01 1.300000e+01
    endloop
  endfacet
  facet normal 0.000000e+00 0.000000e+00 1.000000e+00
    outer loop
      vertex   7.700000e+01 6.000000e+01 1.300000e+01
      vertex   7.866671e+01 5.949441e+01 1.300000e+01
      vertex   7.814805e+01 5.977164e+01 1.300000e+01
    endloop
  endfacet
  facet normal 0.000000e+00 0.000000e+00 1.000000e+00
    outer loop
      vertex   7.814805e+01 5.977164e+01 1.300000e+01
      vertex   7.758527e+01 5.994236e+01 1.300000e+01
      vertex   7.700000e+01 6.000000e+01 1.300000e+01
    endloop
  endfacet
  facet normal 0.000000e+00 0.000000e+00 1.000000e+00
    outer loop
      vertex   5.500000e+01 2.100000e+01 1.300000e+01
      vertex   5.200000e+01 2.100000e+01 1.300000e+01
      vertex   5.500000e+01 9.000000e+00 1.300000e+01
    endloop
  endfacet
  facet normal 0.000000e+00 0.000000e+00 1.000000e+00
    outer loop
      vertex   5.500000e+01 9.000000e+00 1.300000e+01
      vertex   5.200000e+01 2.100000e+01 1.300000e+01
      vertex   5.200000e+01 9.000000e+00 1.300000e+01
    endloop
  endfacet
  facet normal 0.000000e+00 0.000000e+00 1.000000e+00
    outer loop
      vertex   5.500000e+01 9.000000e+00 1.300000e+01
      vertex   5.200000e+01 9.000000e+00 1.300000e+01
      vertex   7.700000e+01 0.000000e+00 1.300000e+01
    endloop
  endfacet
  facet normal 0.000000e+00 0.000000e+00 1.000000e+00
    outer loop
      vertex   7.700000e+01 0.000000e+00 1.300000e+01
      vertex   5.200000e+01 9.000000e+00 1.300000e+01
      vertex   4.000000e+01 9.000000e+00 1.300000e+01
    endloop
  endfacet
  facet normal 0.000000e+00 -0.000000e+00 1.000000e+00
    outer loop
      vertex   5.200000e+01 2.100000e+01 1.300000e+01
      vertex   5.500000e+01 2.100000e+01 1.300000e+01
      vertex   4.400000e+01 3.450000e+01 1.300000e+01
    endloop
  endfacet
  facet normal 0.000000e+00 0.000000e+00 1.000000e+00
    outer loop
      vertex   4.400000e+01 3.450000e+01 1.300000e+01
      vertex   5.500000e+01 2.100000e+01 1.300000e+01
      vertex   6.700000e+01 2.100000e+01 1.300000e+01
    endloop
  endfacet
  facet normal -0.000000e+00 0.000000e+00 1.000000e+00
    outer loop
      vertex   1.900000e+01 3.450000e+01 1.300000e+01
      vertex   3.700000e+01 2.100000e+01 1.300000e+01
      vertex   4.400000e+01 3.450000e+01 1.300000e+01
    endloop
  endfacet
  facet normal 0.000000e+00 0.000000e+00 1.000000e+00
    outer loop
      vertex   4.400000e+01 3.450000e+01 1.300000e+01
      vertex   3.700000e+01 2.100000e+01 1.300000e+01
      vertex   4.000000e+01 2.100000e+01 1.300000e+01
    endloop
  endfacet
  facet normal 0.000000e+00 0.000000e+00 1.000000e+00
    outer loop
      vertex   4.400000e+01 3.450000e+01 1.300000e+01
      vertex   4.000000e+01 2.100000e+01 1.300000e+01
      vertex   5.200000e+01 2.100000e+01 1.300000e+01
    endloop
  endfacet
  facet normal 0.000000e+00 0.000000e+00 1.000000e+00
    outer loop
      vertex   4.000000e+01 2.100000e+01 1.300000e+01
      vertex   3.700000e+01 2.100000e+01 1.300000e+01
      vertex   4.000000e+01 9.000000e+00 1.300000e+01
    endloop
  endfacet
  facet normal 0.000000e+00 0.000000e+00 1.000000e+00
    outer loop
      vertex   4.000000e+01 9.000000e+00 1.300000e+01
      vertex   3.700000e+01 2.100000e+01 1.300000e+01
      vertex   3.700000e+01 9.000000e+00 1.300000e+01
    endloop
  endfacet
  facet normal 0.000000e+00 0.000000e+00 1.000000e+00
    outer loop
      vertex   2.500000e+01 2.100000e+01 1.300000e+01
      vertex   2.200000e+01 2.100000e+01 1.300000e+01
      vertex   2.500000e+01 9.000000e+00 1.300000e+01
    endloop
  endfacet
  facet normal 0.000000e+00 0.000000e+00 1.000000e+00
    outer loop
      vertex   2.500000e+01 9.000000e+00 1.300000e+01
      vertex   2.200000e+01 2.100000e+01 1.300000e+01
      vertex   2.200000e+01 9.000000e+00 1.300000e+01
    endloop
  endfacet
  facet normal 0.000000e+00 0.000000e+00 1.000000e+00
    outer loop
      vertex   2.500000e+01 9.000000e+00 1.300000e+01
      vertex   2.200000e+01 9.000000e+00 1.300000e+01
      vertex   3.000000e+00 0.000000e+00 1.300000e+01
    endloop
  endfacet
  facet normal 0.000000e+00 0.000000e+00 1.000000e+00
    outer loop
      vertex   3.000000e+00 0.000000e+00 1.300000e+01
      vertex   2.200000e+01 9.000000e+00 1.300000e+01
      vertex   1.000000e+01 9.000000e+00 1.300000e+01
    endloop
  endfacet
  facet normal 0.000000e+00 -0.000000e+00 1.000000e+00
    outer loop
      vertex   2.200000e+01 2.100000e+01 1.300000e+01
      vertex   2.500000e+01 2.100000e+01 1.300000e+01
      vertex   1.900000e+01 3.450000e+01 1.300000e+01
    endloop
  endfacet
  facet normal 0.000000e+00 0.000000e+00 1.000000e+00
    outer loop
      vertex   1.900000e+01 3.450000e+01 1.300000e+01
      vertex   2.500000e+01 2.100000e+01 1.300000e+01
      vertex   3.700000e+01 2.100000e+01 1.300000e+01
    endloop
  endfacet
  facet normal 0.000000e+00 0.000000e+00 1.000000e+00
    outer loop
      vertex   1.000000e+01 2.100000e+01 1.300000e+01
      vertex   2.200000e+01 2.100000e+01 1.300000e+01
      vertex   1.900000e+01 3.450000e+01 1.300000e+01
    endloop
  endfacet
  facet normal 7.040626e-01 9.269160e-02 -7.040626e-01
    outer loop
      vertex   -8.394889e+01 2.161771e+00 1.125000e+01
      vertex   -8.419037e+01 2.097067e+00 1.100000e+01
      vertex   -8.400000e+01 2.550000e+00 1.125000e+01
    endloop
  endfacet
  facet normal 7.040626e-01 9.269160e-02 -7.040626e-01
    outer loop
      vertex   -8.400000e+01 2.550000e+00 1.125000e+01
      vertex   -8.419037e+01 2.097067e+00 1.100000e+01
      vertex   -8.425000e+01 2.550000e+00 1.100000e+01
    endloop
  endfacet
  facet normal 7.040626e-01 -9.269160e-02 -7.040626e-01
    outer loop
      vertex   -8.400000e+01 2.550000e+00 1.125000e+01
      vertex   -8.425000e+01 2.550000e+00 1.100000e+01
      vertex   -8.394889e+01 2.938229e+00 1.125000e+01
    endloop
  endfacet
  facet normal 7.040626e-01 -9.269160e-02 -7.040626e-01
    outer loop
      vertex   -8.394889e+01 2.938229e+00 1.125000e+01
      vertex   -8.425000e+01 2.550000e+00 1.100000e+01
      vertex   -8.419037e+01 3.002933e+00 1.100000e+01
    endloop
  endfacet
  facet normal 6.560819e-01 -2.717580e-01 -7.040626e-01
    outer loop
      vertex   -8.394889e+01 2.938229e+00 1.125000e+01
      vertex   -8.419037e+01 3.002933e+00 1.100000e+01
      vertex   -8.379904e+01 3.300000e+00 1.125000e+01
    endloop
  endfacet
  facet normal 6.560819e-01 -2.717580e-01 -7.040626e-01
    outer loop
      vertex   -8.379904e+01 3.300000e+00 1.125000e+01
      vertex   -8.419037e+01 3.002933e+00 1.100000e+01
      vertex   -8.401554e+01 3.425000e+00 1.100000e+01
    endloop
  endfacet
  facet normal 5.633903e-01 -4.323046e-01 -7.040626e-01
    outer loop
      vertex   -8.379904e+01 3.300000e+00 1.125000e+01
      vertex   -8.401554e+01 3.425000e+00 1.100000e+01
      vertex   -8.356066e+01 3.610660e+00 1.125000e+01
    endloop
  endfacet
  facet normal 5.633903e-01 -4.323046e-01 -7.040626e-01
    outer loop
      vertex   -8.356066e+01 3.610660e+00 1.125000e+01
      vertex   -8.401554e+01 3.425000e+00 1.100000e+01
      vertex   -8.373744e+01 3.787437e+00 1.100000e+01
    endloop
  endfacet
  facet normal 4.323046e-01 -5.633903e-01 -7.040626e-01
    outer loop
      vertex   -8.356066e+01 3.610660e+00 1.125000e+01
      vertex   -8.373744e+01 3.787437e+00 1.100000e+01
      vertex   -8.325000e+01 3.849038e+00 1.125000e+01
    endloop
  endfacet
  facet normal 4.323046e-01 -5.633903e-01 -7.040626e-01
    outer loop
      vertex   -8.325000e+01 3.849038e+00 1.125000e+01
      vertex   -8.373744e+01 3.787437e+00 1.100000e+01
      vertex   -8.337500e+01 4.065544e+00 1.100000e+01
    endloop
  endfacet
  facet normal 2.717580e-01 -6.560819e-01 -7.040626e-01
    outer loop
      vertex   -8.325000e+01 3.849038e+00 1.125000e+01
      vertex   -8.337500e+01 4.065544e+00 1.100000e+01
      vertex   -8.288823e+01 3.998889e+00 1.125000e+01
    endloop
  endfacet
  facet normal 2.717580e-01 -6.560819e-01 -7.040626e-01
    outer loop
      vertex   -8.288823e+01 3.998889e+00 1.125000e+01
      vertex   -8.337500e+01 4.065544e+00 1.100000e+01
      vertex   -8.295293e+01 4.240370e+00 1.100000e+01
    endloop
  endfacet
  facet normal 9.269160e-02 -7.040626e-01 -7.040626e-01
    outer loop
      vertex   -8.288823e+01 3.998889e+00 1.125000e+01
      vertex   -8.295293e+01 4.240370e+00 1.100000e+01
      vertex   -8.250000e+01 4.050000e+00 1.125000e+01
    endloop
  endfacet
  facet normal 9.269160e-02 -7.040626e-01 -7.040626e-01
    outer loop
      vertex   -8.250000e+01 4.050000e+00 1.125000e+01
      vertex   -8.295293e+01 4.240370e+00 1.100000e+01
      vertex   -8.250000e+01 4.300000e+00 1.100000e+01
    endloop
  endfacet
  facet normal -9.269160e-02 -7.040626e-01 -7.040626e-01
    outer loop
      vertex   -8.250000e+01 4.050000e+00 1.125000e+01
      vertex   -8.250000e+01 4.300000e+00 1.100000e+01
      vertex   -8.211177e+01 3.998889e+00 1.125000e+01
    endloop
  endfacet
  facet normal -9.269160e-02 -7.040626e-01 -7.040626e-01
    outer loop
      vertex   -8.211177e+01 3.998889e+00 1.125000e+01
      vertex   -8.250000e+01 4.300000e+00 1.100000e+01
      vertex   -8.204706e+01 4.240370e+00 1.100000e+01
    endloop
  endfacet
  facet normal -2.717580e-01 -6.560819e-01 -7.040626e-01
    outer loop
      vertex   -8.211177e+01 3.998889e+00 1.125000e+01
      vertex   -8.204706e+01 4.240370e+00 1.100000e+01
      vertex   -8.175000e+01 3.849038e+00 1.125000e+01
    endloop
  endfacet
  facet normal -2.717580e-01 -6.560819e-01 -7.040626e-01
    outer loop
      vertex   -8.175000e+01 3.849038e+00 1.125000e+01
      vertex   -8.204706e+01 4.240370e+00 1.100000e+01
      vertex   -8.162500e+01 4.065544e+00 1.100000e+01
    endloop
  endfacet
  facet normal -4.323046e-01 -5.633903e-01 -7.040626e-01
    outer loop
      vertex   -8.175000e+01 3.849038e+00 1.125000e+01
      vertex   -8.162500e+01 4.065544e+00 1.100000e+01
      vertex   -8.143934e+01 3.610660e+00 1.125000e+01
    endloop
  endfacet
  facet normal -4.323046e-01 -5.633903e-01 -7.040626e-01
    outer loop
      vertex   -8.143934e+01 3.610660e+00 1.125000e+01
      vertex   -8.162500e+01 4.065544e+00 1.100000e+01
      vertex   -8.126256e+01 3.787437e+00 1.100000e+01
    endloop
  endfacet
  facet normal -5.633903e-01 -4.323046e-01 -7.040626e-01
    outer loop
      vertex   -8.143934e+01 3.610660e+00 1.125000e+01
      vertex   -8.126256e+01 3.787437e+00 1.100000e+01
      vertex   -8.120096e+01 3.300000e+00 1.125000e+01
    endloop
  endfacet
  facet normal -5.633903e-01 -4.323046e-01 -7.040626e-01
    outer loop
      vertex   -8.120096e+01 3.300000e+00 1.125000e+01
      vertex   -8.126256e+01 3.787437e+00 1.100000e+01
      vertex   -8.098445e+01 3.425000e+00 1.100000e+01
    endloop
  endfacet
  facet normal -6.560819e-01 -2.717580e-01 -7.040626e-01
    outer loop
      vertex   -8.120096e+01 3.300000e+00 1.125000e+01
      vertex   -8.098445e+01 3.425000e+00 1.100000e+01
      vertex   -8.105111e+01 2.938229e+00 1.125000e+01
    endloop
  endfacet
  facet normal -6.560819e-01 -2.717580e-01 -7.040626e-01
    outer loop
      vertex   -8.105111e+01 2.938229e+00 1.125000e+01
      vertex   -8.098445e+01 3.425000e+00 1.100000e+01
      vertex   -8.080963e+01 3.002933e+00 1.100000e+01
    endloop
  endfacet
  facet normal -7.040626e-01 -9.269160e-02 -7.040626e-01
    outer loop
      vertex   -8.105111e+01 2.938229e+00 1.125000e+01
      vertex   -8.080963e+01 3.002933e+00 1.100000e+01
      vertex   -8.100000e+01 2.550000e+00 1.125000e+01
    endloop
  endfacet
  facet normal -7.040626e-01 -9.269160e-02 -7.040626e-01
    outer loop
      vertex   -8.100000e+01 2.550000e+00 1.125000e+01
      vertex   -8.080963e+01 3.002933e+00 1.100000e+01
      vertex   -8.075000e+01 2.550000e+00 1.100000e+01
    endloop
  endfacet
  facet normal -7.040626e-01 9.269160e-02 -7.040626e-01
    outer loop
      vertex   -8.100000e+01 2.550000e+00 1.125000e+01
      vertex   -8.075000e+01 2.550000e+00 1.100000e+01
      vertex   -8.105111e+01 2.161771e+00 1.125000e+01
    endloop
  endfacet
  facet normal -7.040626e-01 9.269160e-02 -7.040626e-01
    outer loop
      vertex   -8.105111e+01 2.161771e+00 1.125000e+01
      vertex   -8.075000e+01 2.550000e+00 1.100000e+01
      vertex   -8.080963e+01 2.097067e+00 1.100000e+01
    endloop
  endfacet
  facet normal -6.560819e-01 2.717580e-01 -7.040626e-01
    outer loop
      vertex   -8.105111e+01 2.161771e+00 1.125000e+01
      vertex   -8.080963e+01 2.097067e+00 1.100000e+01
      vertex   -8.120096e+01 1.800000e+00 1.125000e+01
    endloop
  endfacet
  facet normal -6.560819e-01 2.717580e-01 -7.040626e-01
    outer loop
      vertex   -8.120096e+01 1.800000e+00 1.125000e+01
      vertex   -8.080963e+01 2.097067e+00 1.100000e+01
      vertex   -8.098445e+01 1.675000e+00 1.100000e+01
    endloop
  endfacet
  facet normal -5.633903e-01 4.323046e-01 -7.040626e-01
    outer loop
      vertex   -8.120096e+01 1.800000e+00 1.125000e+01
      vertex   -8.098445e+01 1.675000e+00 1.100000e+01
      vertex   -8.143934e+01 1.489340e+00 1.125000e+01
    endloop
  endfacet
  facet normal -5.633903e-01 4.323046e-01 -7.040626e-01
    outer loop
      vertex   -8.143934e+01 1.489340e+00 1.125000e+01
      vertex   -8.098445e+01 1.675000e+00 1.100000e+01
      vertex   -8.126256e+01 1.312563e+00 1.100000e+01
    endloop
  endfacet
  facet normal -4.323046e-01 5.633903e-01 -7.040626e-01
    outer loop
      vertex   -8.143934e+01 1.489340e+00 1.125000e+01
      vertex   -8.126256e+01 1.312563e+00 1.100000e+01
      vertex   -8.175000e+01 1.250962e+00 1.125000e+01
    endloop
  endfacet
  facet normal -4.323046e-01 5.633903e-01 -7.040626e-01
    outer loop
      vertex   -8.175000e+01 1.250962e+00 1.125000e+01
      vertex   -8.126256e+01 1.312563e+00 1.100000e+01
      vertex   -8.162500e+01 1.034455e+00 1.100000e+01
    endloop
  endfacet
  facet normal -2.717580e-01 6.560819e-01 -7.040626e-01
    outer loop
      vertex   -8.175000e+01 1.250962e+00 1.125000e+01
      vertex   -8.162500e+01 1.034455e+00 1.100000e+01
      vertex   -8.211177e+01 1.101111e+00 1.125000e+01
    endloop
  endfacet
  facet normal -2.717580e-01 6.560819e-01 -7.040626e-01
    outer loop
      vertex   -8.211177e+01 1.101111e+00 1.125000e+01
      vertex   -8.162500e+01 1.034455e+00 1.100000e+01
      vertex   -8.204706e+01 8.596297e-01 1.100000e+01
    endloop
  endfacet
  facet normal -9.269160e-02 7.040626e-01 -7.040626e-01
    outer loop
      vertex   -8.211177e+01 1.101111e+00 1.125000e+01
      vertex   -8.204706e+01 8.596297e-01 1.100000e+01
      vertex   -8.250000e+01 1.050000e+00 1.125000e+01
    endloop
  endfacet
  facet normal -9.269160e-02 7.040626e-01 -7.040626e-01
    outer loop
      vertex   -8.250000e+01 1.050000e+00 1.125000e+01
      vertex   -8.204706e+01 8.596297e-01 1.100000e+01
      vertex   -8.250000e+01 7.999999e-01 1.100000e+01
    endloop
  endfacet
  facet normal 9.269160e-02 7.040626e-01 -7.040626e-01
    outer loop
      vertex   -8.250000e+01 1.050000e+00 1.125000e+01
      vertex   -8.250000e+01 7.999999e-01 1.100000e+01
      vertex   -8.288823e+01 1.101111e+00 1.125000e+01
    endloop
  endfacet
  facet normal 9.269160e-02 7.040626e-01 -7.040626e-01
    outer loop
      vertex   -8.288823e+01 1.101111e+00 1.125000e+01
      vertex   -8.250000e+01 7.999999e-01 1.100000e+01
      vertex   -8.295293e+01 8.596297e-01 1.100000e+01
    endloop
  endfacet
  facet normal 2.717580e-01 6.560819e-01 -7.040626e-01
    outer loop
      vertex   -8.288823e+01 1.101111e+00 1.125000e+01
      vertex   -8.295293e+01 8.596297e-01 1.100000e+01
      vertex   -8.325000e+01 1.250962e+00 1.125000e+01
    endloop
  endfacet
  facet normal 2.717580e-01 6.560819e-01 -7.040626e-01
    outer loop
      vertex   -8.325000e+01 1.250962e+00 1.125000e+01
      vertex   -8.295293e+01 8.596297e-01 1.100000e+01
      vertex   -8.337500e+01 1.034455e+00 1.100000e+01
    endloop
  endfacet
  facet normal 4.323046e-01 5.633903e-01 -7.040626e-01
    outer loop
      vertex   -8.325000e+01 1.250962e+00 1.125000e+01
      vertex   -8.337500e+01 1.034455e+00 1.100000e+01
      vertex   -8.356066e+01 1.489340e+00 1.125000e+01
    endloop
  endfacet
  facet normal 4.323046e-01 5.633903e-01 -7.040626e-01
    outer loop
      vertex   -8.356066e+01 1.489340e+00 1.125000e+01
      vertex   -8.337500e+01 1.034455e+00 1.100000e+01
      vertex   -8.373744e+01 1.312563e+00 1.100000e+01
    endloop
  endfacet
  facet normal 5.633903e-01 4.323046e-01 -7.040626e-01
    outer loop
      vertex   -8.356066e+01 1.489340e+00 1.125000e+01
      vertex   -8.373744e+01 1.312563e+00 1.100000e+01
      vertex   -8.379904e+01 1.800000e+00 1.125000e+01
    endloop
  endfacet
  facet normal 5.633903e-01 4.323046e-01 -7.040626e-01
    outer loop
      vertex   -8.379904e+01 1.800000e+00 1.125000e+01
      vertex   -8.373744e+01 1.312563e+00 1.100000e+01
      vertex   -8.401554e+01 1.675000e+00 1.100000e+01
    endloop
  endfacet
  facet normal 6.560819e-01 2.717580e-01 -7.040626e-01
    outer loop
      vertex   -8.379904e+01 1.800000e+00 1.125000e+01
      vertex   -8.401554e+01 1.675000e+00 1.100000e+01
      vertex   -8.394889e+01 2.161771e+00 1.125000e+01
    endloop
  endfacet
  facet normal 6.560819e-01 2.717580e-01 -7.040626e-01
    outer loop
      vertex   -8.394889e+01 2.161771e+00 1.125000e+01
      vertex   -8.401554e+01 1.675000e+00 1.100000e+01
      vertex   -8.419037e+01 2.097067e+00 1.100000e+01
    endloop
  endfacet
  facet normal 9.914449e-01 1.305262e-01 3.312301e-17
    outer loop
      vertex   -8.394889e+01 2.161771e+00 1.300000e+01
      vertex   -8.394889e+01 2.161771e+00 1.125000e+01
      vertex   -8.400000e+01 2.550000e+00 1.300000e+01
    endloop
  endfacet
  facet normal 9.914449e-01 1.305262e-01 0.000000e+00
    outer loop
      vertex   -8.400000e+01 2.550000e+00 1.300000e+01
      vertex   -8.394889e+01 2.161771e+00 1.125000e+01
      vertex   -8.400000e+01 2.550000e+00 1.125000e+01
    endloop
  endfacet
  facet normal 9.914449e-01 -1.305262e-01 0.000000e+00
    outer loop
      vertex   -8.400000e+01 2.550000e+00 1.300000e+01
      vertex   -8.400000e+01 2.550000e+00 1.125000e+01
      vertex   -8.394889e+01 2.938229e+00 1.300000e+01
    endloop
  endfacet
  facet normal 9.914449e-01 -1.305262e-01 -6.624603e-17
    outer loop
      vertex   -8.394889e+01 2.938229e+00 1.300000e+01
      vertex   -8.400000e+01 2.550000e+00 1.125000e+01
      vertex   -8.394889e+01 2.938229e+00 1.125000e+01
    endloop
  endfacet
  facet normal 9.238795e-01 -3.826834e-01 -1.942235e-16
    outer loop
      vertex   -8.394889e+01 2.938229e+00 1.300000e+01
      vertex   -8.394889e+01 2.938229e+00 1.125000e+01
      vertex   -8.379904e+01 3.300000e+00 1.300000e+01
    endloop
  endfacet
  facet normal 9.238795e-01 -3.826834e-01 -9.711176e-17
    outer loop
      vertex   -8.379904e+01 3.300000e+00 1.300000e+01
      vertex   -8.394889e+01 2.938229e+00 1.125000e+01
      vertex   -8.379904e+01 3.300000e+00 1.125000e+01
    endloop
  endfacet
  facet normal 7.933533e-01 -6.087614e-01 -1.544825e-16
    outer loop
      vertex   -8.379904e+01 3.300000e+00 1.300000e+01
      vertex   -8.379904e+01 3.300000e+00 1.125000e+01
      vertex   -8.356066e+01 3.610660e+00 1.300000e+01
    endloop
  endfacet
  facet normal 7.933533e-01 -6.087614e-01 0.000000e+00
    outer loop
      vertex   -8.356066e+01 3.610660e+00 1.300000e+01
      vertex   -8.379904e+01 3.300000e+00 1.125000e+01
      vertex   -8.356066e+01 3.610660e+00 1.125000e+01
    endloop
  endfacet
  facet normal 6.087614e-01 -7.933533e-01 0.000000e+00
    outer loop
      vertex   -8.356066e+01 3.610660e+00 1.300000e+01
      vertex   -8.356066e+01 3.610660e+00 1.125000e+01
      vertex   -8.325000e+01 3.849038e+00 1.300000e+01
    endloop
  endfacet
  facet normal 6.087614e-01 -7.933533e-01 4.339464e-15
    outer loop
      vertex   -8.325000e+01 3.849038e+00 1.300000e+01
      vertex   -8.356066e+01 3.610660e+00 1.125000e+01
      vertex   -8.325000e+01 3.849038e+00 1.125000e+01
    endloop
  endfacet
  facet normal 3.826834e-01 -9.238795e-01 2.404231e-15
    outer loop
      vertex   -8.325000e+01 3.849038e+00 1.300000e+01
      vertex   -8.325000e+01 3.849038e+00 1.125000e+01
      vertex   -8.288823e+01 3.998889e+00 1.300000e+01
    endloop
  endfacet
  facet normal 3.826834e-01 -9.238795e-01 0.000000e+00
    outer loop
      vertex   -8.288823e+01 3.998889e+00 1.300000e+01
      vertex   -8.325000e+01 3.849038e+00 1.125000e+01
      vertex   -8.288823e+01 3.998889e+00 1.125000e+01
    endloop
  endfacet
  facet normal 1.305262e-01 -9.914449e-01 0.000000e+00
    outer loop
      vertex   -8.288823e+01 3.998889e+00 1.300000e+01
      vertex   -8.288823e+01 3.998889e+00 1.125000e+01
      vertex   -8.250000e+01 4.050000e+00 1.300000e+01
    endloop
  endfacet
  facet normal 1.305262e-01 -9.914449e-01 0.000000e+00
    outer loop
      vertex   -8.250000e+01 4.050000e+00 1.300000e+01
      vertex   -8.288823e+01 3.998889e+00 1.125000e+01
      vertex   -8.250000e+01 4.050000e+00 1.125000e+01
    endloop
  endfacet
  facet normal -1.305262e-01 -9.914449e-01 -0.000000e+00
    outer loop
      vertex   -8.250000e+01 4.050000e+00 1.300000e+01
      vertex   -8.250000e+01 4.050000e+00 1.125000e+01
      vertex   -8.211177e+01 3.998889e+00 1.300000e+01
    endloop
  endfacet
  facet normal -1.305262e-01 -9.914449e-01 -0.000000e+00
    outer loop
      vertex   -8.211177e+01 3.998889e+00 1.300000e+01
      vertex   -8.250000e+01 4.050000e+00 1.125000e+01
      vertex   -8.211177e+01 3.998889e+00 1.125000e+01
    endloop
  endfacet
  facet normal -3.826834e-01 -9.238795e-01 -0.000000e+00
    outer loop
      vertex   -8.211177e+01 3.998889e+00 1.300000e+01
      vertex   -8.211177e+01 3.998889e+00 1.125000e+01
      vertex   -8.175000e+01 3.849038e+00 1.300000e+01
    endloop
  endfacet
  facet normal -3.826834e-01 -9.238795e-01 -3.107576e-15
    outer loop
      vertex   -8.175000e+01 3.849038e+00 1.300000e+01
      vertex   -8.211177e+01 3.998889e+00 1.125000e+01
      vertex   -8.175000e+01 3.849038e+00 1.125000e+01
    endloop
  endfacet
  facet normal -6.087614e-01 -7.933533e-01 -4.943440e-15
    outer loop
      vertex   -8.175000e+01 3.849038e+00 1.300000e+01
      vertex   -8.175000e+01 3.849038e+00 1.125000e+01
      vertex   -8.143934e+01 3.610660e+00 1.300000e+01
    endloop
  endfacet
  facet normal -6.087614e-01 -7.933533e-01 -0.000000e+00
    outer loop
      vertex   -8.143934e+01 3.610660e+00 1.300000e+01
      vertex   -8.175000e+01 3.849038e+00 1.125000e+01
      vertex   -8.143934e+01 3.610660e+00 1.125000e+01
    endloop
  endfacet
  facet normal -7.933533e-01 -6.087614e-01 -0.000000e+00
    outer loop
      vertex   -8.143934e+01 3.610660e+00 1.300000e+01
      vertex   -8.143934e+01 3.610660e+00 1.125000e+01
      vertex   -8.120096e+01 3.300000e+00 1.300000e+01
    endloop
  endfacet
  facet normal -7.933533e-01 -6.087614e-01 -0.000000e+00
    outer loop
      vertex   -8.120096e+01 3.300000e+00 1.300000e+01
      vertex   -8.143934e+01 3.610660e+00 1.125000e+01
      vertex   -8.120096e+01 3.300000e+00 1.125000e+01
    endloop
  endfacet
  facet normal -9.238795e-01 -3.826834e-01 -0.000000e+00
    outer loop
      vertex   -8.120096e+01 3.300000e+00 1.300000e+01
      vertex   -8.120096e+01 3.300000e+00 1.125000e+01
      vertex   -8.105111e+01 2.938229e+00 1.300000e+01
    endloop
  endfacet
  facet normal -9.238795e-01 -3.826834e-01 1.942235e-16
    outer loop
      vertex   -8.105111e+01 2.938229e+00 1.300000e+01
      vertex   -8.120096e+01 3.300000e+00 1.125000e+01
      vertex   -8.105111e+01 2.938229e+00 1.125000e+01
    endloop
  endfacet
  facet normal -9.914449e-01 -1.305262e-01 6.624603e-17
    outer loop
      vertex   -8.105111e+01 2.938229e+00 1.300000e+01
      vertex   -8.105111e+01 2.938229e+00 1.125000e+01
      vertex   -8.100000e+01 2.550000e+00 1.300000e+01
    endloop
  endfacet
  facet normal -9.914449e-01 -1.305262e-01 -0.000000e+00
    outer loop
      vertex   -8.100000e+01 2.550000e+00 1.300000e+01
      vertex   -8.105111e+01 2.938229e+00 1.125000e+01
      vertex   -8.100000e+01 2.550000e+00 1.125000e+01
    endloop
  endfacet
  facet normal -9.914449e-01 1.305262e-01 0.000000e+00
    outer loop
      vertex   -8.100000e+01 2.550000e+00 1.300000e+01
      vertex   -8.100000e+01 2.550000e+00 1.125000e+01
      vertex   -8.105111e+01 2.161771e+00 1.300000e+01
    endloop
  endfacet
  facet normal -9.914449e-01 1.305262e-01 -6.624603e-17
    outer loop
      vertex   -8.105111e+01 2.161771e+00 1.300000e+01
      vertex   -8.100000e+01 2.550000e+00 1.125000e+01
      vertex   -8.105111e+01 2.161771e+00 1.125000e+01
    endloop
  endfacet
  facet normal -9.238795e-01 3.826834e-01 -1.942235e-16
    outer loop
      vertex   -8.105111e+01 2.161771e+00 1.300000e+01
      vertex   -8.105111e+01 2.161771e+00 1.125000e+01
      vertex   -8.120096e+01 1.800000e+00 1.300000e+01
    endloop
  endfacet
  facet normal -9.238795e-01 3.826834e-01 -9.711176e-17
    outer loop
      vertex   -8.120096e+01 1.800000e+00 1.300000e+01
      vertex   -8.105111e+01 2.161771e+00 1.125000e+01
      vertex   -8.120096e+01 1.800000e+00 1.125000e+01
    endloop
  endfacet
  facet normal -7.933533e-01 6.087614e-01 -1.544825e-16
    outer loop
      vertex   -8.120096e+01 1.800000e+00 1.300000e+01
      vertex   -8.120096e+01 1.800000e+00 1.125000e+01
      vertex   -8.143934e+01 1.489340e+00 1.300000e+01
    endloop
  endfacet
  facet normal -7.933533e-01 6.087614e-01 -1.544825e-16
    outer loop
      vertex   -8.143934e+01 1.489340e+00 1.300000e+01
      vertex   -8.120096e+01 1.800000e+00 1.125000e+01
      vertex   -8.143934e+01 1.489340e+00 1.125000e+01
    endloop
  endfacet
  facet normal -6.087614e-01 7.933533e-01 -2.013255e-16
    outer loop
      vertex   -8.143934e+01 1.489340e+00 1.300000e+01
      vertex   -8.143934e+01 1.489340e+00 1.125000e+01
      vertex   -8.175000e+01 1.250962e+00 1.300000e+01
    endloop
  endfacet
  facet normal -6.087614e-01 7.933533e-01 4.842777e-15
    outer loop
      vertex   -8.175000e+01 1.250962e+00 1.300000e+01
      vertex   -8.143934e+01 1.489340e+00 1.125000e+01
      vertex   -8.175000e+01 1.250962e+00 1.125000e+01
    endloop
  endfacet
  facet normal -3.826834e-01 9.238795e-01 2.990352e-15
    outer loop
      vertex   -8.175000e+01 1.250962e+00 1.300000e+01
      vertex   -8.175000e+01 1.250962e+00 1.125000e+01
      vertex   -8.211177e+01 1.101111e+00 1.300000e+01
    endloop
  endfacet
  facet normal -3.826834e-01 9.238795e-01 -1.172243e-16
    outer loop
      vertex   -8.211177e+01 1.101111e+00 1.300000e+01
      vertex   -8.175000e+01 1.250962e+00 1.125000e+01
      vertex   -8.211177e+01 1.101111e+00 1.125000e+01
    endloop
  endfacet
  facet normal -1.305262e-01 9.914449e-01 -1.257971e-16
    outer loop
      vertex   -8.211177e+01 1.101111e+00 1.300000e+01
      vertex   -8.211177e+01 1.101111e+00 1.125000e+01
      vertex   -8.250000e+01 1.050000e+00 1.300000e+01
    endloop
  endfacet
  facet normal -1.305262e-01 9.914449e-01 0.000000e+00
    outer loop
      vertex   -8.250000e+01 1.050000e+00 1.300000e+01
      vertex   -8.211177e+01 1.101111e+00 1.125000e+01
      vertex   -8.250000e+01 1.050000e+00 1.125000e+01
    endloop
  endfacet
  facet normal 1.305262e-01 9.914449e-01 0.000000e+00
    outer loop
      vertex   -8.250000e+01 1.050000e+00 1.300000e+01
      vertex   -8.250000e+01 1.050000e+00 1.125000e+01
      vertex   -8.288823e+01 1.101111e+00 1.300000e+01
    endloop
  endfacet
  facet normal 1.305262e-01 9.914449e-01 1.257971e-16
    outer loop
      vertex   -8.288823e+01 1.101111e+00 1.300000e+01
      vertex   -8.250000e+01 1.050000e+00 1.125000e+01
      vertex   -8.288823e+01 1.101111e+00 1.125000e+01
    endloop
  endfacet
  facet normal 3.826834e-01 9.238795e-01 1.172243e-16
    outer loop
      vertex   -8.288823e+01 1.101111e+00 1.300000e+01
      vertex   -8.288823e+01 1.101111e+00 1.125000e+01
      vertex   -8.325000e+01 1.250962e+00 1.300000e+01
    endloop
  endfacet
  facet normal 3.826834e-01 9.238795e-01 -2.638679e-15
    outer loop
      vertex   -8.325000e+01 1.250962e+00 1.300000e+01
      vertex   -8.288823e+01 1.101111e+00 1.125000e+01
      vertex   -8.325000e+01 1.250962e+00 1.125000e+01
    endloop
  endfacet
  facet normal 6.087614e-01 7.933533e-01 -4.540789e-15
    outer loop
      vertex   -8.325000e+01 1.250962e+00 1.300000e+01
      vertex   -8.325000e+01 1.250962e+00 1.125000e+01
      vertex   -8.356066e+01 1.489340e+00 1.300000e+01
    endloop
  endfacet
  facet normal 6.087614e-01 7.933533e-01 0.000000e+00
    outer loop
      vertex   -8.356066e+01 1.489340e+00 1.300000e+01
      vertex   -8.325000e+01 1.250962e+00 1.125000e+01
      vertex   -8.356066e+01 1.489340e+00 1.125000e+01
    endloop
  endfacet
  facet normal 7.933533e-01 6.087614e-01 0.000000e+00
    outer loop
      vertex   -8.356066e+01 1.489340e+00 1.300000e+01
      vertex   -8.356066e+01 1.489340e+00 1.125000e+01
      vertex   -8.379904e+01 1.800000e+00 1.300000e+01
    endloop
  endfacet
  facet normal 7.933533e-01 6.087614e-01 1.544825e-16
    outer loop
      vertex   -8.379904e+01 1.800000e+00 1.300000e+01
      vertex   -8.356066e+01 1.489340e+00 1.125000e+01
      vertex   -8.379904e+01 1.800000e+00 1.125000e+01
    endloop
  endfacet
  facet normal 9.238795e-01 3.826834e-01 9.711176e-17
    outer loop
      vertex   -8.379904e+01 1.800000e+00 1.300000e+01
      vertex   -8.379904e+01 1.800000e+00 1.125000e+01
      vertex   -8.394889e+01 2.161771e+00 1.300000e+01
    endloop
  endfacet
  facet normal 9.238795e-01 3.826834e-01 9.711176e-17
    outer loop
      vertex   -8.394889e+01 2.161771e+00 1.300000e+01
      vertex   -8.379904e+01 1.800000e+00 1.125000e+01
      vertex   -8.394889e+01 2.161771e+00 1.125000e+01
    endloop
  endfacet
  facet normal -0.000000e+00 0.000000e+00 -1.000000e+00
    outer loop
      vertex   -7.414729e+00 5.994236e+01 1.100000e+01
      vertex   -7.496087e+00 5.925391e+01 1.100000e+01
      vertex   -8.000000e+00 6.000000e+01 1.100000e+01
    endloop
  endfacet
  facet normal 0.000000e+00 0.000000e+00 -1.000000e+00
    outer loop
      vertex   -8.000000e+00 6.000000e+01 1.100000e+01
      vertex   -7.496087e+00 5.925391e+01 1.100000e+01
      vertex   -7.949020e+00 5.919428e+01 1.100000e+01
    endloop
  endfacet
  facet normal 0.000000e+00 -0.000000e+00 -1.000000e+00
    outer loop
      vertex   -8.000000e+00 6.000000e+01 1.100000e+01
      vertex   -7.949020e+00 5.919428e+01 1.100000e+01
      vertex   -8.371087e+00 5.901946e+01 1.100000e+01
    endloop
  endfacet
  facet normal 0.000000e+00 -0.000000e+00 -1.000000e+00
    outer loop
      vertex   -7.414729e+00 5.994236e+01 1.100000e+01
      vertex   -6.851950e+00 5.977164e+01 1.100000e+01
      vertex   -7.496087e+00 5.925391e+01 1.100000e+01
    endloop
  endfacet
  facet normal 0.000000e+00 0.000000e+00 -1.000000e+00
    outer loop
      vertex   -7.496087e+00 5.925391e+01 1.100000e+01
      vertex   -6.851950e+00 5.977164e+01 1.100000e+01
      vertex   -7.043154e+00 5.919428e+01 1.100000e+01
    endloop
  endfacet
  facet normal 0.000000e+00 0.000000e+00 -1.000000e+00
    outer loop
      vertex   -7.043154e+00 5.919428e+01 1.100000e+01
      vertex   -6.851950e+00 5.977164e+01 1.100000e+01
      vertex   -6.333289e+00 5.949441e+01 1.100000e+01
    endloop
  endfacet
  facet normal 0.000000e+00 0.000000e+00 -1.000000e+00
    outer loop
      vertex   -7.043154e+00 5.919428e+01 1.100000e+01
      vertex   -6.333289e+00 5.949441e+01 1.100000e+01
      vertex   -6.621087e+00 5.901946e+01 1.100000e+01
    endloop
  endfacet
  facet normal 0.000000e+00 0.000000e+00 -1.000000e+00
    outer loop
      vertex   -6.621087e+00 5.901946e+01 1.100000e+01
      vertex   -6.333289e+00 5.949441e+01 1.100000e+01
      vertex   -5.878680e+00 5.912132e+01 1.100000e+01
    endloop
  endfacet
  facet normal 0.000000e+00 0.000000e+00 -1.000000e+00
    outer loop
      vertex   -6.621087e+00 5.901946e+01 1.100000e+01
      vertex   -5.878680e+00 5.912132e+01 1.100000e+01
      vertex   -6.258650e+00 5.874135e+01 1.100000e+01
    endloop
  endfacet
  facet normal 0.000000e+00 0.000000e+00 -1.000000e+00
    outer loop
      vertex   -6.258650e+00 5.874135e+01 1.100000e+01
      vertex   -5.878680e+00 5.912132e+01 1.100000e+01
      vertex   -5.505591e+00 5.866671e+01 1.100000e+01
    endloop
  endfacet
  facet normal 0.000000e+00 0.000000e+00 -1.000000e+00
    outer loop
      vertex   -6.258650e+00 5.874135e+01 1.100000e+01
      vertex   -5.505591e+00 5.866671e+01 1.100000e+01
      vertex   -5.980543e+00 5.837891e+01 1.100000e+01
    endloop
  endfacet
  facet normal 0.000000e+00 0.000000e+00 -1.000000e+00
    outer loop
      vertex   -5.980543e+00 5.837891e+01 1.100000e+01
      vertex   -5.505591e+00 5.866671e+01 1.100000e+01
      vertex   -5.228361e+00 5.814805e+01 1.100000e+01
    endloop
  endfacet
  facet normal 0.000000e+00 0.000000e+00 -1.000000e+00
    outer loop
      vertex   -5.980543e+00 5.837891e+01 1.100000e+01
      vertex   -5.228361e+00 5.814805e+01 1.100000e+01
      vertex   -5.805717e+00 5.795685e+01 1.100000e+01
    endloop
  endfacet
  facet normal 0.000000e+00 0.000000e+00 -1.000000e+00
    outer loop
      vertex   -5.805717e+00 5.795685e+01 1.100000e+01
      vertex   -5.228361e+00 5.814805e+01 1.100000e+01
      vertex   -5.057644e+00 5.758527e+01 1.100000e+01
    endloop
  endfacet
  facet normal 0.000000e+00 0.000000e+00 -1.000000e+00
    outer loop
      vertex   -5.805717e+00 5.795685e+01 1.100000e+01
      vertex   -5.057644e+00 5.758527e+01 1.100000e+01
      vertex   -5.746087e+00 5.750391e+01 1.100000e+01
    endloop
  endfacet
  facet normal 0.000000e+00 0.000000e+00 -1.000000e+00
    outer loop
      vertex   -5.746087e+00 5.750391e+01 1.100000e+01
      vertex   -5.057644e+00 5.758527e+01 1.100000e+01
      vertex   -5.000000e+00 5.700000e+01 1.100000e+01
    endloop
  endfacet
  facet normal 0.000000e+00 -0.000000e+00 -1.000000e+00
    outer loop
      vertex   -5.746087e+00 5.750391e+01 1.100000e+01
      vertex   -5.000000e+00 5.700000e+01 1.100000e+01
      vertex   -5.805717e+00 5.705098e+01 1.100000e+01
    endloop
  endfacet
  facet normal 0.000000e+00 -0.000000e+00 -1.000000e+00
    outer loop
      vertex   -5.805717e+00 5.705098e+01 1.100000e+01
      vertex   -5.000000e+00 5.700000e+01 1.100000e+01
      vertex   -5.980543e+00 5.662891e+01 1.100000e+01
    endloop
  endfacet
  facet normal 0.000000e+00 -0.000000e+00 -1.000000e+00
    outer loop
      vertex   -5.980543e+00 5.662891e+01 1.100000e+01
      vertex   -5.000000e+00 5.700000e+01 1.100000e+01
      vertex   -6.258650e+00 5.626648e+01 1.100000e+01
    endloop
  endfacet
  facet normal 0.000000e+00 -0.000000e+00 -1.000000e+00
    outer loop
      vertex   -6.258650e+00 5.626648e+01 1.100000e+01
      vertex   -5.000000e+00 5.700000e+01 1.100000e+01
      vertex   -6.621087e+00 5.598837e+01 1.100000e+01
    endloop
  endfacet
  facet normal 0.000000e+00 0.000000e+00 -1.000000e+00
    outer loop
      vertex   -6.621087e+00 5.598837e+01 1.100000e+01
      vertex   -5.000000e+00 5.700000e+01 1.100000e+01
      vertex   -6.621087e+00 4.011631e+00 1.100000e+01
    endloop
  endfacet
  facet normal 0.000000e+00 -0.000000e+00 -1.000000e+00
    outer loop
      vertex   -6.621087e+00 5.598837e+01 1.100000e+01
      vertex   -6.621087e+00 4.011631e+00 1.100000e+01
      vertex   -7.043154e+00 5.581354e+01 1.100000e+01
    endloop
  endfacet
  facet normal 0.000000e+00 -0.000000e+00 -1.000000e+00
    outer loop
      vertex   -7.043154e+00 5.581354e+01 1.100000e+01
      vertex   -6.621087e+00 4.011631e+00 1.100000e+01
      vertex   -7.043154e+00 4.186457e+00 1.100000e+01
    endloop
  endfacet
  facet normal 0.000000e+00 0.000000e+00 -1.000000e+00
    outer loop
      vertex   -7.043154e+00 5.581354e+01 1.100000e+01
      vertex   -7.043154e+00 4.186457e+00 1.100000e+01
      vertex   -7.496087e+00 5.575391e+01 1.100000e+01
    endloop
  endfacet
  facet normal 0.000000e+00 0.000000e+00 -1.000000e+00
    outer loop
      vertex   -7.496087e+00 5.575391e+01 1.100000e+01
      vertex   -7.043154e+00 4.186457e+00 1.100000e+01
      vertex   -7.496087e+00 4.246087e+00 1.100000e+01
    endloop
  endfacet
  facet normal 0.000000e+00 -0.000000e+00 -1.000000e+00
    outer loop
      vertex   -7.496087e+00 5.575391e+01 1.100000e+01
      vertex   -7.496087e+00 4.246087e+00 1.100000e+01
      vertex   -7.949020e+00 4.186457e+00 1.100000e+01
    endloop
  endfacet
  facet normal 0.000000e+00 -0.000000e+00 -1.000000e+00
    outer loop
      vertex   -5.000000e+00 5.700000e+01 1.100000e+01
      vertex   -5.000000e+00 3.000000e+00 1.100000e+01
      vertex   -6.621087e+00 4.011631e+00 1.100000e+01
    endloop
  endfacet
  facet normal 0.000000e+00 0.000000e+00 -1.000000e+00
    outer loop
      vertex   -6.621087e+00 4.011631e+00 1.100000e+01
      vertex   -5.000000e+00 3.000000e+00 1.100000e+01
      vertex   -6.258650e+00 3.733524e+00 1.100000e+01
    endloop
  endfacet
  facet normal 0.000000e+00 0.000000e+00 -1.000000e+00
    outer loop
      vertex   -6.258650e+00 3.733524e+00 1.100000e+01
      vertex   -5.000000e+00 3.000000e+00 1.100000e+01
      vertex   -5.980543e+00 3.371087e+00 1.100000e+01
    endloop
  endfacet
  facet normal 0.000000e+00 0.000000e+00 -1.000000e+00
    outer loop
      vertex   -5.980543e+00 3.371087e+00 1.100000e+01
      vertex   -5.000000e+00 3.000000e+00 1.100000e+01
      vertex   -5.805717e+00 2.949020e+00 1.100000e+01
    endloop
  endfacet
  facet normal 0.000000e+00 0.000000e+00 -1.000000e+00
    outer loop
      vertex   -5.805717e+00 2.949020e+00 1.100000e+01
      vertex   -5.000000e+00 3.000000e+00 1.100000e+01
      vertex   -5.746087e+00 2.496087e+00 1.100000e+01
    endloop
  endfacet
  facet normal 0.000000e+00 0.000000e+00 -1.000000e+00
    outer loop
      vertex   -5.746087e+00 2.496087e+00 1.100000e+01
      vertex   -5.000000e+00 3.000000e+00 1.100000e+01
      vertex   -5.057644e+00 2.414729e+00 1.100000e+01
    endloop
  endfacet
  facet normal 0.000000e+00 -0.000000e+00 -1.000000e+00
    outer loop
      vertex   -5.746087e+00 2.496087e+00 1.100000e+01
      vertex   -5.057644e+00 2.414729e+00 1.100000e+01
      vertex   -5.805717e+00 2.043154e+00 1.100000e+01
    endloop
  endfacet
  facet normal 0.000000e+00 0.000000e+00 -1.000000e+00
    outer loop
      vertex   -5.805717e+00 2.043154e+00 1.100000e+01
      vertex   -5.057644e+00 2.414729e+00 1.100000e+01
      vertex   -5.228361e+00 1.851950e+00 1.100000e+01
    endloop
  endfacet
  facet normal 0.000000e+00 -0.000000e+00 -1.000000e+00
    outer loop
      vertex   -5.805717e+00 2.043154e+00 1.100000e+01
      vertex   -5.228361e+00 1.851950e+00 1.100000e+01
      vertex   -5.980543e+00 1.621087e+00 1.100000e+01
    endloop
  endfacet
  facet normal 0.000000e+00 0.000000e+00 -1.000000e+00
    outer loop
      vertex   -5.980543e+00 1.621087e+00 1.100000e+01
      vertex   -5.228361e+00 1.851950e+00 1.100000e+01
      vertex   -5.505591e+00 1.333289e+00 1.100000e+01
    endloop
  endfacet
  facet normal 0.000000e+00 -0.000000e+00 -1.000000e+00
    outer loop
      vertex   -5.980543e+00 1.621087e+00 1.100000e+01
      vertex   -5.505591e+00 1.333289e+00 1.100000e+01
      vertex   -6.258650e+00 1.258650e+00 1.100000e+01
    endloop
  endfacet
  facet normal 0.000000e+00 0.000000e+00 -1.000000e+00
    outer loop
      vertex   -6.258650e+00 1.258650e+00 1.100000e+01
      vertex   -5.505591e+00 1.333289e+00 1.100000e+01
      vertex   -5.878680e+00 8.786797e-01 1.100000e+01
    endloop
  endfacet
  facet normal 0.000000e+00 -0.000000e+00 -1.000000e+00
    outer loop
      vertex   -6.258650e+00 1.258650e+00 1.100000e+01
      vertex   -5.878680e+00 8.786797e-01 1.100000e+01
      vertex   -6.621087e+00 9.805425e-01 1.100000e+01
    endloop
  endfacet
  facet normal 0.000000e+00 0.000000e+00 -1.000000e+00
    outer loop
      vertex   -6.621087e+00 9.805425e-01 1.100000e+01
      vertex   -5.878680e+00 8.786797e-01 1.100000e+01
      vertex   -6.333289e+00 5.055912e-01 1.100000e+01
    endloop
  endfacet
  facet normal 0.000000e+00 -0.000000e+00 -1.000000e+00
    outer loop
      vertex   -6.621087e+00 9.805425e-01 1.100000e+01
      vertex   -6.333289e+00 5.055912e-01 1.100000e+01
      vertex   -7.043154e+00 8.057167e-01 1.100000e+01
    endloop
  endfacet
  facet normal 0.000000e+00 0.000000e+00 -1.000000e+00
    outer loop
      vertex   -7.043154e+00 8.057167e-01 1.100000e+01
      vertex   -6.333289e+00 5.055912e-01 1.100000e+01
      vertex   -6.851950e+00 2.283614e-01 1.100000e+01
    endloop
  endfacet
  facet normal 0.000000e+00 -0.000000e+00 -1.000000e+00
    outer loop
      vertex   -7.043154e+00 8.057167e-01 1.100000e+01
      vertex   -6.851950e+00 2.283614e-01 1.100000e+01
      vertex   -7.496087e+00 7.460869e-01 1.100000e+01
    endloop
  endfacet
  facet normal 0.000000e+00 0.000000e+00 -1.000000e+00
    outer loop
      vertex   -7.496087e+00 7.460869e-01 1.100000e+01
      vertex   -6.851950e+00 2.283614e-01 1.100000e+01
      vertex   -7.414729e+00 5.764416e-02 1.100000e+01
    endloop
  endfacet
  facet normal 0.000000e+00 -0.000000e+00 -1.000000e+00
    outer loop
      vertex   -7.496087e+00 7.460869e-01 1.100000e+01
      vertex   -7.414729e+00 5.764416e-02 1.100000e+01
      vertex   -8.000000e+00 0.000000e+00 1.100000e+01
    endloop
  endfacet
  facet normal 0.000000e+00 0.000000e+00 -1.000000e+00
    outer loop
      vertex   -8.200000e+01 0.000000e+00 1.100000e+01
      vertex   -9.011631e+00 1.621087e+00 1.100000e+01
      vertex   -8.000000e+00 0.000000e+00 1.100000e+01
    endloop
  endfacet
  facet normal 0.000000e+00 0.000000e+00 -1.000000e+00
    outer loop
      vertex   -8.000000e+00 0.000000e+00 1.100000e+01
      vertex   -9.011631e+00 1.621087e+00 1.100000e+01
      vertex   -8.733524e+00 1.258650e+00 1.100000e+01
    endloop
  endfacet
  facet normal 0.000000e+00 0.000000e+00 -1.000000e+00
    outer loop
      vertex   -8.000000e+00 0.000000e+00 1.100000e+01
      vertex   -8.733524e+00 1.258650e+00 1.100000e+01
      vertex   -8.371087e+00 9.805425e-01 1.100000e+01
    endloop
  endfacet
  facet normal 0.000000e+00 0.000000e+00 -1.000000e+00
    outer loop
      vertex   -8.258527e+01 5.764416e-02 1.100000e+01
      vertex   -8.250000e+01 7.999999e-01 1.100000e+01
      vertex   -8.200000e+01 0.000000e+00 1.100000e+01
    endloop
  endfacet
  facet normal 0.000000e+00 0.000000e+00 -1.000000e+00
    outer loop
      vertex   -8.200000e+01 0.000000e+00 1.100000e+01
      vertex   -8.250000e+01 7.999999e-01 1.100000e+01
      vertex   -8.204706e+01 8.596297e-01 1.100000e+01
    endloop
  endfacet
  facet normal 0.000000e+00 0.000000e+00 -1.000000e+00
    outer loop
      vertex   -8.200000e+01 0.000000e+00 1.100000e+01
      vertex   -8.204706e+01 8.596297e-01 1.100000e+01
      vertex   -8.162500e+01 1.034455e+00 1.100000e+01
    endloop
  endfacet
  facet normal 0.000000e+00 0.000000e+00 -1.000000e+00
    outer loop
      vertex   -8.258527e+01 5.764416e-02 1.100000e+01
      vertex   -8.314805e+01 2.283614e-01 1.100000e+01
      vertex   -8.250000e+01 7.999999e-01 1.100000e+01
    endloop
  endfacet
  facet normal -0.000000e+00 0.000000e+00 -1.000000e+00
    outer loop
      vertex   -8.250000e+01 7.999999e-01 1.100000e+01
      vertex   -8.314805e+01 2.283614e-01 1.100000e+01
      vertex   -8.295293e+01 8.596297e-01 1.100000e+01
    endloop
  endfacet
  facet normal 0.000000e+00 0.000000e+00 -1.000000e+00
    outer loop
      vertex   -8.295293e+01 8.596297e-01 1.100000e+01
      vertex   -8.314805e+01 2.283614e-01 1.100000e+01
      vertex   -8.366671e+01 5.055912e-01 1.100000e+01
    endloop
  endfacet
  facet normal -0.000000e+00 0.000000e+00 -1.000000e+00
    outer loop
      vertex   -8.295293e+01 8.596297e-01 1.100000e+01
      vertex   -8.366671e+01 5.055912e-01 1.100000e+01
      vertex   -8.337500e+01 1.034455e+00 1.100000e+01
    endloop
  endfacet
  facet normal 0.000000e+00 0.000000e+00 -1.000000e+00
    outer loop
      vertex   -8.337500e+01 1.034455e+00 1.100000e+01
      vertex   -8.366671e+01 5.055912e-01 1.100000e+01
      vertex   -8.412132e+01 8.786797e-01 1.100000e+01
    endloop
  endfacet
  facet normal -0.000000e+00 0.000000e+00 -1.000000e+00
    outer loop
      vertex   -8.337500e+01 1.034455e+00 1.100000e+01
      vertex   -8.412132e+01 8.786797e-01 1.100000e+01
      vertex   -8.373744e+01 1.312563e+00 1.100000e+01
    endloop
  endfacet
  facet normal -0.000000e+00 0.000000e+00 -1.000000e+00
    outer loop
      vertex   -8.373744e+01 1.312563e+00 1.100000e+01
      vertex   -8.412132e+01 8.786797e-01 1.100000e+01
      vertex   -8.449441e+01 1.333289e+00 1.100000e+01
    endloop
  endfacet
  facet normal 0.000000e+00 0.000000e+00 -1.000000e+00
    outer loop
      vertex   -8.373744e+01 1.312563e+00 1.100000e+01
      vertex   -8.449441e+01 1.333289e+00 1.100000e+01
      vertex   -8.401554e+01 1.675000e+00 1.100000e+01
    endloop
  endfacet
  facet normal -0.000000e+00 0.000000e+00 -1.000000e+00
    outer loop
      vertex   -8.401554e+01 1.675000e+00 1.100000e+01
      vertex   -8.449441e+01 1.333289e+00 1.100000e+01
      vertex   -8.477164e+01 1.851950e+00 1.100000e+01
    endloop
  endfacet
  facet normal 0.000000e+00 0.000000e+00 -1.000000e+00
    outer loop
      vertex   -8.401554e+01 1.675000e+00 1.100000e+01
      vertex   -8.477164e+01 1.851950e+00 1.100000e+01
      vertex   -8.419037e+01 2.097067e+00 1.100000e+01
    endloop
  endfacet
  facet normal -0.000000e+00 0.000000e+00 -1.000000e+00
    outer loop
      vertex   -8.419037e+01 2.097067e+00 1.100000e+01
      vertex   -8.477164e+01 1.851950e+00 1.100000e+01
      vertex   -8.494236e+01 2.414729e+00 1.100000e+01
    endloop
  endfacet
  facet normal 0.000000e+00 0.000000e+00 -1.000000e+00
    outer loop
      vertex   -8.419037e+01 2.097067e+00 1.100000e+01
      vertex   -8.494236e+01 2.414729e+00 1.100000e+01
      vertex   -8.425000e+01 2.550000e+00 1.100000e+01
    endloop
  endfacet
  facet normal -0.000000e+00 0.000000e+00 -1.000000e+00
    outer loop
      vertex   -8.425000e+01 2.550000e+00 1.100000e+01
      vertex   -8.494236e+01 2.414729e+00 1.100000e+01
      vertex   -8.500000e+01 3.000000e+00 1.100000e+01
    endloop
  endfacet
  facet normal 0.000000e+00 0.000000e+00 -1.000000e+00
    outer loop
      vertex   -8.425000e+01 2.550000e+00 1.100000e+01
      vertex   -8.500000e+01 3.000000e+00 1.100000e+01
      vertex   -8.419037e+01 3.002933e+00 1.100000e+01
    endloop
  endfacet
  facet normal -0.000000e+00 0.000000e+00 -1.000000e+00
    outer loop
      vertex   -8.419037e+01 3.002933e+00 1.100000e+01
      vertex   -8.500000e+01 3.000000e+00 1.100000e+01
      vertex   -8.401554e+01 3.425000e+00 1.100000e+01
    endloop
  endfacet
  facet normal -0.000000e+00 0.000000e+00 -1.000000e+00
    outer loop
      vertex   -8.401554e+01 3.425000e+00 1.100000e+01
      vertex   -8.500000e+01 3.000000e+00 1.100000e+01
      vertex   -8.373744e+01 3.787437e+00 1.100000e+01
    endloop
  endfacet
  facet normal -0.000000e+00 0.000000e+00 -1.000000e+00
    outer loop
      vertex   -8.373744e+01 3.787437e+00 1.100000e+01
      vertex   -8.500000e+01 3.000000e+00 1.100000e+01
      vertex   -8.337500e+01 4.065544e+00 1.100000e+01
    endloop
  endfacet
  facet normal -0.000000e+00 0.000000e+00 -1.000000e+00
    outer loop
      vertex   -8.337500e+01 4.065544e+00 1.100000e+01
      vertex   -8.500000e+01 3.000000e+00 1.100000e+01
      vertex   -8.500000e+01 5.700000e+01 1.100000e+01
    endloop
  endfacet
  facet normal 0.000000e+00 0.000000e+00 -1.000000e+00
    outer loop
      vertex   -8.337500e+01 4.065544e+00 1.100000e+01
      vertex   -8.500000e+01 5.700000e+01 1.100000e+01
      vertex   -8.337891e+01 5.598837e+01 1.100000e+01
    endloop
  endfacet
  facet normal 0.000000e+00 0.000000e+00 -1.000000e+00
    outer loop
      vertex   -8.337891e+01 5.598837e+01 1.100000e+01
      vertex   -8.500000e+01 5.700000e+01 1.100000e+01
      vertex   -8.374135e+01 5.626648e+01 1.100000e+01
    endloop
  endfacet
  facet normal 0.000000e+00 0.000000e+00 -1.000000e+00
    outer loop
      vertex   -8.374135e+01 5.626648e+01 1.100000e+01
      vertex   -8.500000e+01 5.700000e+01 1.100000e+01
      vertex   -8.401946e+01 5.662891e+01 1.100000e+01
    endloop
  endfacet
  facet normal 0.000000e+00 0.000000e+00 -1.000000e+00
    outer loop
      vertex   -8.401946e+01 5.662891e+01 1.100000e+01
      vertex   -8.500000e+01 5.700000e+01 1.100000e+01
      vertex   -8.419428e+01 5.705098e+01 1.100000e+01
    endloop
  endfacet
  facet normal -0.000000e+00 0.000000e+00 -1.000000e+00
    outer loop
      vertex   -8.419428e+01 5.705098e+01 1.100000e+01
      vertex   -8.500000e+01 5.700000e+01 1.100000e+01
      vertex   -8.425391e+01 5.750391e+01 1.100000e+01
    endloop
  endfacet
  facet normal -0.000000e+00 0.000000e+00 -1.000000e+00
    outer loop
      vertex   -8.425391e+01 5.750391e+01 1.100000e+01
      vertex   -8.500000e+01 5.700000e+01 1.100000e+01
      vertex   -8.494236e+01 5.758527e+01 1.100000e+01
    endloop
  endfacet
  facet normal 0.000000e+00 0.000000e+00 -1.000000e+00
    outer loop
      vertex   -8.425391e+01 5.750391e+01 1.100000e+01
      vertex   -8.494236e+01 5.758527e+01 1.100000e+01
      vertex   -8.419428e+01 5.795685e+01 1.100000e+01
    endloop
  endfacet
  facet normal -0.000000e+00 0.000000e+00 -1.000000e+00
    outer loop
      vertex   -8.419428e+01 5.795685e+01 1.100000e+01
      vertex   -8.494236e+01 5.758527e+01 1.100000e+01
      vertex   -8.477164e+01 5.814805e+01 1.100000e+01
    endloop
  endfacet
  facet normal 0.000000e+00 0.000000e+00 -1.000000e+00
    outer loop
      vertex   -8.419428e+01 5.795685e+01 1.100000e+01
      vertex   -8.477164e+01 5.814805e+01 1.100000e+01
      vertex   -8.401946e+01 5.837891e+01 1.100000e+01
    endloop
  endfacet
  facet normal -0.000000e+00 0.000000e+00 -1.000000e+00
    outer loop
      vertex   -8.401946e+01 5.837891e+01 1.100000e+01
      vertex   -8.477164e+01 5.814805e+01 1.100000e+01
      vertex   -8.449441e+01 5.866671e+01 1.100000e+01
    endloop
  endfacet
  facet normal 0.000000e+00 0.000000e+00 -1.000000e+00
    outer loop
      vertex   -8.401946e+01 5.837891e+01 1.100000e+01
      vertex   -8.449441e+01 5.866671e+01 1.100000e+01
      vertex   -8.374135e+01 5.874135e+01 1.100000e+01
    endloop
  endfacet
  facet normal -0.000000e+00 0.000000e+00 -1.000000e+00
    outer loop
      vertex   -8.374135e+01 5.874135e+01 1.100000e+01
      vertex   -8.449441e+01 5.866671e+01 1.100000e+01
      vertex   -8.412132e+01 5.912132e+01 1.100000e+01
    endloop
  endfacet
  facet normal 0.000000e+00 0.000000e+00 -1.000000e+00
    outer loop
      vertex   -8.374135e+01 5.874135e+01 1.100000e+01
      vertex   -8.412132e+01 5.912132e+01 1.100000e+01
      vertex   -8.337891e+01 5.901946e+01 1.100000e+01
    endloop
  endfacet
  facet normal 0.000000e+00 0.000000e+00 -1.000000e+00
    outer loop
      vertex   -8.337891e+01 5.901946e+01 1.100000e+01
      vertex   -8.412132e+01 5.912132e+01 1.100000e+01
      vertex   -8.366671e+01 5.949441e+01 1.100000e+01
    endloop
  endfacet
  facet normal 0.000000e+00 0.000000e+00 -1.000000e+00
    outer loop
      vertex   -8.337891e+01 5.901946e+01 1.100000e+01
      vertex   -8.366671e+01 5.949441e+01 1.100000e+01
      vertex   -8.295685e+01 5.919428e+01 1.100000e+01
    endloop
  endfacet
  facet normal 0.000000e+00 0.000000e+00 -1.000000e+00
    outer loop
      vertex   -8.295685e+01 5.919428e+01 1.100000e+01
      vertex   -8.366671e+01 5.949441e+01 1.100000e+01
      vertex   -8.314805e+01 5.977164e+01 1.100000e+01
    endloop
  endfacet
  facet normal 0.000000e+00 0.000000e+00 -1.000000e+00
    outer loop
      vertex   -8.295685e+01 5.919428e+01 1.100000e+01
      vertex   -8.314805e+01 5.977164e+01 1.100000e+01
      vertex   -8.250391e+01 5.925391e+01 1.100000e+01
    endloop
  endfacet
  facet normal 0.000000e+00 0.000000e+00 -1.000000e+00
    outer loop
      vertex   -8.250391e+01 5.925391e+01 1.100000e+01
      vertex   -8.314805e+01 5.977164e+01 1.100000e+01
      vertex   -8.258527e+01 5.994236e+01 1.100000e+01
    endloop
  endfacet
  facet normal 0.000000e+00 0.000000e+00 -1.000000e+00
    outer loop
      vertex   -8.250391e+01 5.925391e+01 1.100000e+01
      vertex   -8.258527e+01 5.994236e+01 1.100000e+01
      vertex   -8.200000e+01 6.000000e+01 1.100000e+01
    endloop
  endfacet
  facet normal -0.000000e+00 0.000000e+00 -1.000000e+00
    outer loop
      vertex   -8.000000e+00 6.000000e+01 1.100000e+01
      vertex   -9.011631e+00 5.837891e+01 1.100000e+01
      vertex   -8.200000e+01 6.000000e+01 1.100000e+01
    endloop
  endfacet
  facet normal 0.000000e+00 0.000000e+00 -1.000000e+00
    outer loop
      vertex   -8.200000e+01 6.000000e+01 1.100000e+01
      vertex   -9.011631e+00 5.837891e+01 1.100000e+01
      vertex   -8.098837e+01 5.837891e+01 1.100000e+01
    endloop
  endfacet
  facet normal 0.000000e+00 0.000000e+00 -1.000000e+00
    outer loop
      vertex   -8.200000e+01 6.000000e+01 1.100000e+01
      vertex   -8.098837e+01 5.837891e+01 1.100000e+01
      vertex   -8.126648e+01 5.874135e+01 1.100000e+01
    endloop
  endfacet
  facet normal 0.000000e+00 0.000000e+00 -1.000000e+00
    outer loop
      vertex   -9.186457e+00 2.043154e+00 1.100000e+01
      vertex   -8.080963e+01 2.097067e+00 1.100000e+01
      vertex   -9.246087e+00 2.496087e+00 1.100000e+01
    endloop
  endfacet
  facet normal -0.000000e+00 0.000000e+00 -1.000000e+00
    outer loop
      vertex   -9.246087e+00 2.496087e+00 1.100000e+01
      vertex   -8.080963e+01 2.097067e+00 1.100000e+01
      vertex   -8.075000e+01 2.550000e+00 1.100000e+01
    endloop
  endfacet
  facet normal 0.000000e+00 0.000000e+00 -1.000000e+00
    outer loop
      vertex   -9.246087e+00 2.496087e+00 1.100000e+01
      vertex   -8.075000e+01 2.550000e+00 1.100000e+01
      vertex   -9.186457e+00 2.949020e+00 1.100000e+01
    endloop
  endfacet
  facet normal -0.000000e+00 0.000000e+00 -1.000000e+00
    outer loop
      vertex   -9.186457e+00 2.949020e+00 1.100000e+01
      vertex   -8.075000e+01 2.550000e+00 1.100000e+01
      vertex   -8.080963e+01 3.002933e+00 1.100000e+01
    endloop
  endfacet
  facet normal 0.000000e+00 0.000000e+00 -1.000000e+00
    outer loop
      vertex   -9.186457e+00 2.949020e+00 1.100000e+01
      vertex   -8.080963e+01 3.002933e+00 1.100000e+01
      vertex   -9.011631e+00 3.371087e+00 1.100000e+01
    endloop
  endfacet
  facet normal -0.000000e+00 0.000000e+00 -1.000000e+00
    outer loop
      vertex   -9.011631e+00 3.371087e+00 1.100000e+01
      vertex   -8.080963e+01 3.002933e+00 1.100000e+01
      vertex   -8.098445e+01 3.425000e+00 1.100000e+01
    endloop
  endfacet
  facet normal 0.000000e+00 0.000000e+00 -1.000000e+00
    outer loop
      vertex   -9.011631e+00 3.371087e+00 1.100000e+01
      vertex   -8.098445e+01 3.425000e+00 1.100000e+01
      vertex   -8.733524e+00 3.733524e+00 1.100000e+01
    endloop
  endfacet
  facet normal -0.000000e+00 0.000000e+00 -1.000000e+00
    outer loop
      vertex   -8.733524e+00 3.733524e+00 1.100000e+01
      vertex   -8.098445e+01 3.425000e+00 1.100000e+01
      vertex   -8.126256e+01 3.787437e+00 1.100000e+01
    endloop
  endfacet
  facet normal 0.000000e+00 0.000000e+00 -1.000000e+00
    outer loop
      vertex   -8.733524e+00 3.733524e+00 1.100000e+01
      vertex   -8.126256e+01 3.787437e+00 1.100000e+01
      vertex   -8.733524e+00 5.626648e+01 1.100000e+01
    endloop
  endfacet
  facet normal -0.000000e+00 0.000000e+00 -1.000000e+00
    outer loop
      vertex   -8.733524e+00 5.626648e+01 1.100000e+01
      vertex   -8.126256e+01 3.787437e+00 1.100000e+01
      vertex   -8.126648e+01 5.626648e+01 1.100000e+01
    endloop
  endfacet
  facet normal 0.000000e+00 0.000000e+00 -1.000000e+00
    outer loop
      vertex   -8.733524e+00 5.626648e+01 1.100000e+01
      vertex   -8.126648e+01 5.626648e+01 1.100000e+01
      vertex   -9.011631e+00 5.662891e+01 1.100000e+01
    endloop
  endfacet
  facet normal -0.000000e+00 0.000000e+00 -1.000000e+00
    outer loop
      vertex   -9.011631e+00 5.662891e+01 1.100000e+01
      vertex   -8.126648e+01 5.626648e+01 1.100000e+01
      vertex   -8.098837e+01 5.662891e+01 1.100000e+01
    endloop
  endfacet
  facet normal 0.000000e+00 0.000000e+00 -1.000000e+00
    outer loop
      vertex   -9.011631e+00 5.662891e+01 1.100000e+01
      vertex   -8.098837e+01 5.662891e+01 1.100000e+01
      vertex   -9.186457e+00 5.705098e+01 1.100000e+01
    endloop
  endfacet
  facet normal -0.000000e+00 0.000000e+00 -1.000000e+00
    outer loop
      vertex   -9.186457e+00 5.705098e+01 1.100000e+01
      vertex   -8.098837e+01 5.662891e+01 1.100000e+01
      vertex   -8.081354e+01 5.705098e+01 1.100000e+01
    endloop
  endfacet
  facet normal 0.000000e+00 0.000000e+00 -1.000000e+00
    outer loop
      vertex   -9.186457e+00 5.705098e+01 1.100000e+01
      vertex   -8.081354e+01 5.705098e+01 1.100000e+01
      vertex   -9.246087e+00 5.750391e+01 1.100000e+01
    endloop
  endfacet
  facet normal -0.000000e+00 0.000000e+00 -1.000000e+00
    outer loop
      vertex   -9.246087e+00 5.750391e+01 1.100000e+01
      vertex   -8.081354e+01 5.705098e+01 1.100000e+01
      vertex   -8.075391e+01 5.750391e+01 1.100000e+01
    endloop
  endfacet
  facet normal 0.000000e+00 0.000000e+00 -1.000000e+00
    outer loop
      vertex   -9.246087e+00 5.750391e+01 1.100000e+01
      vertex   -8.075391e+01 5.750391e+01 1.100000e+01
      vertex   -9.186457e+00 5.795685e+01 1.100000e+01
    endloop
  endfacet
  facet normal -0.000000e+00 0.000000e+00 -1.000000e+00
    outer loop
      vertex   -9.186457e+00 5.795685e+01 1.100000e+01
      vertex   -8.075391e+01 5.750391e+01 1.100000e+01
      vertex   -8.081354e+01 5.795685e+01 1.100000e+01
    endloop
  endfacet
  facet normal 0.000000e+00 0.000000e+00 -1.000000e+00
    outer loop
      vertex   -9.186457e+00 5.795685e+01 1.100000e+01
      vertex   -8.081354e+01 5.795685e+01 1.100000e+01
      vertex   -9.011631e+00 5.837891e+01 1.100000e+01
    endloop
  endfacet
  facet normal -0.000000e+00 0.000000e+00 -1.000000e+00
    outer loop
      vertex   -9.011631e+00 5.837891e+01 1.100000e+01
      vertex   -8.081354e+01 5.795685e+01 1.100000e+01
      vertex   -8.098837e+01 5.837891e+01 1.100000e+01
    endloop
  endfacet
  facet normal 0.000000e+00 -0.000000e+00 -1.000000e+00
    outer loop
      vertex   -8.080963e+01 2.097067e+00 1.100000e+01
      vertex   -9.186457e+00 2.043154e+00 1.100000e+01
      vertex   -8.098445e+01 1.675000e+00 1.100000e+01
    endloop
  endfacet
  facet normal 0.000000e+00 0.000000e+00 -1.000000e+00
    outer loop
      vertex   -8.098445e+01 1.675000e+00 1.100000e+01
      vertex   -9.186457e+00 2.043154e+00 1.100000e+01
      vertex   -9.011631e+00 1.621087e+00 1.100000e+01
    endloop
  endfacet
  facet normal 0.000000e+00 -0.000000e+00 -1.000000e+00
    outer loop
      vertex   -8.098445e+01 1.675000e+00 1.100000e+01
      vertex   -9.011631e+00 1.621087e+00 1.100000e+01
      vertex   -8.200000e+01 0.000000e+00 1.100000e+01
    endloop
  endfacet
  facet normal 0.000000e+00 0.000000e+00 -1.000000e+00
    outer loop
      vertex   -8.371087e+00 9.805425e-01 1.100000e+01
      vertex   -7.949020e+00 8.057167e-01 1.100000e+01
      vertex   -8.000000e+00 0.000000e+00 1.100000e+01
    endloop
  endfacet
  facet normal 0.000000e+00 0.000000e+00 -1.000000e+00
    outer loop
      vertex   -8.000000e+00 0.000000e+00 1.100000e+01
      vertex   -7.949020e+00 8.057167e-01 1.100000e+01
      vertex   -7.496087e+00 7.460869e-01 1.100000e+01
    endloop
  endfacet
  facet normal -0.000000e+00 0.000000e+00 -1.000000e+00
    outer loop
      vertex   -7.496087e+00 5.575391e+01 1.100000e+01
      vertex   -7.949020e+00 4.186457e+00 1.100000e+01
      vertex   -7.949020e+00 5.581354e+01 1.100000e+01
    endloop
  endfacet
  facet normal 0.000000e+00 0.000000e+00 -1.000000e+00
    outer loop
      vertex   -7.949020e+00 5.581354e+01 1.100000e+01
      vertex   -7.949020e+00 4.186457e+00 1.100000e+01
      vertex   -8.371087e+00 4.011631e+00 1.100000e+01
    endloop
  endfacet
  facet normal -0.000000e+00 0.000000e+00 -1.000000e+00
    outer loop
      vertex   -7.949020e+00 5.581354e+01 1.100000e+01
      vertex   -8.371087e+00 4.011631e+00 1.100000e+01
      vertex   -8.371087e+00 5.598837e+01 1.100000e+01
    endloop
  endfacet
  facet normal 0.000000e+00 0.000000e+00 -1.000000e+00
    outer loop
      vertex   -8.371087e+00 5.598837e+01 1.100000e+01
      vertex   -8.371087e+00 4.011631e+00 1.100000e+01
      vertex   -8.733524e+00 3.733524e+00 1.100000e+01
    endloop
  endfacet
  facet normal -0.000000e+00 0.000000e+00 -1.000000e+00
    outer loop
      vertex   -8.371087e+00 5.598837e+01 1.100000e+01
      vertex   -8.733524e+00 3.733524e+00 1.100000e+01
      vertex   -8.733524e+00 5.626648e+01 1.100000e+01
    endloop
  endfacet
  facet normal -0.000000e+00 0.000000e+00 -1.000000e+00
    outer loop
      vertex   -8.371087e+00 5.901946e+01 1.100000e+01
      vertex   -8.733524e+00 5.874135e+01 1.100000e+01
      vertex   -8.000000e+00 6.000000e+01 1.100000e+01
    endloop
  endfacet
  facet normal 0.000000e+00 0.000000e+00 -1.000000e+00
    outer loop
      vertex   -8.000000e+00 6.000000e+01 1.100000e+01
      vertex   -8.733524e+00 5.874135e+01 1.100000e+01
      vertex   -9.011631e+00 5.837891e+01 1.100000e+01
    endloop
  endfacet
  facet normal 0.000000e+00 0.000000e+00 -1.000000e+00
    outer loop
      vertex   -8.337891e+01 5.598837e+01 1.100000e+01
      vertex   -8.295685e+01 5.581354e+01 1.100000e+01
      vertex   -8.337500e+01 4.065544e+00 1.100000e+01
    endloop
  endfacet
  facet normal 0.000000e+00 0.000000e+00 -1.000000e+00
    outer loop
      vertex   -8.337500e+01 4.065544e+00 1.100000e+01
      vertex   -8.295685e+01 5.581354e+01 1.100000e+01
      vertex   -8.295293e+01 4.240370e+00 1.100000e+01
    endloop
  endfacet
  facet normal 0.000000e+00 0.000000e+00 -1.000000e+00
    outer loop
      vertex   -8.295293e+01 4.240370e+00 1.100000e+01
      vertex   -8.295685e+01 5.581354e+01 1.100000e+01
      vertex   -8.250391e+01 5.575391e+01 1.100000e+01
    endloop
  endfacet
  facet normal 0.000000e+00 0.000000e+00 -1.000000e+00
    outer loop
      vertex   -8.295293e+01 4.240370e+00 1.100000e+01
      vertex   -8.250391e+01 5.575391e+01 1.100000e+01
      vertex   -8.250000e+01 4.300000e+00 1.100000e+01
    endloop
  endfacet
  facet normal 0.000000e+00 0.000000e+00 -1.000000e+00
    outer loop
      vertex   -8.250000e+01 4.300000e+00 1.100000e+01
      vertex   -8.250391e+01 5.575391e+01 1.100000e+01
      vertex   -8.205098e+01 5.581354e+01 1.100000e+01
    endloop
  endfacet
  facet normal 0.000000e+00 0.000000e+00 -1.000000e+00
    outer loop
      vertex   -8.250000e+01 4.300000e+00 1.100000e+01
      vertex   -8.205098e+01 5.581354e+01 1.100000e+01
      vertex   -8.204706e+01 4.240370e+00 1.100000e+01
    endloop
  endfacet
  facet normal 0.000000e+00 0.000000e+00 -1.000000e+00
    outer loop
      vertex   -8.204706e+01 4.240370e+00 1.100000e+01
      vertex   -8.205098e+01 5.581354e+01 1.100000e+01
      vertex   -8.162891e+01 5.598837e+01 1.100000e+01
    endloop
  endfacet
  facet normal 0.000000e+00 0.000000e+00 -1.000000e+00
    outer loop
      vertex   -8.204706e+01 4.240370e+00 1.100000e+01
      vertex   -8.162891e+01 5.598837e+01 1.100000e+01
      vertex   -8.162500e+01 4.065544e+00 1.100000e+01
    endloop
  endfacet
  facet normal 0.000000e+00 0.000000e+00 -1.000000e+00
    outer loop
      vertex   -8.162500e+01 4.065544e+00 1.100000e+01
      vertex   -8.162891e+01 5.598837e+01 1.100000e+01
      vertex   -8.126648e+01 5.626648e+01 1.100000e+01
    endloop
  endfacet
  facet normal 0.000000e+00 0.000000e+00 -1.000000e+00
    outer loop
      vertex   -8.162500e+01 4.065544e+00 1.100000e+01
      vertex   -8.126648e+01 5.626648e+01 1.100000e+01
      vertex   -8.126256e+01 3.787437e+00 1.100000e+01
    endloop
  endfacet
  facet normal 0.000000e+00 0.000000e+00 -1.000000e+00
    outer loop
      vertex   -8.126648e+01 5.874135e+01 1.100000e+01
      vertex   -8.162891e+01 5.901946e+01 1.100000e+01
      vertex   -8.200000e+01 6.000000e+01 1.100000e+01
    endloop
  endfacet
  facet normal 0.000000e+00 -0.000000e+00 -1.000000e+00
    outer loop
      vertex   -8.200000e+01 6.000000e+01 1.100000e+01
      vertex   -8.162891e+01 5.901946e+01 1.100000e+01
      vertex   -8.205098e+01 5.919428e+01 1.100000e+01
    endloop
  endfacet
  facet normal 0.000000e+00 0.000000e+00 -1.000000e+00
    outer loop
      vertex   -8.200000e+01 6.000000e+01 1.100000e+01
      vertex   -8.205098e+01 5.919428e+01 1.100000e+01
      vertex   -8.250391e+01 5.925391e+01 1.100000e+01
    endloop
  endfacet
  facet normal 0.000000e+00 -0.000000e+00 -1.000000e+00
    outer loop
      vertex   -8.162500e+01 1.034455e+00 1.100000e+01
      vertex   -8.126256e+01 1.312563e+00 1.100000e+01
      vertex   -8.200000e+01 0.000000e+00 1.100000e+01
    endloop
  endfacet
  facet normal 0.000000e+00 0.000000e+00 -1.000000e+00
    outer loop
      vertex   -8.200000e+01 0.000000e+00 1.100000e+01
      vertex   -8.126256e+01 1.312563e+00 1.100000e+01
      vertex   -8.098445e+01 1.675000e+00 1.100000e+01
    endloop
  endfacet
  facet normal 7.040626e-01 -9.269160e-02 -7.040626e-01
    outer loop
      vertex   -8.419428e+01 5.795685e+01 1.100000e+01
      vertex   -8.395280e+01 5.789214e+01 1.125000e+01
      vertex   -8.425391e+01 5.750391e+01 1.100000e+01
    endloop
  endfacet
  facet normal 7.040626e-01 -9.269160e-02 -7.040626e-01
    outer loop
      vertex   -8.425391e+01 5.750391e+01 1.100000e+01
      vertex   -8.395280e+01 5.789214e+01 1.125000e+01
      vertex   -8.400391e+01 5.750391e+01 1.125000e+01
    endloop
  endfacet
  facet normal 7.040626e-01 9.269160e-02 -7.040626e-01
    outer loop
      vertex   -8.425391e+01 5.750391e+01 1.100000e+01
      vertex   -8.400391e+01 5.750391e+01 1.125000e+01
      vertex   -8.419428e+01 5.705098e+01 1.100000e+01
    endloop
  endfacet
  facet normal 7.040626e-01 9.269160e-02 -7.040626e-01
    outer loop
      vertex   -8.419428e+01 5.705098e+01 1.100000e+01
      vertex   -8.400391e+01 5.750391e+01 1.125000e+01
      vertex   -8.395280e+01 5.711569e+01 1.125000e+01
    endloop
  endfacet
  facet normal 6.560819e-01 2.717580e-01 -7.040626e-01
    outer loop
      vertex   -8.419428e+01 5.705098e+01 1.100000e+01
      vertex   -8.395280e+01 5.711569e+01 1.125000e+01
      vertex   -8.401946e+01 5.662891e+01 1.100000e+01
    endloop
  endfacet
  facet normal 6.560819e-01 2.717580e-01 -7.040626e-01
    outer loop
      vertex   -8.401946e+01 5.662891e+01 1.100000e+01
      vertex   -8.395280e+01 5.711569e+01 1.125000e+01
      vertex   -8.380295e+01 5.675391e+01 1.125000e+01
    endloop
  endfacet
  facet normal 5.633903e-01 4.323046e-01 -7.040626e-01
    outer loop
      vertex   -8.401946e+01 5.662891e+01 1.100000e+01
      vertex   -8.380295e+01 5.675391e+01 1.125000e+01
      vertex   -8.374135e+01 5.626648e+01 1.100000e+01
    endloop
  endfacet
  facet normal 5.633903e-01 4.323046e-01 -7.040626e-01
    outer loop
      vertex   -8.374135e+01 5.626648e+01 1.100000e+01
      vertex   -8.380295e+01 5.675391e+01 1.125000e+01
      vertex   -8.356457e+01 5.644325e+01 1.125000e+01
    endloop
  endfacet
  facet normal 4.323046e-01 5.633903e-01 -7.040626e-01
    outer loop
      vertex   -8.374135e+01 5.626648e+01 1.100000e+01
      vertex   -8.356457e+01 5.644325e+01 1.125000e+01
      vertex   -8.337891e+01 5.598837e+01 1.100000e+01
    endloop
  endfacet
  facet normal 4.323046e-01 5.633903e-01 -7.040626e-01
    outer loop
      vertex   -8.337891e+01 5.598837e+01 1.100000e+01
      vertex   -8.356457e+01 5.644325e+01 1.125000e+01
      vertex   -8.325391e+01 5.620488e+01 1.125000e+01
    endloop
  endfacet
  facet normal 2.717580e-01 6.560819e-01 -7.040626e-01
    outer loop
      vertex   -8.337891e+01 5.598837e+01 1.100000e+01
      vertex   -8.325391e+01 5.620488e+01 1.125000e+01
      vertex   -8.295685e+01 5.581354e+01 1.100000e+01
    endloop
  endfacet
  facet normal 2.717580e-01 6.560819e-01 -7.040626e-01
    outer loop
      vertex   -8.295685e+01 5.581354e+01 1.100000e+01
      vertex   -8.325391e+01 5.620488e+01 1.125000e+01
      vertex   -8.289214e+01 5.605503e+01 1.125000e+01
    endloop
  endfacet
  facet normal 9.269160e-02 7.040626e-01 -7.040626e-01
    outer loop
      vertex   -8.295685e+01 5.581354e+01 1.100000e+01
      vertex   -8.289214e+01 5.605503e+01 1.125000e+01
      vertex   -8.250391e+01 5.575391e+01 1.100000e+01
    endloop
  endfacet
  facet normal 9.269160e-02 7.040626e-01 -7.040626e-01
    outer loop
      vertex   -8.250391e+01 5.575391e+01 1.100000e+01
      vertex   -8.289214e+01 5.605503e+01 1.125000e+01
      vertex   -8.250391e+01 5.600391e+01 1.125000e+01
    endloop
  endfacet
  facet normal -9.269160e-02 7.040626e-01 -7.040626e-01
    outer loop
      vertex   -8.250391e+01 5.575391e+01 1.100000e+01
      vertex   -8.250391e+01 5.600391e+01 1.125000e+01
      vertex   -8.205098e+01 5.581354e+01 1.100000e+01
    endloop
  endfacet
  facet normal -9.269160e-02 7.040626e-01 -7.040626e-01
    outer loop
      vertex   -8.205098e+01 5.581354e+01 1.100000e+01
      vertex   -8.250391e+01 5.600391e+01 1.125000e+01
      vertex   -8.211569e+01 5.605503e+01 1.125000e+01
    endloop
  endfacet
  facet normal -2.717580e-01 6.560819e-01 -7.040626e-01
    outer loop
      vertex   -8.205098e+01 5.581354e+01 1.100000e+01
      vertex   -8.211569e+01 5.605503e+01 1.125000e+01
      vertex   -8.162891e+01 5.598837e+01 1.100000e+01
    endloop
  endfacet
  facet normal -2.717580e-01 6.560819e-01 -7.040626e-01
    outer loop
      vertex   -8.162891e+01 5.598837e+01 1.100000e+01
      vertex   -8.211569e+01 5.605503e+01 1.125000e+01
      vertex   -8.175391e+01 5.620488e+01 1.125000e+01
    endloop
  endfacet
  facet normal -4.323046e-01 5.633903e-01 -7.040626e-01
    outer loop
      vertex   -8.162891e+01 5.598837e+01 1.100000e+01
      vertex   -8.175391e+01 5.620488e+01 1.125000e+01
      vertex   -8.126648e+01 5.626648e+01 1.100000e+01
    endloop
  endfacet
  facet normal -4.323046e-01 5.633903e-01 -7.040626e-01
    outer loop
      vertex   -8.126648e+01 5.626648e+01 1.100000e+01
      vertex   -8.175391e+01 5.620488e+01 1.125000e+01
      vertex   -8.144325e+01 5.644325e+01 1.125000e+01
    endloop
  endfacet
  facet normal -5.633903e-01 4.323046e-01 -7.040626e-01
    outer loop
      vertex   -8.126648e+01 5.626648e+01 1.100000e+01
      vertex   -8.144325e+01 5.644325e+01 1.125000e+01
      vertex   -8.098837e+01 5.662891e+01 1.100000e+01
    endloop
  endfacet
  facet normal -5.633903e-01 4.323046e-01 -7.040626e-01
    outer loop
      vertex   -8.098837e+01 5.662891e+01 1.100000e+01
      vertex   -8.144325e+01 5.644325e+01 1.125000e+01
      vertex   -8.120488e+01 5.675391e+01 1.125000e+01
    endloop
  endfacet
  facet normal -6.560819e-01 2.717580e-01 -7.040626e-01
    outer loop
      vertex   -8.098837e+01 5.662891e+01 1.100000e+01
      vertex   -8.120488e+01 5.675391e+01 1.125000e+01
      vertex   -8.081354e+01 5.705098e+01 1.100000e+01
    endloop
  endfacet
  facet normal -6.560819e-01 2.717580e-01 -7.040626e-01
    outer loop
      vertex   -8.081354e+01 5.705098e+01 1.100000e+01
      vertex   -8.120488e+01 5.675391e+01 1.125000e+01
      vertex   -8.105503e+01 5.711569e+01 1.125000e+01
    endloop
  endfacet
  facet normal -7.040626e-01 9.269160e-02 -7.040626e-01
    outer loop
      vertex   -8.081354e+01 5.705098e+01 1.100000e+01
      vertex   -8.105503e+01 5.711569e+01 1.125000e+01
      vertex   -8.075391e+01 5.750391e+01 1.100000e+01
    endloop
  endfacet
  facet normal -7.040626e-01 9.269160e-02 -7.040626e-01
    outer loop
      vertex   -8.075391e+01 5.750391e+01 1.100000e+01
      vertex   -8.105503e+01 5.711569e+01 1.125000e+01
      vertex   -8.100391e+01 5.750391e+01 1.125000e+01
    endloop
  endfacet
  facet normal -7.040626e-01 -9.269160e-02 -7.040626e-01
    outer loop
      vertex   -8.075391e+01 5.750391e+01 1.100000e+01
      vertex   -8.100391e+01 5.750391e+01 1.125000e+01
      vertex   -8.081354e+01 5.795685e+01 1.100000e+01
    endloop
  endfacet
  facet normal -7.040626e-01 -9.269160e-02 -7.040626e-01
    outer loop
      vertex   -8.081354e+01 5.795685e+01 1.100000e+01
      vertex   -8.100391e+01 5.750391e+01 1.125000e+01
      vertex   -8.105503e+01 5.789214e+01 1.125000e+01
    endloop
  endfacet
  facet normal -6.560819e-01 -2.717580e-01 -7.040626e-01
    outer loop
      vertex   -8.081354e+01 5.795685e+01 1.100000e+01
      vertex   -8.105503e+01 5.789214e+01 1.125000e+01
      vertex   -8.098837e+01 5.837891e+01 1.100000e+01
    endloop
  endfacet
  facet normal -6.560819e-01 -2.717580e-01 -7.040626e-01
    outer loop
      vertex   -8.098837e+01 5.837891e+01 1.100000e+01
      vertex   -8.105503e+01 5.789214e+01 1.125000e+01
      vertex   -8.120488e+01 5.825391e+01 1.125000e+01
    endloop
  endfacet
  facet normal -5.633903e-01 -4.323046e-01 -7.040626e-01
    outer loop
      vertex   -8.098837e+01 5.837891e+01 1.100000e+01
      vertex   -8.120488e+01 5.825391e+01 1.125000e+01
      vertex   -8.126648e+01 5.874135e+01 1.100000e+01
    endloop
  endfacet
  facet normal -5.633903e-01 -4.323046e-01 -7.040626e-01
    outer loop
      vertex   -8.126648e+01 5.874135e+01 1.100000e+01
      vertex   -8.120488e+01 5.825391e+01 1.125000e+01
      vertex   -8.144325e+01 5.856457e+01 1.125000e+01
    endloop
  endfacet
  facet normal -4.323046e-01 -5.633903e-01 -7.040626e-01
    outer loop
      vertex   -8.126648e+01 5.874135e+01 1.100000e+01
      vertex   -8.144325e+01 5.856457e+01 1.125000e+01
      vertex   -8.162891e+01 5.901946e+01 1.100000e+01
    endloop
  endfacet
  facet normal -4.323046e-01 -5.633903e-01 -7.040626e-01
    outer loop
      vertex   -8.162891e+01 5.901946e+01 1.100000e+01
      vertex   -8.144325e+01 5.856457e+01 1.125000e+01
      vertex   -8.175391e+01 5.880295e+01 1.125000e+01
    endloop
  endfacet
  facet normal -2.717580e-01 -6.560819e-01 -7.040626e-01
    outer loop
      vertex   -8.162891e+01 5.901946e+01 1.100000e+01
      vertex   -8.175391e+01 5.880295e+01 1.125000e+01
      vertex   -8.205098e+01 5.919428e+01 1.100000e+01
    endloop
  endfacet
  facet normal -2.717580e-01 -6.560819e-01 -7.040626e-01
    outer loop
      vertex   -8.205098e+01 5.919428e+01 1.100000e+01
      vertex   -8.175391e+01 5.880295e+01 1.125000e+01
      vertex   -8.211569e+01 5.895280e+01 1.125000e+01
    endloop
  endfacet
  facet normal -9.269160e-02 -7.040626e-01 -7.040626e-01
    outer loop
      vertex   -8.205098e+01 5.919428e+01 1.100000e+01
      vertex   -8.211569e+01 5.895280e+01 1.125000e+01
      vertex   -8.250391e+01 5.925391e+01 1.100000e+01
    endloop
  endfacet
  facet normal -9.269160e-02 -7.040626e-01 -7.040626e-01
    outer loop
      vertex   -8.250391e+01 5.925391e+01 1.100000e+01
      vertex   -8.211569e+01 5.895280e+01 1.125000e+01
      vertex   -8.250391e+01 5.900391e+01 1.125000e+01
    endloop
  endfacet
  facet normal 9.269160e-02 -7.040626e-01 -7.040626e-01
    outer loop
      vertex   -8.250391e+01 5.925391e+01 1.100000e+01
      vertex   -8.250391e+01 5.900391e+01 1.125000e+01
      vertex   -8.295685e+01 5.919428e+01 1.100000e+01
    endloop
  endfacet
  facet normal 9.269160e-02 -7.040626e-01 -7.040626e-01
    outer loop
      vertex   -8.295685e+01 5.919428e+01 1.100000e+01
      vertex   -8.250391e+01 5.900391e+01 1.125000e+01
      vertex   -8.289214e+01 5.895280e+01 1.125000e+01
    endloop
  endfacet
  facet normal 2.717580e-01 -6.560819e-01 -7.040626e-01
    outer loop
      vertex   -8.295685e+01 5.919428e+01 1.100000e+01
      vertex   -8.289214e+01 5.895280e+01 1.125000e+01
      vertex   -8.337891e+01 5.901946e+01 1.100000e+01
    endloop
  endfacet
  facet normal 2.717580e-01 -6.560819e-01 -7.040626e-01
    outer loop
      vertex   -8.337891e+01 5.901946e+01 1.100000e+01
      vertex   -8.289214e+01 5.895280e+01 1.125000e+01
      vertex   -8.325391e+01 5.880295e+01 1.125000e+01
    endloop
  endfacet
  facet normal 4.323046e-01 -5.633903e-01 -7.040626e-01
    outer loop
      vertex   -8.337891e+01 5.901946e+01 1.100000e+01
      vertex   -8.325391e+01 5.880295e+01 1.125000e+01
      vertex   -8.374135e+01 5.874135e+01 1.100000e+01
    endloop
  endfacet
  facet normal 4.323046e-01 -5.633903e-01 -7.040626e-01
    outer loop
      vertex   -8.374135e+01 5.874135e+01 1.100000e+01
      vertex   -8.325391e+01 5.880295e+01 1.125000e+01
      vertex   -8.356457e+01 5.856457e+01 1.125000e+01
    endloop
  endfacet
  facet normal 5.633903e-01 -4.323046e-01 -7.040626e-01
    outer loop
      vertex   -8.374135e+01 5.874135e+01 1.100000e+01
      vertex   -8.356457e+01 5.856457e+01 1.125000e+01
      vertex   -8.401946e+01 5.837891e+01 1.100000e+01
    endloop
  endfacet
  facet normal 5.633903e-01 -4.323046e-01 -7.040626e-01
    outer loop
      vertex   -8.401946e+01 5.837891e+01 1.100000e+01
      vertex   -8.356457e+01 5.856457e+01 1.125000e+01
      vertex   -8.380295e+01 5.825391e+01 1.125000e+01
    endloop
  endfacet
  facet normal 6.560819e-01 -2.717580e-01 -7.040626e-01
    outer loop
      vertex   -8.401946e+01 5.837891e+01 1.100000e+01
      vertex   -8.380295e+01 5.825391e+01 1.125000e+01
      vertex   -8.419428e+01 5.795685e+01 1.100000e+01
    endloop
  endfacet
  facet normal 6.560819e-01 -2.717580e-01 -7.040626e-01
    outer loop
      vertex   -8.419428e+01 5.795685e+01 1.100000e+01
      vertex   -8.380295e+01 5.825391e+01 1.125000e+01
      vertex   -8.395280e+01 5.789214e+01 1.125000e+01
    endloop
  endfacet
  facet normal 9.914449e-01 1.305262e-01 0.000000e+00
    outer loop
      vertex   -8.395280e+01 5.711569e+01 1.300000e+01
      vertex   -8.395280e+01 5.711569e+01 1.125000e+01
      vertex   -8.400391e+01 5.750391e+01 1.300000e+01
    endloop
  endfacet
  facet normal 9.914449e-01 1.305262e-01 0.000000e+00
    outer loop
      vertex   -8.400391e+01 5.750391e+01 1.300000e+01
      vertex   -8.395280e+01 5.711569e+01 1.125000e+01
      vertex   -8.400391e+01 5.750391e+01 1.125000e+01
    endloop
  endfacet
  facet normal 9.914449e-01 -1.305262e-01 0.000000e+00
    outer loop
      vertex   -8.400391e+01 5.750391e+01 1.300000e+01
      vertex   -8.400391e+01 5.750391e+01 1.125000e+01
      vertex   -8.395280e+01 5.789214e+01 1.300000e+01
    endloop
  endfacet
  facet normal 9.914449e-01 -1.305262e-01 0.000000e+00
    outer loop
      vertex   -8.395280e+01 5.789214e+01 1.300000e+01
      vertex   -8.400391e+01 5.750391e+01 1.125000e+01
      vertex   -8.395280e+01 5.789214e+01 1.125000e+01
    endloop
  endfacet
  facet normal 9.238795e-01 -3.826834e-01 0.000000e+00
    outer loop
      vertex   -8.395280e+01 5.789214e+01 1.300000e+01
      vertex   -8.395280e+01 5.789214e+01 1.125000e+01
      vertex   -8.380295e+01 5.825391e+01 1.300000e+01
    endloop
  endfacet
  facet normal 9.238795e-01 -3.826834e-01 0.000000e+00
    outer loop
      vertex   -8.380295e+01 5.825391e+01 1.300000e+01
      vertex   -8.395280e+01 5.789214e+01 1.125000e+01
      vertex   -8.380295e+01 5.825391e+01 1.125000e+01
    endloop
  endfacet
  facet normal 7.933533e-01 -6.087614e-01 0.000000e+00
    outer loop
      vertex   -8.380295e+01 5.825391e+01 1.300000e+01
      vertex   -8.380295e+01 5.825391e+01 1.125000e+01
      vertex   -8.356457e+01 5.856457e+01 1.300000e+01
    endloop
  endfacet
  facet normal 7.933533e-01 -6.087614e-01 0.000000e+00
    outer loop
      vertex   -8.356457e+01 5.856457e+01 1.300000e+01
      vertex   -8.380295e+01 5.825391e+01 1.125000e+01
      vertex   -8.356457e+01 5.856457e+01 1.125000e+01
    endloop
  endfacet
  facet normal 6.087614e-01 -7.933533e-01 0.000000e+00
    outer loop
      vertex   -8.356457e+01 5.856457e+01 1.300000e+01
      vertex   -8.356457e+01 5.856457e+01 1.125000e+01
      vertex   -8.325391e+01 5.880295e+01 1.300000e+01
    endloop
  endfacet
  facet normal 6.087614e-01 -7.933533e-01 0.000000e+00
    outer loop
      vertex   -8.325391e+01 5.880295e+01 1.300000e+01
      vertex   -8.356457e+01 5.856457e+01 1.125000e+01
      vertex   -8.325391e+01 5.880295e+01 1.125000e+01
    endloop
  endfacet
  facet normal 3.826834e-01 -9.238795e-01 0.000000e+00
    outer loop
      vertex   -8.325391e+01 5.880295e+01 1.300000e+01
      vertex   -8.325391e+01 5.880295e+01 1.125000e+01
      vertex   -8.289214e+01 5.895280e+01 1.300000e+01
    endloop
  endfacet
  facet normal 3.826834e-01 -9.238795e-01 0.000000e+00
    outer loop
      vertex   -8.289214e+01 5.895280e+01 1.300000e+01
      vertex   -8.325391e+01 5.880295e+01 1.125000e+01
      vertex   -8.289214e+01 5.895280e+01 1.125000e+01
    endloop
  endfacet
  facet normal 1.305262e-01 -9.914449e-01 0.000000e+00
    outer loop
      vertex   -8.289214e+01 5.895280e+01 1.300000e+01
      vertex   -8.289214e+01 5.895280e+01 1.125000e+01
      vertex   -8.250391e+01 5.900391e+01 1.300000e+01
    endloop
  endfacet
  facet normal 1.305262e-01 -9.914449e-01 0.000000e+00
    outer loop
      vertex   -8.250391e+01 5.900391e+01 1.300000e+01
      vertex   -8.289214e+01 5.895280e+01 1.125000e+01
      vertex   -8.250391e+01 5.900391e+01 1.125000e+01
    endloop
  endfacet
  facet normal -1.305262e-01 -9.914449e-01 -0.000000e+00
    outer loop
      vertex   -8.250391e+01 5.900391e+01 1.300000e+01
      vertex   -8.250391e+01 5.900391e+01 1.125000e+01
      vertex   -8.211569e+01 5.895280e+01 1.300000e+01
    endloop
  endfacet
  facet normal -1.305262e-01 -9.914449e-01 -0.000000e+00
    outer loop
      vertex   -8.211569e+01 5.895280e+01 1.300000e+01
      vertex   -8.250391e+01 5.900391e+01 1.125000e+01
      vertex   -8.211569e+01 5.895280e+01 1.125000e+01
    endloop
  endfacet
  facet normal -3.826834e-01 -9.238795e-01 -0.000000e+00
    outer loop
      vertex   -8.211569e+01 5.895280e+01 1.300000e+01
      vertex   -8.211569e+01 5.895280e+01 1.125000e+01
      vertex   -8.175391e+01 5.880295e+01 1.300000e+01
    endloop
  endfacet
  facet normal -3.826834e-01 -9.238795e-01 -0.000000e+00
    outer loop
      vertex   -8.175391e+01 5.880295e+01 1.300000e+01
      vertex   -8.211569e+01 5.895280e+01 1.125000e+01
      vertex   -8.175391e+01 5.880295e+01 1.125000e+01
    endloop
  endfacet
  facet normal -6.087614e-01 -7.933533e-01 -0.000000e+00
    outer loop
      vertex   -8.175391e+01 5.880295e+01 1.300000e+01
      vertex   -8.175391e+01 5.880295e+01 1.125000e+01
      vertex   -8.144325e+01 5.856457e+01 1.300000e+01
    endloop
  endfacet
  facet normal -6.087614e-01 -7.933533e-01 -0.000000e+00
    outer loop
      vertex   -8.144325e+01 5.856457e+01 1.300000e+01
      vertex   -8.175391e+01 5.880295e+01 1.125000e+01
      vertex   -8.144325e+01 5.856457e+01 1.125000e+01
    endloop
  endfacet
  facet normal -7.933533e-01 -6.087614e-01 -0.000000e+00
    outer loop
      vertex   -8.144325e+01 5.856457e+01 1.300000e+01
      vertex   -8.144325e+01 5.856457e+01 1.125000e+01
      vertex   -8.120488e+01 5.825391e+01 1.300000e+01
    endloop
  endfacet
  facet normal -7.933533e-01 -6.087614e-01 -0.000000e+00
    outer loop
      vertex   -8.120488e+01 5.825391e+01 1.300000e+01
      vertex   -8.144325e+01 5.856457e+01 1.125000e+01
      vertex   -8.120488e+01 5.825391e+01 1.125000e+01
    endloop
  endfacet
  facet normal -9.238795e-01 -3.826834e-01 -0.000000e+00
    outer loop
      vertex   -8.120488e+01 5.825391e+01 1.300000e+01
      vertex   -8.120488e+01 5.825391e+01 1.125000e+01
      vertex   -8.105503e+01 5.789214e+01 1.300000e+01
    endloop
  endfacet
  facet normal -9.238795e-01 -3.826834e-01 -0.000000e+00
    outer loop
      vertex   -8.105503e+01 5.789214e+01 1.300000e+01
      vertex   -8.120488e+01 5.825391e+01 1.125000e+01
      vertex   -8.105503e+01 5.789214e+01 1.125000e+01
    endloop
  endfacet
  facet normal -9.914449e-01 -1.305262e-01 -0.000000e+00
    outer loop
      vertex   -8.105503e+01 5.789214e+01 1.300000e+01
      vertex   -8.105503e+01 5.789214e+01 1.125000e+01
      vertex   -8.100391e+01 5.750391e+01 1.300000e+01
    endloop
  endfacet
  facet normal -9.914449e-01 -1.305262e-01 -0.000000e+00
    outer loop
      vertex   -8.100391e+01 5.750391e+01 1.300000e+01
      vertex   -8.105503e+01 5.789214e+01 1.125000e+01
      vertex   -8.100391e+01 5.750391e+01 1.125000e+01
    endloop
  endfacet
  facet normal -9.914449e-01 1.305262e-01 0.000000e+00
    outer loop
      vertex   -8.100391e+01 5.750391e+01 1.300000e+01
      vertex   -8.100391e+01 5.750391e+01 1.125000e+01
      vertex   -8.105503e+01 5.711569e+01 1.300000e+01
    endloop
  endfacet
  facet normal -9.914449e-01 1.305262e-01 0.000000e+00
    outer loop
      vertex   -8.105503e+01 5.711569e+01 1.300000e+01
      vertex   -8.100391e+01 5.750391e+01 1.125000e+01
      vertex   -8.105503e+01 5.711569e+01 1.125000e+01
    endloop
  endfacet
  facet normal -9.238795e-01 3.826834e-01 0.000000e+00
    outer loop
      vertex   -8.105503e+01 5.711569e+01 1.300000e+01
      vertex   -8.105503e+01 5.711569e+01 1.125000e+01
      vertex   -8.120488e+01 5.675391e+01 1.300000e+01
    endloop
  endfacet
  facet normal -9.238795e-01 3.826834e-01 0.000000e+00
    outer loop
      vertex   -8.120488e+01 5.675391e+01 1.300000e+01
      vertex   -8.105503e+01 5.711569e+01 1.125000e+01
      vertex   -8.120488e+01 5.675391e+01 1.125000e+01
    endloop
  endfacet
  facet normal -7.933533e-01 6.087614e-01 0.000000e+00
    outer loop
      vertex   -8.120488e+01 5.675391e+01 1.300000e+01
      vertex   -8.120488e+01 5.675391e+01 1.125000e+01
      vertex   -8.144325e+01 5.644325e+01 1.300000e+01
    endloop
  endfacet
  facet normal -7.933533e-01 6.087614e-01 0.000000e+00
    outer loop
      vertex   -8.144325e+01 5.644325e+01 1.300000e+01
      vertex   -8.120488e+01 5.675391e+01 1.125000e+01
      vertex   -8.144325e+01 5.644325e+01 1.125000e+01
    endloop
  endfacet
  facet normal -6.087614e-01 7.933533e-01 0.000000e+00
    outer loop
      vertex   -8.144325e+01 5.644325e+01 1.300000e+01
      vertex   -8.144325e+01 5.644325e+01 1.125000e+01
      vertex   -8.175391e+01 5.620488e+01 1.300000e+01
    endloop
  endfacet
  facet normal -6.087614e-01 7.933533e-01 0.000000e+00
    outer loop
      vertex   -8.175391e+01 5.620488e+01 1.300000e+01
      vertex   -8.144325e+01 5.644325e+01 1.125000e+01
      vertex   -8.175391e+01 5.620488e+01 1.125000e+01
    endloop
  endfacet
  facet normal -3.826834e-01 9.238795e-01 0.000000e+00
    outer loop
      vertex   -8.175391e+01 5.620488e+01 1.300000e+01
      vertex   -8.175391e+01 5.620488e+01 1.125000e+01
      vertex   -8.211569e+01 5.605503e+01 1.300000e+01
    endloop
  endfacet
  facet normal -3.826834e-01 9.238795e-01 0.000000e+00
    outer loop
      vertex   -8.211569e+01 5.605503e+01 1.300000e+01
      vertex   -8.175391e+01 5.620488e+01 1.125000e+01
      vertex   -8.211569e+01 5.605503e+01 1.125000e+01
    endloop
  endfacet
  facet normal -1.305262e-01 9.914449e-01 0.000000e+00
    outer loop
      vertex   -8.211569e+01 5.605503e+01 1.300000e+01
      vertex   -8.211569e+01 5.605503e+01 1.125000e+01
      vertex   -8.250391e+01 5.600391e+01 1.300000e+01
    endloop
  endfacet
  facet normal -1.305262e-01 9.914449e-01 0.000000e+00
    outer loop
      vertex   -8.250391e+01 5.600391e+01 1.300000e+01
      vertex   -8.211569e+01 5.605503e+01 1.125000e+01
      vertex   -8.250391e+01 5.600391e+01 1.125000e+01
    endloop
  endfacet
  facet normal 1.305262e-01 9.914449e-01 0.000000e+00
    outer loop
      vertex   -8.250391e+01 5.600391e+01 1.300000e+01
      vertex   -8.250391e+01 5.600391e+01 1.125000e+01
      vertex   -8.289214e+01 5.605503e+01 1.300000e+01
    endloop
  endfacet
  facet normal 1.305262e-01 9.914449e-01 0.000000e+00
    outer loop
      vertex   -8.289214e+01 5.605503e+01 1.300000e+01
      vertex   -8.250391e+01 5.600391e+01 1.125000e+01
      vertex   -8.289214e+01 5.605503e+01 1.125000e+01
    endloop
  endfacet
  facet normal 3.826834e-01 9.238795e-01 0.000000e+00
    outer loop
      vertex   -8.289214e+01 5.605503e+01 1.300000e+01
      vertex   -8.289214e+01 5.605503e+01 1.125000e+01
      vertex   -8.325391e+01 5.620488e+01 1.300000e+01
    endloop
  endfacet
  facet normal 3.826834e-01 9.238795e-01 0.000000e+00
    outer loop
      vertex   -8.325391e+01 5.620488e+01 1.300000e+01
      vertex   -8.289214e+01 5.605503e+01 1.125000e+01
      vertex   -8.325391e+01 5.620488e+01 1.125000e+01
    endloop
  endfacet
  facet normal 6.087614e-01 7.933533e-01 0.000000e+00
    outer loop
      vertex   -8.325391e+01 5.620488e+01 1.300000e+01
      vertex   -8.325391e+01 5.620488e+01 1.125000e+01
      vertex   -8.356457e+01 5.644325e+01 1.300000e+01
    endloop
  endfacet
  facet normal 6.087614e-01 7.933533e-01 0.000000e+00
    outer loop
      vertex   -8.356457e+01 5.644325e+01 1.300000e+01
      vertex   -8.325391e+01 5.620488e+01 1.125000e+01
      vertex   -8.356457e+01 5.644325e+01 1.125000e+01
    endloop
  endfacet
  facet normal 7.933533e-01 6.087614e-01 0.000000e+00
    outer loop
      vertex   -8.356457e+01 5.644325e+01 1.300000e+01
      vertex   -8.356457e+01 5.644325e+01 1.125000e+01
      vertex   -8.380295e+01 5.675391e+01 1.300000e+01
    endloop
  endfacet
  facet normal 7.933533e-01 6.087614e-01 0.000000e+00
    outer loop
      vertex   -8.380295e+01 5.675391e+01 1.300000e+01
      vertex   -8.356457e+01 5.644325e+01 1.125000e+01
      vertex   -8.380295e+01 5.675391e+01 1.125000e+01
    endloop
  endfacet
  facet normal 9.238795e-01 3.826834e-01 0.000000e+00
    outer loop
      vertex   -8.380295e+01 5.675391e+01 1.300000e+01
      vertex   -8.380295e+01 5.675391e+01 1.125000e+01
      vertex   -8.395280e+01 5.711569e+01 1.300000e+01
    endloop
  endfacet
  facet normal 9.238795e-01 3.826834e-01 0.000000e+00
    outer loop
      vertex   -8.395280e+01 5.711569e+01 1.300000e+01
      vertex   -8.380295e+01 5.675391e+01 1.125000e+01
      vertex   -8.395280e+01 5.711569e+01 1.125000e+01
    endloop
  endfacet
  facet normal 7.040626e-01 -9.269160e-02 -7.040626e-01
    outer loop
      vertex   -9.186457e+00 5.795685e+01 1.100000e+01
      vertex   -8.944976e+00 5.789214e+01 1.125000e+01
      vertex   -9.246087e+00 5.750391e+01 1.100000e+01
    endloop
  endfacet
  facet normal 7.040626e-01 -9.269160e-02 -7.040626e-01
    outer loop
      vertex   -9.246087e+00 5.750391e+01 1.100000e+01
      vertex   -8.944976e+00 5.789214e+01 1.125000e+01
      vertex   -8.996087e+00 5.750391e+01 1.125000e+01
    endloop
  endfacet
  facet normal 7.040626e-01 9.269160e-02 -7.040626e-01
    outer loop
      vertex   -9.246087e+00 5.750391e+01 1.100000e+01
      vertex   -8.996087e+00 5.750391e+01 1.125000e+01
      vertex   -9.186457e+00 5.705098e+01 1.100000e+01
    endloop
  endfacet
  facet normal 7.040626e-01 9.269160e-02 -7.040626e-01
    outer loop
      vertex   -9.186457e+00 5.705098e+01 1.100000e+01
      vertex   -8.996087e+00 5.750391e+01 1.125000e+01
      vertex   -8.944976e+00 5.711569e+01 1.125000e+01
    endloop
  endfacet
  facet normal 6.560819e-01 2.717580e-01 -7.040626e-01
    outer loop
      vertex   -9.186457e+00 5.705098e+01 1.100000e+01
      vertex   -8.944976e+00 5.711569e+01 1.125000e+01
      vertex   -9.011631e+00 5.662891e+01 1.100000e+01
    endloop
  endfacet
  facet normal 6.560819e-01 2.717580e-01 -7.040626e-01
    outer loop
      vertex   -9.011631e+00 5.662891e+01 1.100000e+01
      vertex   -8.944976e+00 5.711569e+01 1.125000e+01
      vertex   -8.795125e+00 5.675391e+01 1.125000e+01
    endloop
  endfacet
  facet normal 5.633903e-01 4.323046e-01 -7.040626e-01
    outer loop
      vertex   -9.011631e+00 5.662891e+01 1.100000e+01
      vertex   -8.795125e+00 5.675391e+01 1.125000e+01
      vertex   -8.733524e+00 5.626648e+01 1.100000e+01
    endloop
  endfacet
  facet normal 5.633903e-01 4.323046e-01 -7.040626e-01
    outer loop
      vertex   -8.733524e+00 5.626648e+01 1.100000e+01
      vertex   -8.795125e+00 5.675391e+01 1.125000e+01
      vertex   -8.556747e+00 5.644325e+01 1.125000e+01
    endloop
  endfacet
  facet normal 4.323046e-01 5.633903e-01 -7.040626e-01
    outer loop
      vertex   -8.733524e+00 5.626648e+01 1.100000e+01
      vertex   -8.556747e+00 5.644325e+01 1.125000e+01
      vertex   -8.371087e+00 5.598837e+01 1.100000e+01
    endloop
  endfacet
  facet normal 4.323046e-01 5.633903e-01 -7.040626e-01
    outer loop
      vertex   -8.371087e+00 5.598837e+01 1.100000e+01
      vertex   -8.556747e+00 5.644325e+01 1.125000e+01
      vertex   -8.246087e+00 5.620488e+01 1.125000e+01
    endloop
  endfacet
  facet normal 2.717580e-01 6.560819e-01 -7.040626e-01
    outer loop
      vertex   -8.371087e+00 5.598837e+01 1.100000e+01
      vertex   -8.246087e+00 5.620488e+01 1.125000e+01
      vertex   -7.949020e+00 5.581354e+01 1.100000e+01
    endloop
  endfacet
  facet normal 2.717580e-01 6.560819e-01 -7.040626e-01
    outer loop
      vertex   -7.949020e+00 5.581354e+01 1.100000e+01
      vertex   -8.246087e+00 5.620488e+01 1.125000e+01
      vertex   -7.884316e+00 5.605503e+01 1.125000e+01
    endloop
  endfacet
  facet normal 9.269160e-02 7.040626e-01 -7.040626e-01
    outer loop
      vertex   -7.949020e+00 5.581354e+01 1.100000e+01
      vertex   -7.884316e+00 5.605503e+01 1.125000e+01
      vertex   -7.496087e+00 5.575391e+01 1.100000e+01
    endloop
  endfacet
  facet normal 9.269160e-02 7.040626e-01 -7.040626e-01
    outer loop
      vertex   -7.496087e+00 5.575391e+01 1.100000e+01
      vertex   -7.884316e+00 5.605503e+01 1.125000e+01
      vertex   -7.496087e+00 5.600391e+01 1.125000e+01
    endloop
  endfacet
  facet normal -9.269160e-02 7.040626e-01 -7.040626e-01
    outer loop
      vertex   -7.496087e+00 5.575391e+01 1.100000e+01
      vertex   -7.496087e+00 5.600391e+01 1.125000e+01
      vertex   -7.043154e+00 5.581354e+01 1.100000e+01
    endloop
  endfacet
  facet normal -9.269160e-02 7.040626e-01 -7.040626e-01
    outer loop
      vertex   -7.043154e+00 5.581354e+01 1.100000e+01
      vertex   -7.496087e+00 5.600391e+01 1.125000e+01
      vertex   -7.107858e+00 5.605503e+01 1.125000e+01
    endloop
  endfacet
  facet normal -2.717580e-01 6.560819e-01 -7.040626e-01
    outer loop
      vertex   -7.043154e+00 5.581354e+01 1.100000e+01
      vertex   -7.107858e+00 5.605503e+01 1.125000e+01
      vertex   -6.621087e+00 5.598837e+01 1.100000e+01
    endloop
  endfacet
  facet normal -2.717580e-01 6.560819e-01 -7.040626e-01
    outer loop
      vertex   -6.621087e+00 5.598837e+01 1.100000e+01
      vertex   -7.107858e+00 5.605503e+01 1.125000e+01
      vertex   -6.746087e+00 5.620488e+01 1.125000e+01
    endloop
  endfacet
  facet normal -4.323046e-01 5.633903e-01 -7.040626e-01
    outer loop
      vertex   -6.621087e+00 5.598837e+01 1.100000e+01
      vertex   -6.746087e+00 5.620488e+01 1.125000e+01
      vertex   -6.258650e+00 5.626648e+01 1.100000e+01
    endloop
  endfacet
  facet normal -4.323046e-01 5.633903e-01 -7.040626e-01
    outer loop
      vertex   -6.258650e+00 5.626648e+01 1.100000e+01
      vertex   -6.746087e+00 5.620488e+01 1.125000e+01
      vertex   -6.435427e+00 5.644325e+01 1.125000e+01
    endloop
  endfacet
  facet normal -5.633903e-01 4.323046e-01 -7.040626e-01
    outer loop
      vertex   -6.258650e+00 5.626648e+01 1.100000e+01
      vertex   -6.435427e+00 5.644325e+01 1.125000e+01
      vertex   -5.980543e+00 5.662891e+01 1.100000e+01
    endloop
  endfacet
  facet normal -5.633903e-01 4.323046e-01 -7.040626e-01
    outer loop
      vertex   -5.980543e+00 5.662891e+01 1.100000e+01
      vertex   -6.435427e+00 5.644325e+01 1.125000e+01
      vertex   -6.197049e+00 5.675391e+01 1.125000e+01
    endloop
  endfacet
  facet normal -6.560819e-01 2.717580e-01 -7.040626e-01
    outer loop
      vertex   -5.980543e+00 5.662891e+01 1.100000e+01
      vertex   -6.197049e+00 5.675391e+01 1.125000e+01
      vertex   -5.805717e+00 5.705098e+01 1.100000e+01
    endloop
  endfacet
  facet normal -6.560819e-01 2.717580e-01 -7.040626e-01
    outer loop
      vertex   -5.805717e+00 5.705098e+01 1.100000e+01
      vertex   -6.197049e+00 5.675391e+01 1.125000e+01
      vertex   -6.047198e+00 5.711569e+01 1.125000e+01
    endloop
  endfacet
  facet normal -7.040626e-01 9.269160e-02 -7.040626e-01
    outer loop
      vertex   -5.805717e+00 5.705098e+01 1.100000e+01
      vertex   -6.047198e+00 5.711569e+01 1.125000e+01
      vertex   -5.746087e+00 5.750391e+01 1.100000e+01
    endloop
  endfacet
  facet normal -7.040626e-01 9.269160e-02 -7.040626e-01
    outer loop
      vertex   -5.746087e+00 5.750391e+01 1.100000e+01
      vertex   -6.047198e+00 5.711569e+01 1.125000e+01
      vertex   -5.996087e+00 5.750391e+01 1.125000e+01
    endloop
  endfacet
  facet normal -7.040626e-01 -9.269160e-02 -7.040626e-01
    outer loop
      vertex   -5.746087e+00 5.750391e+01 1.100000e+01
      vertex   -5.996087e+00 5.750391e+01 1.125000e+01
      vertex   -5.805717e+00 5.795685e+01 1.100000e+01
    endloop
  endfacet
  facet normal -7.040626e-01 -9.269160e-02 -7.040626e-01
    outer loop
      vertex   -5.805717e+00 5.795685e+01 1.100000e+01
      vertex   -5.996087e+00 5.750391e+01 1.125000e+01
      vertex   -6.047198e+00 5.789214e+01 1.125000e+01
    endloop
  endfacet
  facet normal -6.560819e-01 -2.717580e-01 -7.040626e-01
    outer loop
      vertex   -5.805717e+00 5.795685e+01 1.100000e+01
      vertex   -6.047198e+00 5.789214e+01 1.125000e+01
      vertex   -5.980543e+00 5.837891e+01 1.100000e+01
    endloop
  endfacet
  facet normal -6.560819e-01 -2.717580e-01 -7.040626e-01
    outer loop
      vertex   -5.980543e+00 5.837891e+01 1.100000e+01
      vertex   -6.047198e+00 5.789214e+01 1.125000e+01
      vertex   -6.197049e+00 5.825391e+01 1.125000e+01
    endloop
  endfacet
  facet normal -5.633903e-01 -4.323046e-01 -7.040626e-01
    outer loop
      vertex   -5.980543e+00 5.837891e+01 1.100000e+01
      vertex   -6.197049e+00 5.825391e+01 1.125000e+01
      vertex   -6.258650e+00 5.874135e+01 1.100000e+01
    endloop
  endfacet
  facet normal -5.633903e-01 -4.323046e-01 -7.040626e-01
    outer loop
      vertex   -6.258650e+00 5.874135e+01 1.100000e+01
      vertex   -6.197049e+00 5.825391e+01 1.125000e+01
      vertex   -6.435427e+00 5.856457e+01 1.125000e+01
    endloop
  endfacet
  facet normal -4.323046e-01 -5.633903e-01 -7.040626e-01
    outer loop
      vertex   -6.258650e+00 5.874135e+01 1.100000e+01
      vertex   -6.435427e+00 5.856457e+01 1.125000e+01
      vertex   -6.621087e+00 5.901946e+01 1.100000e+01
    endloop
  endfacet
  facet normal -4.323046e-01 -5.633903e-01 -7.040626e-01
    outer loop
      vertex   -6.621087e+00 5.901946e+01 1.100000e+01
      vertex   -6.435427e+00 5.856457e+01 1.125000e+01
      vertex   -6.746087e+00 5.880295e+01 1.125000e+01
    endloop
  endfacet
  facet normal -2.717580e-01 -6.560819e-01 -7.040626e-01
    outer loop
      vertex   -6.621087e+00 5.901946e+01 1.100000e+01
      vertex   -6.746087e+00 5.880295e+01 1.125000e+01
      vertex   -7.043154e+00 5.919428e+01 1.100000e+01
    endloop
  endfacet
  facet normal -2.717580e-01 -6.560819e-01 -7.040626e-01
    outer loop
      vertex   -7.043154e+00 5.919428e+01 1.100000e+01
      vertex   -6.746087e+00 5.880295e+01 1.125000e+01
      vertex   -7.107858e+00 5.895280e+01 1.125000e+01
    endloop
  endfacet
  facet normal -9.269160e-02 -7.040626e-01 -7.040626e-01
    outer loop
      vertex   -7.043154e+00 5.919428e+01 1.100000e+01
      vertex   -7.107858e+00 5.895280e+01 1.125000e+01
      vertex   -7.496087e+00 5.925391e+01 1.100000e+01
    endloop
  endfacet
  facet normal -9.269160e-02 -7.040626e-01 -7.040626e-01
    outer loop
      vertex   -7.496087e+00 5.925391e+01 1.100000e+01
      vertex   -7.107858e+00 5.895280e+01 1.125000e+01
      vertex   -7.496087e+00 5.900391e+01 1.125000e+01
    endloop
  endfacet
  facet normal 9.269160e-02 -7.040626e-01 -7.040626e-01
    outer loop
      vertex   -7.496087e+00 5.925391e+01 1.100000e+01
      vertex   -7.496087e+00 5.900391e+01 1.125000e+01
      vertex   -7.949020e+00 5.919428e+01 1.100000e+01
    endloop
  endfacet
  facet normal 9.269160e-02 -7.040626e-01 -7.040626e-01
    outer loop
      vertex   -7.949020e+00 5.919428e+01 1.100000e+01
      vertex   -7.496087e+00 5.900391e+01 1.125000e+01
      vertex   -7.884316e+00 5.895280e+01 1.125000e+01
    endloop
  endfacet
  facet normal 2.717580e-01 -6.560819e-01 -7.040626e-01
    outer loop
      vertex   -7.949020e+00 5.919428e+01 1.100000e+01
      vertex   -7.884316e+00 5.895280e+01 1.125000e+01
      vertex   -8.371087e+00 5.901946e+01 1.100000e+01
    endloop
  endfacet
  facet normal 2.717580e-01 -6.560819e-01 -7.040626e-01
    outer loop
      vertex   -8.371087e+00 5.901946e+01 1.100000e+01
      vertex   -7.884316e+00 5.895280e+01 1.125000e+01
      vertex   -8.246087e+00 5.880295e+01 1.125000e+01
    endloop
  endfacet
  facet normal 4.323046e-01 -5.633903e-01 -7.040626e-01
    outer loop
      vertex   -8.371087e+00 5.901946e+01 1.100000e+01
      vertex   -8.246087e+00 5.880295e+01 1.125000e+01
      vertex   -8.733524e+00 5.874135e+01 1.100000e+01
    endloop
  endfacet
  facet normal 4.323046e-01 -5.633903e-01 -7.040626e-01
    outer loop
      vertex   -8.733524e+00 5.874135e+01 1.100000e+01
      vertex   -8.246087e+00 5.880295e+01 1.125000e+01
      vertex   -8.556747e+00 5.856457e+01 1.125000e+01
    endloop
  endfacet
  facet normal 5.633903e-01 -4.323046e-01 -7.040626e-01
    outer loop
      vertex   -8.733524e+00 5.874135e+01 1.100000e+01
      vertex   -8.556747e+00 5.856457e+01 1.125000e+01
      vertex   -9.011631e+00 5.837891e+01 1.100000e+01
    endloop
  endfacet
  facet normal 5.633903e-01 -4.323046e-01 -7.040626e-01
    outer loop
      vertex   -9.011631e+00 5.837891e+01 1.100000e+01
      vertex   -8.556747e+00 5.856457e+01 1.125000e+01
      vertex   -8.795125e+00 5.825391e+01 1.125000e+01
    endloop
  endfacet
  facet normal 6.560819e-01 -2.717580e-01 -7.040626e-01
    outer loop
      vertex   -9.011631e+00 5.837891e+01 1.100000e+01
      vertex   -8.795125e+00 5.825391e+01 1.125000e+01
      vertex   -9.186457e+00 5.795685e+01 1.100000e+01
    endloop
  endfacet
  facet normal 6.560819e-01 -2.717580e-01 -7.040626e-01
    outer loop
      vertex   -9.186457e+00 5.795685e+01 1.100000e+01
      vertex   -8.795125e+00 5.825391e+01 1.125000e+01
      vertex   -8.944976e+00 5.789214e+01 1.125000e+01
    endloop
  endfacet
  facet normal 9.914449e-01 1.305262e-01 -1.006377e-15
    outer loop
      vertex   -8.944976e+00 5.711569e+01 1.300000e+01
      vertex   -8.944976e+00 5.711569e+01 1.125000e+01
      vertex   -8.996087e+00 5.750391e+01 1.300000e+01
    endloop
  endfacet
  facet normal 9.914449e-01 1.305262e-01 0.000000e+00
    outer loop
      vertex   -8.996087e+00 5.750391e+01 1.300000e+01
      vertex   -8.944976e+00 5.711569e+01 1.125000e+01
      vertex   -8.996087e+00 5.750391e+01 1.125000e+01
    endloop
  endfacet
  facet normal 9.914449e-01 -1.305262e-01 0.000000e+00
    outer loop
      vertex   -8.996087e+00 5.750391e+01 1.300000e+01
      vertex   -8.996087e+00 5.750391e+01 1.125000e+01
      vertex   -8.944976e+00 5.789214e+01 1.300000e+01
    endloop
  endfacet
  facet normal 9.914449e-01 -1.305262e-01 1.006377e-15
    outer loop
      vertex   -8.944976e+00 5.789214e+01 1.300000e+01
      vertex   -8.996087e+00 5.750391e+01 1.125000e+01
      vertex   -8.944976e+00 5.789214e+01 1.125000e+01
    endloop
  endfacet
  facet normal 9.238795e-01 -3.826834e-01 9.377941e-16
    outer loop
      vertex   -8.944976e+00 5.789214e+01 1.300000e+01
      vertex   -8.944976e+00 5.789214e+01 1.125000e+01
      vertex   -8.795125e+00 5.825391e+01 1.300000e+01
    endloop
  endfacet
  facet normal 9.238795e-01 -3.826834e-01 0.000000e+00
    outer loop
      vertex   -8.795125e+00 5.825391e+01 1.300000e+01
      vertex   -8.944976e+00 5.789214e+01 1.125000e+01
      vertex   -8.795125e+00 5.825391e+01 1.125000e+01
    endloop
  endfacet
  facet normal 7.933533e-01 -6.087614e-01 0.000000e+00
    outer loop
      vertex   -8.795125e+00 5.825391e+01 1.300000e+01
      vertex   -8.795125e+00 5.825391e+01 1.125000e+01
      vertex   -8.556747e+00 5.856457e+01 1.300000e+01
    endloop
  endfacet
  facet normal 7.933533e-01 -6.087614e-01 0.000000e+00
    outer loop
      vertex   -8.556747e+00 5.856457e+01 1.300000e+01
      vertex   -8.795125e+00 5.825391e+01 1.125000e+01
      vertex   -8.556747e+00 5.856457e+01 1.125000e+01
    endloop
  endfacet
  facet normal 6.087614e-01 -7.933533e-01 0.000000e+00
    outer loop
      vertex   -8.556747e+00 5.856457e+01 1.300000e+01
      vertex   -8.556747e+00 5.856457e+01 1.125000e+01
      vertex   -8.246087e+00 5.880295e+01 1.300000e+01
    endloop
  endfacet
  facet normal 6.087614e-01 -7.933533e-01 0.000000e+00
    outer loop
      vertex   -8.246087e+00 5.880295e+01 1.300000e+01
      vertex   -8.556747e+00 5.856457e+01 1.125000e+01
      vertex   -8.246087e+00 5.880295e+01 1.125000e+01
    endloop
  endfacet
  facet normal 3.826834e-01 -9.238795e-01 0.000000e+00
    outer loop
      vertex   -8.246087e+00 5.880295e+01 1.300000e+01
      vertex   -8.246087e+00 5.880295e+01 1.125000e+01
      vertex   -7.884316e+00 5.895280e+01 1.300000e+01
    endloop
  endfacet
  facet normal 3.826834e-01 -9.238795e-01 0.000000e+00
    outer loop
      vertex   -7.884316e+00 5.895280e+01 1.300000e+01
      vertex   -8.246087e+00 5.880295e+01 1.125000e+01
      vertex   -7.884316e+00 5.895280e+01 1.125000e+01
    endloop
  endfacet
  facet normal 1.305262e-01 -9.914449e-01 0.000000e+00
    outer loop
      vertex   -7.884316e+00 5.895280e+01 1.300000e+01
      vertex   -7.884316e+00 5.895280e+01 1.125000e+01
      vertex   -7.496087e+00 5.900391e+01 1.300000e+01
    endloop
  endfacet
  facet normal 1.305262e-01 -9.914449e-01 0.000000e+00
    outer loop
      vertex   -7.496087e+00 5.900391e+01 1.300000e+01
      vertex   -7.884316e+00 5.895280e+01 1.125000e+01
      vertex   -7.496087e+00 5.900391e+01 1.125000e+01
    endloop
  endfacet
  facet normal -1.305262e-01 -9.914449e-01 -0.000000e+00
    outer loop
      vertex   -7.496087e+00 5.900391e+01 1.300000e+01
      vertex   -7.496087e+00 5.900391e+01 1.125000e+01
      vertex   -7.107858e+00 5.895280e+01 1.300000e+01
    endloop
  endfacet
  facet normal -1.305262e-01 -9.914449e-01 -6.624603e-17
    outer loop
      vertex   -7.107858e+00 5.895280e+01 1.300000e+01
      vertex   -7.496087e+00 5.900391e+01 1.125000e+01
      vertex   -7.107858e+00 5.895280e+01 1.125000e+01
    endloop
  endfacet
  facet normal -3.826834e-01 -9.238795e-01 -1.942235e-16
    outer loop
      vertex   -7.107858e+00 5.895280e+01 1.300000e+01
      vertex   -7.107858e+00 5.895280e+01 1.125000e+01
      vertex   -6.746087e+00 5.880295e+01 1.300000e+01
    endloop
  endfacet
  facet normal -3.826834e-01 -9.238795e-01 -1.942235e-16
    outer loop
      vertex   -6.746087e+00 5.880295e+01 1.300000e+01
      vertex   -7.107858e+00 5.895280e+01 1.125000e+01
      vertex   -6.746087e+00 5.880295e+01 1.125000e+01
    endloop
  endfacet
  facet normal -6.087614e-01 -7.933533e-01 -3.089650e-16
    outer loop
      vertex   -6.746087e+00 5.880295e+01 1.300000e+01
      vertex   -6.746087e+00 5.880295e+01 1.125000e+01
      vertex   -6.435427e+00 5.856457e+01 1.300000e+01
    endloop
  endfacet
  facet normal -6.087614e-01 -7.933533e-01 -0.000000e+00
    outer loop
      vertex   -6.435427e+00 5.856457e+01 1.300000e+01
      vertex   -6.746087e+00 5.880295e+01 1.125000e+01
      vertex   -6.435427e+00 5.856457e+01 1.125000e+01
    endloop
  endfacet
  facet normal -7.933533e-01 -6.087614e-01 -0.000000e+00
    outer loop
      vertex   -6.435427e+00 5.856457e+01 1.300000e+01
      vertex   -6.435427e+00 5.856457e+01 1.125000e+01
      vertex   -6.197049e+00 5.825391e+01 1.300000e+01
    endloop
  endfacet
  facet normal -7.933533e-01 -6.087614e-01 -0.000000e+00
    outer loop
      vertex   -6.197049e+00 5.825391e+01 1.300000e+01
      vertex   -6.435427e+00 5.856457e+01 1.125000e+01
      vertex   -6.197049e+00 5.825391e+01 1.125000e+01
    endloop
  endfacet
  facet normal -9.238795e-01 -3.826834e-01 -0.000000e+00
    outer loop
      vertex   -6.197049e+00 5.825391e+01 1.300000e+01
      vertex   -6.197049e+00 5.825391e+01 1.125000e+01
      vertex   -6.047198e+00 5.789214e+01 1.300000e+01
    endloop
  endfacet
  facet normal -9.238795e-01 -3.826834e-01 -0.000000e+00
    outer loop
      vertex   -6.047198e+00 5.789214e+01 1.300000e+01
      vertex   -6.197049e+00 5.825391e+01 1.125000e+01
      vertex   -6.047198e+00 5.789214e+01 1.125000e+01
    endloop
  endfacet
  facet normal -9.914449e-01 -1.305262e-01 -0.000000e+00
    outer loop
      vertex   -6.047198e+00 5.789214e+01 1.300000e+01
      vertex   -6.047198e+00 5.789214e+01 1.125000e+01
      vertex   -5.996087e+00 5.750391e+01 1.300000e+01
    endloop
  endfacet
  facet normal -9.914449e-01 -1.305262e-01 -0.000000e+00
    outer loop
      vertex   -5.996087e+00 5.750391e+01 1.300000e+01
      vertex   -6.047198e+00 5.789214e+01 1.125000e+01
      vertex   -5.996087e+00 5.750391e+01 1.125000e+01
    endloop
  endfacet
  facet normal -9.914449e-01 1.305262e-01 0.000000e+00
    outer loop
      vertex   -5.996087e+00 5.750391e+01 1.300000e+01
      vertex   -5.996087e+00 5.750391e+01 1.125000e+01
      vertex   -6.047198e+00 5.711569e+01 1.300000e+01
    endloop
  endfacet
  facet normal -9.914449e-01 1.305262e-01 0.000000e+00
    outer loop
      vertex   -6.047198e+00 5.711569e+01 1.300000e+01
      vertex   -5.996087e+00 5.750391e+01 1.125000e+01
      vertex   -6.047198e+00 5.711569e+01 1.125000e+01
    endloop
  endfacet
  facet normal -9.238795e-01 3.826834e-01 0.000000e+00
    outer loop
      vertex   -6.047198e+00 5.711569e+01 1.300000e+01
      vertex   -6.047198e+00 5.711569e+01 1.125000e+01
      vertex   -6.197049e+00 5.675391e+01 1.300000e+01
    endloop
  endfacet
  facet normal -9.238795e-01 3.826834e-01 0.000000e+00
    outer loop
      vertex   -6.197049e+00 5.675391e+01 1.300000e+01
      vertex   -6.047198e+00 5.711569e+01 1.125000e+01
      vertex   -6.197049e+00 5.675391e+01 1.125000e+01
    endloop
  endfacet
  facet normal -7.933533e-01 6.087614e-01 0.000000e+00
    outer loop
      vertex   -6.197049e+00 5.675391e+01 1.300000e+01
      vertex   -6.197049e+00 5.675391e+01 1.125000e+01
      vertex   -6.435427e+00 5.644325e+01 1.300000e+01
    endloop
  endfacet
  facet normal -7.933533e-01 6.087614e-01 0.000000e+00
    outer loop
      vertex   -6.435427e+00 5.644325e+01 1.300000e+01
      vertex   -6.197049e+00 5.675391e+01 1.125000e+01
      vertex   -6.435427e+00 5.644325e+01 1.125000e+01
    endloop
  endfacet
  facet normal -6.087614e-01 7.933533e-01 0.000000e+00
    outer loop
      vertex   -6.435427e+00 5.644325e+01 1.300000e+01
      vertex   -6.435427e+00 5.644325e+01 1.125000e+01
      vertex   -6.746087e+00 5.620488e+01 1.300000e+01
    endloop
  endfacet
  facet normal -6.087614e-01 7.933533e-01 3.089650e-16
    outer loop
      vertex   -6.746087e+00 5.620488e+01 1.300000e+01
      vertex   -6.435427e+00 5.644325e+01 1.125000e+01
      vertex   -6.746087e+00 5.620488e+01 1.125000e+01
    endloop
  endfacet
  facet normal -3.826834e-01 9.238795e-01 1.942235e-16
    outer loop
      vertex   -6.746087e+00 5.620488e+01 1.300000e+01
      vertex   -6.746087e+00 5.620488e+01 1.125000e+01
      vertex   -7.107858e+00 5.605503e+01 1.300000e+01
    endloop
  endfacet
  facet normal -3.826834e-01 9.238795e-01 1.942235e-16
    outer loop
      vertex   -7.107858e+00 5.605503e+01 1.300000e+01
      vertex   -6.746087e+00 5.620488e+01 1.125000e+01
      vertex   -7.107858e+00 5.605503e+01 1.125000e+01
    endloop
  endfacet
  facet normal -1.305262e-01 9.914449e-01 6.624603e-17
    outer loop
      vertex   -7.107858e+00 5.605503e+01 1.300000e+01
      vertex   -7.107858e+00 5.605503e+01 1.125000e+01
      vertex   -7.496087e+00 5.600391e+01 1.300000e+01
    endloop
  endfacet
  facet normal -1.305262e-01 9.914449e-01 0.000000e+00
    outer loop
      vertex   -7.496087e+00 5.600391e+01 1.300000e+01
      vertex   -7.107858e+00 5.605503e+01 1.125000e+01
      vertex   -7.496087e+00 5.600391e+01 1.125000e+01
    endloop
  endfacet
  facet normal 1.305262e-01 9.914449e-01 0.000000e+00
    outer loop
      vertex   -7.496087e+00 5.600391e+01 1.300000e+01
      vertex   -7.496087e+00 5.600391e+01 1.125000e+01
      vertex   -7.884316e+00 5.605503e+01 1.300000e+01
    endloop
  endfacet
  facet normal 1.305262e-01 9.914449e-01 0.000000e+00
    outer loop
      vertex   -7.884316e+00 5.605503e+01 1.300000e+01
      vertex   -7.496087e+00 5.600391e+01 1.125000e+01
      vertex   -7.884316e+00 5.605503e+01 1.125000e+01
    endloop
  endfacet
  facet normal 3.826834e-01 9.238795e-01 0.000000e+00
    outer loop
      vertex   -7.884316e+00 5.605503e+01 1.300000e+01
      vertex   -7.884316e+00 5.605503e+01 1.125000e+01
      vertex   -8.246087e+00 5.620488e+01 1.300000e+01
    endloop
  endfacet
  facet normal 3.826834e-01 9.238795e-01 0.000000e+00
    outer loop
      vertex   -8.246087e+00 5.620488e+01 1.300000e+01
      vertex   -7.884316e+00 5.605503e+01 1.125000e+01
      vertex   -8.246087e+00 5.620488e+01 1.125000e+01
    endloop
  endfacet
  facet normal 6.087614e-01 7.933533e-01 0.000000e+00
    outer loop
      vertex   -8.246087e+00 5.620488e+01 1.300000e+01
      vertex   -8.246087e+00 5.620488e+01 1.125000e+01
      vertex   -8.556747e+00 5.644325e+01 1.300000e+01
    endloop
  endfacet
  facet normal 6.087614e-01 7.933533e-01 0.000000e+00
    outer loop
      vertex   -8.556747e+00 5.644325e+01 1.300000e+01
      vertex   -8.246087e+00 5.620488e+01 1.125000e+01
      vertex   -8.556747e+00 5.644325e+01 1.125000e+01
    endloop
  endfacet
  facet normal 7.933533e-01 6.087614e-01 0.000000e+00
    outer loop
      vertex   -8.556747e+00 5.644325e+01 1.300000e+01
      vertex   -8.556747e+00 5.644325e+01 1.125000e+01
      vertex   -8.795125e+00 5.675391e+01 1.300000e+01
    endloop
  endfacet
  facet normal 7.933533e-01 6.087614e-01 0.000000e+00
    outer loop
      vertex   -8.795125e+00 5.675391e+01 1.300000e+01
      vertex   -8.556747e+00 5.644325e+01 1.125000e+01
      vertex   -8.795125e+00 5.675391e+01 1.125000e+01
    endloop
  endfacet
  facet normal 9.238795e-01 3.826834e-01 0.000000e+00
    outer loop
      vertex   -8.795125e+00 5.675391e+01 1.300000e+01
      vertex   -8.795125e+00 5.675391e+01 1.125000e+01
      vertex   -8.944976e+00 5.711569e+01 1.300000e+01
    endloop
  endfacet
  facet normal 9.238795e-01 3.826834e-01 -9.377941e-16
    outer loop
      vertex   -8.944976e+00 5.711569e+01 1.300000e+01
      vertex   -8.795125e+00 5.675391e+01 1.125000e+01
      vertex   -8.944976e+00 5.711569e+01 1.125000e+01
    endloop
  endfacet
  facet normal 7.040626e-01 -9.269160e-02 -7.040626e-01
    outer loop
      vertex   -9.186457e+00 2.949020e+00 1.100000e+01
      vertex   -8.944976e+00 2.884316e+00 1.125000e+01
      vertex   -9.246087e+00 2.496087e+00 1.100000e+01
    endloop
  endfacet
  facet normal 7.040626e-01 -9.269160e-02 -7.040626e-01
    outer loop
      vertex   -9.246087e+00 2.496087e+00 1.100000e+01
      vertex   -8.944976e+00 2.884316e+00 1.125000e+01
      vertex   -8.996087e+00 2.496087e+00 1.125000e+01
    endloop
  endfacet
  facet normal 7.040626e-01 9.269160e-02 -7.040626e-01
    outer loop
      vertex   -9.246087e+00 2.496087e+00 1.100000e+01
      vertex   -8.996087e+00 2.496087e+00 1.125000e+01
      vertex   -9.186457e+00 2.043154e+00 1.100000e+01
    endloop
  endfacet
  facet normal 7.040626e-01 9.269160e-02 -7.040626e-01
    outer loop
      vertex   -9.186457e+00 2.043154e+00 1.100000e+01
      vertex   -8.996087e+00 2.496087e+00 1.125000e+01
      vertex   -8.944976e+00 2.107858e+00 1.125000e+01
    endloop
  endfacet
  facet normal 6.560819e-01 2.717580e-01 -7.040626e-01
    outer loop
      vertex   -9.186457e+00 2.043154e+00 1.100000e+01
      vertex   -8.944976e+00 2.107858e+00 1.125000e+01
      vertex   -9.011631e+00 1.621087e+00 1.100000e+01
    endloop
  endfacet
  facet normal 6.560819e-01 2.717580e-01 -7.040626e-01
    outer loop
      vertex   -9.011631e+00 1.621087e+00 1.100000e+01
      vertex   -8.944976e+00 2.107858e+00 1.125000e+01
      vertex   -8.795125e+00 1.746087e+00 1.125000e+01
    endloop
  endfacet
  facet normal 5.633903e-01 4.323046e-01 -7.040626e-01
    outer loop
      vertex   -9.011631e+00 1.621087e+00 1.100000e+01
      vertex   -8.795125e+00 1.746087e+00 1.125000e+01
      vertex   -8.733524e+00 1.258650e+00 1.100000e+01
    endloop
  endfacet
  facet normal 5.633903e-01 4.323046e-01 -7.040626e-01
    outer loop
      vertex   -8.733524e+00 1.258650e+00 1.100000e+01
      vertex   -8.795125e+00 1.746087e+00 1.125000e+01
      vertex   -8.556747e+00 1.435427e+00 1.125000e+01
    endloop
  endfacet
  facet normal 4.323046e-01 5.633903e-01 -7.040626e-01
    outer loop
      vertex   -8.733524e+00 1.258650e+00 1.100000e+01
      vertex   -8.556747e+00 1.435427e+00 1.125000e+01
      vertex   -8.371087e+00 9.805425e-01 1.100000e+01
    endloop
  endfacet
  facet normal 4.323046e-01 5.633903e-01 -7.040626e-01
    outer loop
      vertex   -8.371087e+00 9.805425e-01 1.100000e+01
      vertex   -8.556747e+00 1.435427e+00 1.125000e+01
      vertex   -8.246087e+00 1.197049e+00 1.125000e+01
    endloop
  endfacet
  facet normal 2.717580e-01 6.560819e-01 -7.040626e-01
    outer loop
      vertex   -8.371087e+00 9.805425e-01 1.100000e+01
      vertex   -8.246087e+00 1.197049e+00 1.125000e+01
      vertex   -7.949020e+00 8.057167e-01 1.100000e+01
    endloop
  endfacet
  facet normal 2.717580e-01 6.560819e-01 -7.040626e-01
    outer loop
      vertex   -7.949020e+00 8.057167e-01 1.100000e+01
      vertex   -8.246087e+00 1.197049e+00 1.125000e+01
      vertex   -7.884316e+00 1.047198e+00 1.125000e+01
    endloop
  endfacet
  facet normal 9.269160e-02 7.040626e-01 -7.040626e-01
    outer loop
      vertex   -7.949020e+00 8.057167e-01 1.100000e+01
      vertex   -7.884316e+00 1.047198e+00 1.125000e+01
      vertex   -7.496087e+00 7.460869e-01 1.100000e+01
    endloop
  endfacet
  facet normal 9.269160e-02 7.040626e-01 -7.040626e-01
    outer loop
      vertex   -7.496087e+00 7.460869e-01 1.100000e+01
      vertex   -7.884316e+00 1.047198e+00 1.125000e+01
      vertex   -7.496087e+00 9.960869e-01 1.125000e+01
    endloop
  endfacet
  facet normal -9.269160e-02 7.040626e-01 -7.040626e-01
    outer loop
      vertex   -7.496087e+00 7.460869e-01 1.100000e+01
      vertex   -7.496087e+00 9.960869e-01 1.125000e+01
      vertex   -7.043154e+00 8.057167e-01 1.100000e+01
    endloop
  endfacet
  facet normal -9.269160e-02 7.040626e-01 -7.040626e-01
    outer loop
      vertex   -7.043154e+00 8.057167e-01 1.100000e+01
      vertex   -7.496087e+00 9.960869e-01 1.125000e+01
      vertex   -7.107858e+00 1.047198e+00 1.125000e+01
    endloop
  endfacet
  facet normal -2.717580e-01 6.560819e-01 -7.040626e-01
    outer loop
      vertex   -7.043154e+00 8.057167e-01 1.100000e+01
      vertex   -7.107858e+00 1.047198e+00 1.125000e+01
      vertex   -6.621087e+00 9.805425e-01 1.100000e+01
    endloop
  endfacet
  facet normal -2.717580e-01 6.560819e-01 -7.040626e-01
    outer loop
      vertex   -6.621087e+00 9.805425e-01 1.100000e+01
      vertex   -7.107858e+00 1.047198e+00 1.125000e+01
      vertex   -6.746087e+00 1.197049e+00 1.125000e+01
    endloop
  endfacet
  facet normal -4.323046e-01 5.633903e-01 -7.040626e-01
    outer loop
      vertex   -6.621087e+00 9.805425e-01 1.100000e+01
      vertex   -6.746087e+00 1.197049e+00 1.125000e+01
      vertex   -6.258650e+00 1.258650e+00 1.100000e+01
    endloop
  endfacet
  facet normal -4.323046e-01 5.633903e-01 -7.040626e-01
    outer loop
      vertex   -6.258650e+00 1.258650e+00 1.100000e+01
      vertex   -6.746087e+00 1.197049e+00 1.125000e+01
      vertex   -6.435427e+00 1.435427e+00 1.125000e+01
    endloop
  endfacet
  facet normal -5.633903e-01 4.323046e-01 -7.040626e-01
    outer loop
      vertex   -6.258650e+00 1.258650e+00 1.100000e+01
      vertex   -6.435427e+00 1.435427e+00 1.125000e+01
      vertex   -5.980543e+00 1.621087e+00 1.100000e+01
    endloop
  endfacet
  facet normal -5.633903e-01 4.323046e-01 -7.040626e-01
    outer loop
      vertex   -5.980543e+00 1.621087e+00 1.100000e+01
      vertex   -6.435427e+00 1.435427e+00 1.125000e+01
      vertex   -6.197049e+00 1.746087e+00 1.125000e+01
    endloop
  endfacet
  facet normal -6.560819e-01 2.717580e-01 -7.040626e-01
    outer loop
      vertex   -5.980543e+00 1.621087e+00 1.100000e+01
      vertex   -6.197049e+00 1.746087e+00 1.125000e+01
      vertex   -5.805717e+00 2.043154e+00 1.100000e+01
    endloop
  endfacet
  facet normal -6.560819e-01 2.717580e-01 -7.040626e-01
    outer loop
      vertex   -5.805717e+00 2.043154e+00 1.100000e+01
      vertex   -6.197049e+00 1.746087e+00 1.125000e+01
      vertex   -6.047198e+00 2.107858e+00 1.125000e+01
    endloop
  endfacet
  facet normal -7.040626e-01 9.269160e-02 -7.040626e-01
    outer loop
      vertex   -5.805717e+00 2.043154e+00 1.100000e+01
      vertex   -6.047198e+00 2.107858e+00 1.125000e+01
      vertex   -5.746087e+00 2.496087e+00 1.100000e+01
    endloop
  endfacet
  facet normal -7.040626e-01 9.269160e-02 -7.040626e-01
    outer loop
      vertex   -5.746087e+00 2.496087e+00 1.100000e+01
      vertex   -6.047198e+00 2.107858e+00 1.125000e+01
      vertex   -5.996087e+00 2.496087e+00 1.125000e+01
    endloop
  endfacet
  facet normal -7.040626e-01 -9.269160e-02 -7.040626e-01
    outer loop
      vertex   -5.746087e+00 2.496087e+00 1.100000e+01
      vertex   -5.996087e+00 2.496087e+00 1.125000e+01
      vertex   -5.805717e+00 2.949020e+00 1.100000e+01
    endloop
  endfacet
  facet normal -7.040626e-01 -9.269160e-02 -7.040626e-01
    outer loop
      vertex   -5.805717e+00 2.949020e+00 1.100000e+01
      vertex   -5.996087e+00 2.496087e+00 1.125000e+01
      vertex   -6.047198e+00 2.884316e+00 1.125000e+01
    endloop
  endfacet
  facet normal -6.560819e-01 -2.717580e-01 -7.040626e-01
    outer loop
      vertex   -5.805717e+00 2.949020e+00 1.100000e+01
      vertex   -6.047198e+00 2.884316e+00 1.125000e+01
      vertex   -5.980543e+00 3.371087e+00 1.100000e+01
    endloop
  endfacet
  facet normal -6.560819e-01 -2.717580e-01 -7.040626e-01
    outer loop
      vertex   -5.980543e+00 3.371087e+00 1.100000e+01
      vertex   -6.047198e+00 2.884316e+00 1.125000e+01
      vertex   -6.197049e+00 3.246087e+00 1.125000e+01
    endloop
  endfacet
  facet normal -5.633903e-01 -4.323046e-01 -7.040626e-01
    outer loop
      vertex   -5.980543e+00 3.371087e+00 1.100000e+01
      vertex   -6.197049e+00 3.246087e+00 1.125000e+01
      vertex   -6.258650e+00 3.733524e+00 1.100000e+01
    endloop
  endfacet
  facet normal -5.633903e-01 -4.323046e-01 -7.040626e-01
    outer loop
      vertex   -6.258650e+00 3.733524e+00 1.100000e+01
      vertex   -6.197049e+00 3.246087e+00 1.125000e+01
      vertex   -6.435427e+00 3.556747e+00 1.125000e+01
    endloop
  endfacet
  facet normal -4.323046e-01 -5.633903e-01 -7.040626e-01
    outer loop
      vertex   -6.258650e+00 3.733524e+00 1.100000e+01
      vertex   -6.435427e+00 3.556747e+00 1.125000e+01
      vertex   -6.621087e+00 4.011631e+00 1.100000e+01
    endloop
  endfacet
  facet normal -4.323046e-01 -5.633903e-01 -7.040626e-01
    outer loop
      vertex   -6.621087e+00 4.011631e+00 1.100000e+01
      vertex   -6.435427e+00 3.556747e+00 1.125000e+01
      vertex   -6.746087e+00 3.795125e+00 1.125000e+01
    endloop
  endfacet
  facet normal -2.717580e-01 -6.560819e-01 -7.040626e-01
    outer loop
      vertex   -6.621087e+00 4.011631e+00 1.100000e+01
      vertex   -6.746087e+00 3.795125e+00 1.125000e+01
      vertex   -7.043154e+00 4.186457e+00 1.100000e+01
    endloop
  endfacet
  facet normal -2.717580e-01 -6.560819e-01 -7.040626e-01
    outer loop
      vertex   -7.043154e+00 4.186457e+00 1.100000e+01
      vertex   -6.746087e+00 3.795125e+00 1.125000e+01
      vertex   -7.107858e+00 3.944976e+00 1.125000e+01
    endloop
  endfacet
  facet normal -9.269160e-02 -7.040626e-01 -7.040626e-01
    outer loop
      vertex   -7.043154e+00 4.186457e+00 1.100000e+01
      vertex   -7.107858e+00 3.944976e+00 1.125000e+01
      vertex   -7.496087e+00 4.246087e+00 1.100000e+01
    endloop
  endfacet
  facet normal -9.269160e-02 -7.040626e-01 -7.040626e-01
    outer loop
      vertex   -7.496087e+00 4.246087e+00 1.100000e+01
      vertex   -7.107858e+00 3.944976e+00 1.125000e+01
      vertex   -7.496087e+00 3.996087e+00 1.125000e+01
    endloop
  endfacet
  facet normal 9.269160e-02 -7.040626e-01 -7.040626e-01
    outer loop
      vertex   -7.496087e+00 4.246087e+00 1.100000e+01
      vertex   -7.496087e+00 3.996087e+00 1.125000e+01
      vertex   -7.949020e+00 4.186457e+00 1.100000e+01
    endloop
  endfacet
  facet normal 9.269160e-02 -7.040626e-01 -7.040626e-01
    outer loop
      vertex   -7.949020e+00 4.186457e+00 1.100000e+01
      vertex   -7.496087e+00 3.996087e+00 1.125000e+01
      vertex   -7.884316e+00 3.944976e+00 1.125000e+01
    endloop
  endfacet
  facet normal 2.717580e-01 -6.560819e-01 -7.040626e-01
    outer loop
      vertex   -7.949020e+00 4.186457e+00 1.100000e+01
      vertex   -7.884316e+00 3.944976e+00 1.125000e+01
      vertex   -8.371087e+00 4.011631e+00 1.100000e+01
    endloop
  endfacet
  facet normal 2.717580e-01 -6.560819e-01 -7.040626e-01
    outer loop
      vertex   -8.371087e+00 4.011631e+00 1.100000e+01
      vertex   -7.884316e+00 3.944976e+00 1.125000e+01
      vertex   -8.246087e+00 3.795125e+00 1.125000e+01
    endloop
  endfacet
  facet normal 4.323046e-01 -5.633903e-01 -7.040626e-01
    outer loop
      vertex   -8.371087e+00 4.011631e+00 1.100000e+01
      vertex   -8.246087e+00 3.795125e+00 1.125000e+01
      vertex   -8.733524e+00 3.733524e+00 1.100000e+01
    endloop
  endfacet
  facet normal 4.323046e-01 -5.633903e-01 -7.040626e-01
    outer loop
      vertex   -8.733524e+00 3.733524e+00 1.100000e+01
      vertex   -8.246087e+00 3.795125e+00 1.125000e+01
      vertex   -8.556747e+00 3.556747e+00 1.125000e+01
    endloop
  endfacet
  facet normal 5.633903e-01 -4.323046e-01 -7.040626e-01
    outer loop
      vertex   -8.733524e+00 3.733524e+00 1.100000e+01
      vertex   -8.556747e+00 3.556747e+00 1.125000e+01
      vertex   -9.011631e+00 3.371087e+00 1.100000e+01
    endloop
  endfacet
  facet normal 5.633903e-01 -4.323046e-01 -7.040626e-01
    outer loop
      vertex   -9.011631e+00 3.371087e+00 1.100000e+01
      vertex   -8.556747e+00 3.556747e+00 1.125000e+01
      vertex   -8.795125e+00 3.246087e+00 1.125000e+01
    endloop
  endfacet
  facet normal 6.560819e-01 -2.717580e-01 -7.040626e-01
    outer loop
      vertex   -9.011631e+00 3.371087e+00 1.100000e+01
      vertex   -8.795125e+00 3.246087e+00 1.125000e+01
      vertex   -9.186457e+00 2.949020e+00 1.100000e+01
    endloop
  endfacet
  facet normal 6.560819e-01 -2.717580e-01 -7.040626e-01
    outer loop
      vertex   -9.186457e+00 2.949020e+00 1.100000e+01
      vertex   -8.795125e+00 3.246087e+00 1.125000e+01
      vertex   -8.944976e+00 2.884316e+00 1.125000e+01
    endloop
  endfacet
  facet normal 9.914449e-01 1.305262e-01 -9.732540e-16
    outer loop
      vertex   -8.944976e+00 2.107858e+00 1.300000e+01
      vertex   -8.944976e+00 2.107858e+00 1.125000e+01
      vertex   -8.996087e+00 2.496087e+00 1.300000e+01
    endloop
  endfacet
  facet normal 9.914449e-01 1.305262e-01 -6.624603e-17
    outer loop
      vertex   -8.996087e+00 2.496087e+00 1.300000e+01
      vertex   -8.944976e+00 2.107858e+00 1.125000e+01
      vertex   -8.996087e+00 2.496087e+00 1.125000e+01
    endloop
  endfacet
  facet normal 9.914449e-01 -1.305262e-01 6.624603e-17
    outer loop
      vertex   -8.996087e+00 2.496087e+00 1.300000e+01
      vertex   -8.996087e+00 2.496087e+00 1.125000e+01
      vertex   -8.944976e+00 2.884316e+00 1.300000e+01
    endloop
  endfacet
  facet normal 9.914449e-01 -1.305262e-01 9.732540e-16
    outer loop
      vertex   -8.944976e+00 2.884316e+00 1.300000e+01
      vertex   -8.996087e+00 2.496087e+00 1.125000e+01
      vertex   -8.944976e+00 2.884316e+00 1.125000e+01
    endloop
  endfacet
  facet normal 9.238795e-01 -3.826834e-01 8.406824e-16
    outer loop
      vertex   -8.944976e+00 2.884316e+00 1.300000e+01
      vertex   -8.944976e+00 2.884316e+00 1.125000e+01
      vertex   -8.795125e+00 3.246087e+00 1.300000e+01
    endloop
  endfacet
  facet normal 9.238795e-01 -3.826834e-01 -1.942235e-16
    outer loop
      vertex   -8.795125e+00 3.246087e+00 1.300000e+01
      vertex   -8.944976e+00 2.884316e+00 1.125000e+01
      vertex   -8.795125e+00 3.246087e+00 1.125000e+01
    endloop
  endfacet
  facet normal 7.933533e-01 -6.087614e-01 -3.089650e-16
    outer loop
      vertex   -8.795125e+00 3.246087e+00 1.300000e+01
      vertex   -8.795125e+00 3.246087e+00 1.125000e+01
      vertex   -8.556747e+00 3.556747e+00 1.300000e+01
    endloop
  endfacet
  facet normal 7.933533e-01 -6.087614e-01 0.000000e+00
    outer loop
      vertex   -8.556747e+00 3.556747e+00 1.300000e+01
      vertex   -8.795125e+00 3.246087e+00 1.125000e+01
      vertex   -8.556747e+00 3.556747e+00 1.125000e+01
    endloop
  endfacet
  facet normal 6.087614e-01 -7.933533e-01 0.000000e+00
    outer loop
      vertex   -8.556747e+00 3.556747e+00 1.300000e+01
      vertex   -8.556747e+00 3.556747e+00 1.125000e+01
      vertex   -8.246087e+00 3.795125e+00 1.300000e+01
    endloop
  endfacet
  facet normal 6.087614e-01 -7.933533e-01 -4.026510e-16
    outer loop
      vertex   -8.246087e+00 3.795125e+00 1.300000e+01
      vertex   -8.556747e+00 3.556747e+00 1.125000e+01
      vertex   -8.246087e+00 3.795125e+00 1.125000e+01
    endloop
  endfacet
  facet normal 3.826834e-01 -9.238795e-01 -4.688971e-16
    outer loop
      vertex   -8.246087e+00 3.795125e+00 1.300000e+01
      vertex   -8.246087e+00 3.795125e+00 1.125000e+01
      vertex   -7.884316e+00 3.944976e+00 1.300000e+01
    endloop
  endfacet
  facet normal 3.826834e-01 -9.238795e-01 0.000000e+00
    outer loop
      vertex   -7.884316e+00 3.944976e+00 1.300000e+01
      vertex   -8.246087e+00 3.795125e+00 1.125000e+01
      vertex   -7.884316e+00 3.944976e+00 1.125000e+01
    endloop
  endfacet
  facet normal 1.305262e-01 -9.914449e-01 0.000000e+00
    outer loop
      vertex   -7.884316e+00 3.944976e+00 1.300000e+01
      vertex   -7.884316e+00 3.944976e+00 1.125000e+01
      vertex   -7.496087e+00 3.996087e+00 1.300000e+01
    endloop
  endfacet
  facet normal 1.305262e-01 -9.914449e-01 0.000000e+00
    outer loop
      vertex   -7.496087e+00 3.996087e+00 1.300000e+01
      vertex   -7.884316e+00 3.944976e+00 1.125000e+01
      vertex   -7.496087e+00 3.996087e+00 1.125000e+01
    endloop
  endfacet
  facet normal -1.305262e-01 -9.914449e-01 -0.000000e+00
    outer loop
      vertex   -7.496087e+00 3.996087e+00 1.300000e+01
      vertex   -7.496087e+00 3.996087e+00 1.125000e+01
      vertex   -7.107858e+00 3.944976e+00 1.300000e+01
    endloop
  endfacet
  facet normal -1.305262e-01 -9.914449e-01 6.885368e-16
    outer loop
      vertex   -7.107858e+00 3.944976e+00 1.300000e+01
      vertex   -7.496087e+00 3.996087e+00 1.125000e+01
      vertex   -7.107858e+00 3.944976e+00 1.125000e+01
    endloop
  endfacet
  facet normal -3.826834e-01 -9.238795e-01 5.091221e-16
    outer loop
      vertex   -7.107858e+00 3.944976e+00 1.300000e+01
      vertex   -7.107858e+00 3.944976e+00 1.125000e+01
      vertex   -6.746087e+00 3.795125e+00 1.300000e+01
    endloop
  endfacet
  facet normal -3.826834e-01 -9.238795e-01 -1.942235e-16
    outer loop
      vertex   -6.746087e+00 3.795125e+00 1.300000e+01
      vertex   -7.107858e+00 3.944976e+00 1.125000e+01
      vertex   -6.746087e+00 3.795125e+00 1.125000e+01
    endloop
  endfacet
  facet normal -6.087614e-01 -7.933533e-01 -3.089650e-16
    outer loop
      vertex   -6.746087e+00 3.795125e+00 1.300000e+01
      vertex   -6.746087e+00 3.795125e+00 1.125000e+01
      vertex   -6.435427e+00 3.556747e+00 1.300000e+01
    endloop
  endfacet
  facet normal -6.087614e-01 -7.933533e-01 4.026510e-16
    outer loop
      vertex   -6.435427e+00 3.556747e+00 1.300000e+01
      vertex   -6.746087e+00 3.795125e+00 1.125000e+01
      vertex   -6.435427e+00 3.556747e+00 1.125000e+01
    endloop
  endfacet
  facet normal -7.933533e-01 -6.087614e-01 3.089650e-16
    outer loop
      vertex   -6.435427e+00 3.556747e+00 1.300000e+01
      vertex   -6.435427e+00 3.556747e+00 1.125000e+01
      vertex   -6.197049e+00 3.246087e+00 1.300000e+01
    endloop
  endfacet
  facet normal -7.933533e-01 -6.087614e-01 1.544825e-16
    outer loop
      vertex   -6.197049e+00 3.246087e+00 1.300000e+01
      vertex   -6.435427e+00 3.556747e+00 1.125000e+01
      vertex   -6.197049e+00 3.246087e+00 1.125000e+01
    endloop
  endfacet
  facet normal -9.238795e-01 -3.826834e-01 9.711176e-17
    outer loop
      vertex   -6.197049e+00 3.246087e+00 1.300000e+01
      vertex   -6.197049e+00 3.246087e+00 1.125000e+01
      vertex   -6.047198e+00 2.884316e+00 1.300000e+01
    endloop
  endfacet
  facet normal -9.238795e-01 -3.826834e-01 9.711176e-17
    outer loop
      vertex   -6.047198e+00 2.884316e+00 1.300000e+01
      vertex   -6.197049e+00 3.246087e+00 1.125000e+01
      vertex   -6.047198e+00 2.884316e+00 1.125000e+01
    endloop
  endfacet
  facet normal -9.914449e-01 -1.305262e-01 3.312301e-17
    outer loop
      vertex   -6.047198e+00 2.884316e+00 1.300000e+01
      vertex   -6.047198e+00 2.884316e+00 1.125000e+01
      vertex   -5.996087e+00 2.496087e+00 1.300000e+01
    endloop
  endfacet
  facet normal -9.914449e-01 -1.305262e-01 -0.000000e+00
    outer loop
      vertex   -5.996087e+00 2.496087e+00 1.300000e+01
      vertex   -6.047198e+00 2.884316e+00 1.125000e+01
      vertex   -5.996087e+00 2.496087e+00 1.125000e+01
    endloop
  endfacet
  facet normal -9.914449e-01 1.305262e-01 0.000000e+00
    outer loop
      vertex   -5.996087e+00 2.496087e+00 1.300000e+01
      vertex   -5.996087e+00 2.496087e+00 1.125000e+01
      vertex   -6.047198e+00 2.107858e+00 1.300000e+01
    endloop
  endfacet
  facet normal -9.914449e-01 1.305262e-01 -3.312301e-17
    outer loop
      vertex   -6.047198e+00 2.107858e+00 1.300000e+01
      vertex   -5.996087e+00 2.496087e+00 1.125000e+01
      vertex   -6.047198e+00 2.107858e+00 1.125000e+01
    endloop
  endfacet
  facet normal -9.238795e-01 3.826834e-01 -9.711176e-17
    outer loop
      vertex   -6.047198e+00 2.107858e+00 1.300000e+01
      vertex   -6.047198e+00 2.107858e+00 1.125000e+01
      vertex   -6.197049e+00 1.746087e+00 1.300000e+01
    endloop
  endfacet
  facet normal -9.238795e-01 3.826834e-01 -9.711176e-17
    outer loop
      vertex   -6.197049e+00 1.746087e+00 1.300000e+01
      vertex   -6.047198e+00 2.107858e+00 1.125000e+01
      vertex   -6.197049e+00 1.746087e+00 1.125000e+01
    endloop
  endfacet
  facet normal -7.933533e-01 6.087614e-01 -1.544825e-16
    outer loop
      vertex   -6.197049e+00 1.746087e+00 1.300000e+01
      vertex   -6.197049e+00 1.746087e+00 1.125000e+01
      vertex   -6.435427e+00 1.435427e+00 1.300000e+01
    endloop
  endfacet
  facet normal -7.933533e-01 6.087614e-01 -2.317238e-16
    outer loop
      vertex   -6.435427e+00 1.435427e+00 1.300000e+01
      vertex   -6.197049e+00 1.746087e+00 1.125000e+01
      vertex   -6.435427e+00 1.435427e+00 1.125000e+01
    endloop
  endfacet
  facet normal -6.087614e-01 7.933533e-01 -3.019883e-16
    outer loop
      vertex   -6.435427e+00 1.435427e+00 1.300000e+01
      vertex   -6.435427e+00 1.435427e+00 1.125000e+01
      vertex   -6.746087e+00 1.197049e+00 1.300000e+01
    endloop
  endfacet
  facet normal -6.087614e-01 7.933533e-01 2.083022e-16
    outer loop
      vertex   -6.746087e+00 1.197049e+00 1.300000e+01
      vertex   -6.435427e+00 1.435427e+00 1.125000e+01
      vertex   -6.746087e+00 1.197049e+00 1.125000e+01
    endloop
  endfacet
  facet normal -3.826834e-01 9.238795e-01 7.699926e-17
    outer loop
      vertex   -6.746087e+00 1.197049e+00 1.300000e+01
      vertex   -6.746087e+00 1.197049e+00 1.125000e+01
      vertex   -7.107858e+00 1.047198e+00 1.300000e+01
    endloop
  endfacet
  facet normal -3.826834e-01 9.238795e-01 -1.574493e-16
    outer loop
      vertex   -7.107858e+00 1.047198e+00 1.300000e+01
      vertex   -6.746087e+00 1.197049e+00 1.125000e+01
      vertex   -7.107858e+00 1.047198e+00 1.125000e+01
    endloop
  endfacet
  facet normal -1.305262e-01 9.914449e-01 -3.111454e-16
    outer loop
      vertex   -7.107858e+00 1.047198e+00 1.300000e+01
      vertex   -7.107858e+00 1.047198e+00 1.125000e+01
      vertex   -7.496087e+00 9.960869e-01 1.300000e+01
    endloop
  endfacet
  facet normal -1.305262e-01 9.914449e-01 0.000000e+00
    outer loop
      vertex   -7.496087e+00 9.960869e-01 1.300000e+01
      vertex   -7.107858e+00 1.047198e+00 1.125000e+01
      vertex   -7.496087e+00 9.960869e-01 1.125000e+01
    endloop
  endfacet
  facet normal 1.305262e-01 9.914449e-01 0.000000e+00
    outer loop
      vertex   -7.496087e+00 9.960869e-01 1.300000e+01
      vertex   -7.496087e+00 9.960869e-01 1.125000e+01
      vertex   -7.884316e+00 1.047198e+00 1.300000e+01
    endloop
  endfacet
  facet normal 1.305262e-01 9.914449e-01 0.000000e+00
    outer loop
      vertex   -7.884316e+00 1.047198e+00 1.300000e+01
      vertex   -7.496087e+00 9.960869e-01 1.125000e+01
      vertex   -7.884316e+00 1.047198e+00 1.125000e+01
    endloop
  endfacet
  facet normal 3.826834e-01 9.238795e-01 0.000000e+00
    outer loop
      vertex   -7.884316e+00 1.047198e+00 1.300000e+01
      vertex   -7.884316e+00 1.047198e+00 1.125000e+01
      vertex   -8.246087e+00 1.197049e+00 1.300000e+01
    endloop
  endfacet
  facet normal 3.826834e-01 9.238795e-01 4.688971e-16
    outer loop
      vertex   -8.246087e+00 1.197049e+00 1.300000e+01
      vertex   -7.884316e+00 1.047198e+00 1.125000e+01
      vertex   -8.246087e+00 1.197049e+00 1.125000e+01
    endloop
  endfacet
  facet normal 6.087614e-01 7.933533e-01 4.026510e-16
    outer loop
      vertex   -8.246087e+00 1.197049e+00 1.300000e+01
      vertex   -8.246087e+00 1.197049e+00 1.125000e+01
      vertex   -8.556747e+00 1.435427e+00 1.300000e+01
    endloop
  endfacet
  facet normal 6.087614e-01 7.933533e-01 0.000000e+00
    outer loop
      vertex   -8.556747e+00 1.435427e+00 1.300000e+01
      vertex   -8.246087e+00 1.197049e+00 1.125000e+01
      vertex   -8.556747e+00 1.435427e+00 1.125000e+01
    endloop
  endfacet
  facet normal 7.933533e-01 6.087614e-01 0.000000e+00
    outer loop
      vertex   -8.556747e+00 1.435427e+00 1.300000e+01
      vertex   -8.556747e+00 1.435427e+00 1.125000e+01
      vertex   -8.795125e+00 1.746087e+00 1.300000e+01
    endloop
  endfacet
  facet normal 7.933533e-01 6.087614e-01 3.089650e-16
    outer loop
      vertex   -8.795125e+00 1.746087e+00 1.300000e+01
      vertex   -8.556747e+00 1.435427e+00 1.125000e+01
      vertex   -8.795125e+00 1.746087e+00 1.125000e+01
    endloop
  endfacet
  facet normal 9.238795e-01 3.826834e-01 1.942235e-16
    outer loop
      vertex   -8.795125e+00 1.746087e+00 1.300000e+01
      vertex   -8.795125e+00 1.746087e+00 1.125000e+01
      vertex   -8.944976e+00 2.107858e+00 1.300000e+01
    endloop
  endfacet
  facet normal 9.238795e-01 3.826834e-01 -8.406824e-16
    outer loop
      vertex   -8.944976e+00 2.107858e+00 1.300000e+01
      vertex   -8.795125e+00 1.746087e+00 1.125000e+01
      vertex   -8.944976e+00 2.107858e+00 1.125000e+01
    endloop
  endfacet
  facet normal 9.951847e-01 9.801714e-02 0.000000e+00
    outer loop
      vertex   -5.000000e+00 5.700000e+01 1.300000e+01
      vertex   -5.000000e+00 5.700000e+01 1.100000e+01
      vertex   -5.057644e+00 5.758527e+01 1.300000e+01
    endloop
  endfacet
  facet normal 9.951847e-01 9.801714e-02 0.000000e+00
    outer loop
      vertex   -5.057644e+00 5.758527e+01 1.300000e+01
      vertex   -5.000000e+00 5.700000e+01 1.100000e+01
      vertex   -5.057644e+00 5.758527e+01 1.100000e+01
    endloop
  endfacet
  facet normal 9.569403e-01 2.902847e-01 0.000000e+00
    outer loop
      vertex   -5.057644e+00 5.758527e+01 1.300000e+01
      vertex   -5.057644e+00 5.758527e+01 1.100000e+01
      vertex   -5.228361e+00 5.814805e+01 1.300000e+01
    endloop
  endfacet
  facet normal 9.569403e-01 2.902847e-01 0.000000e+00
    outer loop
      vertex   -5.228361e+00 5.814805e+01 1.300000e+01
      vertex   -5.057644e+00 5.758527e+01 1.100000e+01
      vertex   -5.228361e+00 5.814805e+01 1.100000e+01
    endloop
  endfacet
  facet normal 8.819213e-01 4.713967e-01 0.000000e+00
    outer loop
      vertex   -5.228361e+00 5.814805e+01 1.300000e+01
      vertex   -5.228361e+00 5.814805e+01 1.100000e+01
      vertex   -5.505591e+00 5.866671e+01 1.300000e+01
    endloop
  endfacet
  facet normal 8.819213e-01 4.713967e-01 0.000000e+00
    outer loop
      vertex   -5.505591e+00 5.866671e+01 1.300000e+01
      vertex   -5.228361e+00 5.814805e+01 1.100000e+01
      vertex   -5.505591e+00 5.866671e+01 1.100000e+01
    endloop
  endfacet
  facet normal 7.730105e-01 6.343933e-01 0.000000e+00
    outer loop
      vertex   -5.505591e+00 5.866671e+01 1.300000e+01
      vertex   -5.505591e+00 5.866671e+01 1.100000e+01
      vertex   -5.878680e+00 5.912132e+01 1.300000e+01
    endloop
  endfacet
  facet normal 7.730105e-01 6.343933e-01 0.000000e+00
    outer loop
      vertex   -5.878680e+00 5.912132e+01 1.300000e+01
      vertex   -5.505591e+00 5.866671e+01 1.100000e+01
      vertex   -5.878680e+00 5.912132e+01 1.100000e+01
    endloop
  endfacet
  facet normal 6.343933e-01 7.730105e-01 0.000000e+00
    outer loop
      vertex   -5.878680e+00 5.912132e+01 1.300000e+01
      vertex   -5.878680e+00 5.912132e+01 1.100000e+01
      vertex   -6.333289e+00 5.949441e+01 1.300000e+01
    endloop
  endfacet
  facet normal 6.343933e-01 7.730105e-01 0.000000e+00
    outer loop
      vertex   -6.333289e+00 5.949441e+01 1.300000e+01
      vertex   -5.878680e+00 5.912132e+01 1.100000e+01
      vertex   -6.333289e+00 5.949441e+01 1.100000e+01
    endloop
  endfacet
  facet normal 4.713967e-01 8.819213e-01 0.000000e+00
    outer loop
      vertex   -6.333289e+00 5.949441e+01 1.300000e+01
      vertex   -6.333289e+00 5.949441e+01 1.100000e+01
      vertex   -6.851950e+00 5.977164e+01 1.300000e+01
    endloop
  endfacet
  facet normal 4.713967e-01 8.819213e-01 0.000000e+00
    outer loop
      vertex   -6.851950e+00 5.977164e+01 1.300000e+01
      vertex   -6.333289e+00 5.949441e+01 1.100000e+01
      vertex   -6.851950e+00 5.977164e+01 1.100000e+01
    endloop
  endfacet
  facet normal 2.902847e-01 9.569403e-01 0.000000e+00
    outer loop
      vertex   -6.851950e+00 5.977164e+01 1.300000e+01
      vertex   -6.851950e+00 5.977164e+01 1.100000e+01
      vertex   -7.414729e+00 5.994236e+01 1.300000e+01
    endloop
  endfacet
  facet normal 2.902847e-01 9.569403e-01 0.000000e+00
    outer loop
      vertex   -7.414729e+00 5.994236e+01 1.300000e+01
      vertex   -6.851950e+00 5.977164e+01 1.100000e+01
      vertex   -7.414729e+00 5.994236e+01 1.100000e+01
    endloop
  endfacet
  facet normal 9.801714e-02 9.951847e-01 0.000000e+00
    outer loop
      vertex   -7.414729e+00 5.994236e+01 1.300000e+01
      vertex   -7.414729e+00 5.994236e+01 1.100000e+01
      vertex   -8.000000e+00 6.000000e+01 1.300000e+01
    endloop
  endfacet
  facet normal 9.801714e-02 9.951847e-01 0.000000e+00
    outer loop
      vertex   -8.000000e+00 6.000000e+01 1.300000e+01
      vertex   -7.414729e+00 5.994236e+01 1.100000e+01
      vertex   -8.000000e+00 6.000000e+01 1.100000e+01
    endloop
  endfacet
  facet normal 0.000000e+00 1.000000e+00 -0.000000e+00
    outer loop
      vertex   -8.000000e+00 6.000000e+01 1.100000e+01
      vertex   -8.200000e+01 6.000000e+01 1.100000e+01
      vertex   -8.000000e+00 6.000000e+01 1.300000e+01
    endloop
  endfacet
  facet normal 0.000000e+00 1.000000e+00 0.000000e+00
    outer loop
      vertex   -8.000000e+00 6.000000e+01 1.300000e+01
      vertex   -8.200000e+01 6.000000e+01 1.100000e+01
      vertex   -8.200000e+01 6.000000e+01 1.300000e+01
    endloop
  endfacet
  facet normal -9.801714e-02 9.951847e-01 0.000000e+00
    outer loop
      vertex   -8.200000e+01 6.000000e+01 1.300000e+01
      vertex   -8.200000e+01 6.000000e+01 1.100000e+01
      vertex   -8.258527e+01 5.994236e+01 1.300000e+01
    endloop
  endfacet
  facet normal -9.801714e-02 9.951847e-01 0.000000e+00
    outer loop
      vertex   -8.258527e+01 5.994236e+01 1.300000e+01
      vertex   -8.200000e+01 6.000000e+01 1.100000e+01
      vertex   -8.258527e+01 5.994236e+01 1.100000e+01
    endloop
  endfacet
  facet normal -2.902847e-01 9.569403e-01 0.000000e+00
    outer loop
      vertex   -8.258527e+01 5.994236e+01 1.300000e+01
      vertex   -8.258527e+01 5.994236e+01 1.100000e+01
      vertex   -8.314805e+01 5.977164e+01 1.300000e+01
    endloop
  endfacet
  facet normal -2.902847e-01 9.569403e-01 0.000000e+00
    outer loop
      vertex   -8.314805e+01 5.977164e+01 1.300000e+01
      vertex   -8.258527e+01 5.994236e+01 1.100000e+01
      vertex   -8.314805e+01 5.977164e+01 1.100000e+01
    endloop
  endfacet
  facet normal -4.713967e-01 8.819213e-01 0.000000e+00
    outer loop
      vertex   -8.314805e+01 5.977164e+01 1.300000e+01
      vertex   -8.314805e+01 5.977164e+01 1.100000e+01
      vertex   -8.366671e+01 5.949441e+01 1.300000e+01
    endloop
  endfacet
  facet normal -4.713967e-01 8.819213e-01 0.000000e+00
    outer loop
      vertex   -8.366671e+01 5.949441e+01 1.300000e+01
      vertex   -8.314805e+01 5.977164e+01 1.100000e+01
      vertex   -8.366671e+01 5.949441e+01 1.100000e+01
    endloop
  endfacet
  facet normal -6.343933e-01 7.730105e-01 0.000000e+00
    outer loop
      vertex   -8.366671e+01 5.949441e+01 1.300000e+01
      vertex   -8.366671e+01 5.949441e+01 1.100000e+01
      vertex   -8.412132e+01 5.912132e+01 1.300000e+01
    endloop
  endfacet
  facet normal -6.343933e-01 7.730105e-01 0.000000e+00
    outer loop
      vertex   -8.412132e+01 5.912132e+01 1.300000e+01
      vertex   -8.366671e+01 5.949441e+01 1.100000e+01
      vertex   -8.412132e+01 5.912132e+01 1.100000e+01
    endloop
  endfacet
  facet normal -7.730105e-01 6.343933e-01 0.000000e+00
    outer loop
      vertex   -8.412132e+01 5.912132e+01 1.300000e+01
      vertex   -8.412132e+01 5.912132e+01 1.100000e+01
      vertex   -8.449441e+01 5.866671e+01 1.300000e+01
    endloop
  endfacet
  facet normal -7.730105e-01 6.343933e-01 0.000000e+00
    outer loop
      vertex   -8.449441e+01 5.866671e+01 1.300000e+01
      vertex   -8.412132e+01 5.912132e+01 1.100000e+01
      vertex   -8.449441e+01 5.866671e+01 1.100000e+01
    endloop
  endfacet
  facet normal -8.819213e-01 4.713967e-01 0.000000e+00
    outer loop
      vertex   -8.449441e+01 5.866671e+01 1.300000e+01
      vertex   -8.449441e+01 5.866671e+01 1.100000e+01
      vertex   -8.477164e+01 5.814805e+01 1.300000e+01
    endloop
  endfacet
  facet normal -8.819213e-01 4.713967e-01 0.000000e+00
    outer loop
      vertex   -8.477164e+01 5.814805e+01 1.300000e+01
      vertex   -8.449441e+01 5.866671e+01 1.100000e+01
      vertex   -8.477164e+01 5.814805e+01 1.100000e+01
    endloop
  endfacet
  facet normal -9.569403e-01 2.902847e-01 0.000000e+00
    outer loop
      vertex   -8.477164e+01 5.814805e+01 1.300000e+01
      vertex   -8.477164e+01 5.814805e+01 1.100000e+01
      vertex   -8.494236e+01 5.758527e+01 1.300000e+01
    endloop
  endfacet
  facet normal -9.569403e-01 2.902847e-01 0.000000e+00
    outer loop
      vertex   -8.494236e+01 5.758527e+01 1.300000e+01
      vertex   -8.477164e+01 5.814805e+01 1.100000e+01
      vertex   -8.494236e+01 5.758527e+01 1.100000e+01
    endloop
  endfacet
  facet normal -9.951847e-01 9.801714e-02 0.000000e+00
    outer loop
      vertex   -8.494236e+01 5.758527e+01 1.300000e+01
      vertex   -8.494236e+01 5.758527e+01 1.100000e+01
      vertex   -8.500000e+01 5.700000e+01 1.300000e+01
    endloop
  endfacet
  facet normal -9.951847e-01 9.801714e-02 0.000000e+00
    outer loop
      vertex   -8.500000e+01 5.700000e+01 1.300000e+01
      vertex   -8.494236e+01 5.758527e+01 1.100000e+01
      vertex   -8.500000e+01 5.700000e+01 1.100000e+01
    endloop
  endfacet
  facet normal -1.000000e+00 0.000000e+00 0.000000e+00
    outer loop
      vertex   -8.500000e+01 5.700000e+01 1.100000e+01
      vertex   -8.500000e+01 3.000000e+00 1.100000e+01
      vertex   -8.500000e+01 5.700000e+01 1.300000e+01
    endloop
  endfacet
  facet normal -1.000000e+00 -0.000000e+00 0.000000e+00
    outer loop
      vertex   -8.500000e+01 5.700000e+01 1.300000e+01
      vertex   -8.500000e+01 3.000000e+00 1.100000e+01
      vertex   -8.500000e+01 3.000000e+00 1.300000e+01
    endloop
  endfacet
  facet normal 9.801714e-02 -9.951847e-01 0.000000e+00
    outer loop
      vertex   -8.000000e+00 0.000000e+00 1.300000e+01
      vertex   -8.000000e+00 0.000000e+00 1.100000e+01
      vertex   -7.414729e+00 5.764416e-02 1.300000e+01
    endloop
  endfacet
  facet normal 9.801714e-02 -9.951847e-01 2.552646e-17
    outer loop
      vertex   -7.414729e+00 5.764416e-02 1.300000e+01
      vertex   -8.000000e+00 0.000000e+00 1.100000e+01
      vertex   -7.414729e+00 5.764416e-02 1.100000e+01
    endloop
  endfacet
  facet normal 2.902847e-01 -9.569403e-01 -6.251122e-17
    outer loop
      vertex   -7.414729e+00 5.764416e-02 1.300000e+01
      vertex   -7.414729e+00 5.764416e-02 1.100000e+01
      vertex   -6.851950e+00 2.283614e-01 1.300000e+01
    endloop
  endfacet
  facet normal 2.902847e-01 -9.569403e-01 1.328021e-16
    outer loop
      vertex   -6.851950e+00 2.283614e-01 1.300000e+01
      vertex   -7.414729e+00 5.764416e-02 1.100000e+01
      vertex   -6.851950e+00 2.283614e-01 1.100000e+01
    endloop
  endfacet
  facet normal 4.713967e-01 -8.819213e-01 1.223912e-16
    outer loop
      vertex   -6.851950e+00 2.283614e-01 1.300000e+01
      vertex   -6.851950e+00 2.283614e-01 1.100000e+01
      vertex   -6.333289e+00 5.055912e-01 1.300000e+01
    endloop
  endfacet
  facet normal 4.713967e-01 -8.819213e-01 9.791293e-17
    outer loop
      vertex   -6.333289e+00 5.055912e-01 1.300000e+01
      vertex   -6.851950e+00 2.283614e-01 1.100000e+01
      vertex   -6.333289e+00 5.055912e-01 1.100000e+01
    endloop
  endfacet
  facet normal 6.343933e-01 -7.730105e-01 8.582140e-17
    outer loop
      vertex   -6.333289e+00 5.055912e-01 1.300000e+01
      vertex   -6.333289e+00 5.055912e-01 1.100000e+01
      vertex   -5.878680e+00 8.786797e-01 1.300000e+01
    endloop
  endfacet
  facet normal 6.343933e-01 -7.730105e-01 8.582140e-17
    outer loop
      vertex   -5.878680e+00 8.786797e-01 1.300000e+01
      vertex   -6.333289e+00 5.055912e-01 1.100000e+01
      vertex   -5.878680e+00 8.786797e-01 1.100000e+01
    endloop
  endfacet
  facet normal 7.730105e-01 -6.343933e-01 7.043180e-17
    outer loop
      vertex   -5.878680e+00 8.786797e-01 1.300000e+01
      vertex   -5.878680e+00 8.786797e-01 1.100000e+01
      vertex   -5.505591e+00 1.333289e+00 1.300000e+01
    endloop
  endfacet
  facet normal 7.730105e-01 -6.343933e-01 0.000000e+00
    outer loop
      vertex   -5.505591e+00 1.333289e+00 1.300000e+01
      vertex   -5.878680e+00 8.786797e-01 1.100000e+01
      vertex   -5.505591e+00 1.333289e+00 1.100000e+01
    endloop
  endfacet
  facet normal 8.819213e-01 -4.713967e-01 0.000000e+00
    outer loop
      vertex   -5.505591e+00 1.333289e+00 1.300000e+01
      vertex   -5.505591e+00 1.333289e+00 1.100000e+01
      vertex   -5.228361e+00 1.851950e+00 1.300000e+01
    endloop
  endfacet
  facet normal 8.819213e-01 -4.713967e-01 1.570067e-16
    outer loop
      vertex   -5.228361e+00 1.851950e+00 1.300000e+01
      vertex   -5.505591e+00 1.333289e+00 1.100000e+01
      vertex   -5.228361e+00 1.851950e+00 1.100000e+01
    endloop
  endfacet
  facet normal 9.569403e-01 -2.902847e-01 9.668422e-17
    outer loop
      vertex   -5.228361e+00 1.851950e+00 1.300000e+01
      vertex   -5.228361e+00 1.851950e+00 1.100000e+01
      vertex   -5.057644e+00 2.414729e+00 1.300000e+01
    endloop
  endfacet
  facet normal 9.569403e-01 -2.902847e-01 -3.605107e-16
    outer loop
      vertex   -5.057644e+00 2.414729e+00 1.300000e+01
      vertex   -5.228361e+00 1.851950e+00 1.100000e+01
      vertex   -5.057644e+00 2.414729e+00 1.100000e+01
    endloop
  endfacet
  facet normal 9.951847e-01 -9.801714e-02 -4.201866e-16
    outer loop
      vertex   -5.057644e+00 2.414729e+00 1.300000e+01
      vertex   -5.057644e+00 2.414729e+00 1.100000e+01
      vertex   -5.000000e+00 3.000000e+00 1.300000e+01
    endloop
  endfacet
  facet normal 9.951847e-01 -9.801714e-02 0.000000e+00
    outer loop
      vertex   -5.000000e+00 3.000000e+00 1.300000e+01
      vertex   -5.057644e+00 2.414729e+00 1.100000e+01
      vertex   -5.000000e+00 3.000000e+00 1.100000e+01
    endloop
  endfacet
  facet normal -0.000000e+00 -1.000000e+00 -0.000000e+00
    outer loop
      vertex   -8.000000e+00 0.000000e+00 1.300000e+01
      vertex   -8.200000e+01 0.000000e+00 1.300000e+01
      vertex   -8.000000e+00 0.000000e+00 1.100000e+01
    endloop
  endfacet
  facet normal 0.000000e+00 -1.000000e+00 0.000000e+00
    outer loop
      vertex   -8.000000e+00 0.000000e+00 1.100000e+01
      vertex   -8.200000e+01 0.000000e+00 1.300000e+01
      vertex   -8.200000e+01 0.000000e+00 1.100000e+01
    endloop
  endfacet
  facet normal -9.951847e-01 -9.801714e-02 -0.000000e+00
    outer loop
      vertex   -8.500000e+01 3.000000e+00 1.300000e+01
      vertex   -8.500000e+01 3.000000e+00 1.100000e+01
      vertex   -8.494236e+01 2.414729e+00 1.300000e+01
    endloop
  endfacet
  facet normal -9.951847e-01 -9.801714e-02 -0.000000e+00
    outer loop
      vertex   -8.494236e+01 2.414729e+00 1.300000e+01
      vertex   -8.500000e+01 3.000000e+00 1.100000e+01
      vertex   -8.494236e+01 2.414729e+00 1.100000e+01
    endloop
  endfacet
  facet normal -9.569403e-01 -2.902847e-01 -0.000000e+00
    outer loop
      vertex   -8.494236e+01 2.414729e+00 1.300000e+01
      vertex   -8.494236e+01 2.414729e+00 1.100000e+01
      vertex   -8.477164e+01 1.851950e+00 1.300000e+01
    endloop
  endfacet
  facet normal -9.569403e-01 -2.902847e-01 -0.000000e+00
    outer loop
      vertex   -8.477164e+01 1.851950e+00 1.300000e+01
      vertex   -8.494236e+01 2.414729e+00 1.100000e+01
      vertex   -8.477164e+01 1.851950e+00 1.100000e+01
    endloop
  endfacet
  facet normal -8.819213e-01 -4.713967e-01 -0.000000e+00
    outer loop
      vertex   -8.477164e+01 1.851950e+00 1.300000e+01
      vertex   -8.477164e+01 1.851950e+00 1.100000e+01
      vertex   -8.449441e+01 1.333289e+00 1.300000e+01
    endloop
  endfacet
  facet normal -8.819213e-01 -4.713967e-01 -0.000000e+00
    outer loop
      vertex   -8.449441e+01 1.333289e+00 1.300000e+01
      vertex   -8.477164e+01 1.851950e+00 1.100000e+01
      vertex   -8.449441e+01 1.333289e+00 1.100000e+01
    endloop
  endfacet
  facet normal -7.730105e-01 -6.343933e-01 -0.000000e+00
    outer loop
      vertex   -8.449441e+01 1.333289e+00 1.300000e+01
      vertex   -8.449441e+01 1.333289e+00 1.100000e+01
      vertex   -8.412132e+01 8.786797e-01 1.300000e+01
    endloop
  endfacet
  facet normal -7.730105e-01 -6.343933e-01 -0.000000e+00
    outer loop
      vertex   -8.412132e+01 8.786797e-01 1.300000e+01
      vertex   -8.449441e+01 1.333289e+00 1.100000e+01
      vertex   -8.412132e+01 8.786797e-01 1.100000e+01
    endloop
  endfacet
  facet normal -6.343933e-01 -7.730105e-01 -0.000000e+00
    outer loop
      vertex   -8.412132e+01 8.786797e-01 1.300000e+01
      vertex   -8.412132e+01 8.786797e-01 1.100000e+01
      vertex   -8.366671e+01 5.055912e-01 1.300000e+01
    endloop
  endfacet
  facet normal -6.343933e-01 -7.730105e-01 -0.000000e+00
    outer loop
      vertex   -8.366671e+01 5.055912e-01 1.300000e+01
      vertex   -8.412132e+01 8.786797e-01 1.100000e+01
      vertex   -8.366671e+01 5.055912e-01 1.100000e+01
    endloop
  endfacet
  facet normal -4.713967e-01 -8.819213e-01 -0.000000e+00
    outer loop
      vertex   -8.366671e+01 5.055912e-01 1.300000e+01
      vertex   -8.366671e+01 5.055912e-01 1.100000e+01
      vertex   -8.314805e+01 2.283614e-01 1.300000e+01
    endloop
  endfacet
  facet normal -4.713967e-01 -8.819213e-01 -0.000000e+00
    outer loop
      vertex   -8.314805e+01 2.283614e-01 1.300000e+01
      vertex   -8.366671e+01 5.055912e-01 1.100000e+01
      vertex   -8.314805e+01 2.283614e-01 1.100000e+01
    endloop
  endfacet
  facet normal -2.902847e-01 -9.569403e-01 -0.000000e+00
    outer loop
      vertex   -8.314805e+01 2.283614e-01 1.300000e+01
      vertex   -8.314805e+01 2.283614e-01 1.100000e+01
      vertex   -8.258527e+01 5.764416e-02 1.300000e+01
    endloop
  endfacet
  facet normal -2.902847e-01 -9.569403e-01 -0.000000e+00
    outer loop
      vertex   -8.258527e+01 5.764416e-02 1.300000e+01
      vertex   -8.314805e+01 2.283614e-01 1.100000e+01
      vertex   -8.258527e+01 5.764416e-02 1.100000e+01
    endloop
  endfacet
  facet normal -9.801714e-02 -9.951847e-01 -0.000000e+00
    outer loop
      vertex   -8.258527e+01 5.764416e-02 1.300000e+01
      vertex   -8.258527e+01 5.764416e-02 1.100000e+01
      vertex   -8.200000e+01 0.000000e+00 1.300000e+01
    endloop
  endfacet
  facet normal -9.801714e-02 -9.951847e-01 -0.000000e+00
    outer loop
      vertex   -8.200000e+01 0.000000e+00 1.300000e+01
      vertex   -8.258527e+01 5.764416e-02 1.100000e+01
      vertex   -8.200000e+01 0.000000e+00 1.100000e+01
    endloop
  endfacet
  facet normal 1.000000e+00 0.000000e+00 0.000000e+00
    outer loop
      vertex   -5.000000e+00 5.700000e+01 1.300000e+01
      vertex   -5.000000e+00 3.000000e+00 1.300000e+01
      vertex   -5.000000e+00 5.700000e+01 1.100000e+01
    endloop
  endfacet
  facet normal 1.000000e+00 0.000000e+00 0.000000e+00
    outer loop
      vertex   -5.000000e+00 5.700000e+01 1.100000e+01
      vertex   -5.000000e+00 3.000000e+00 1.300000e+01
      vertex   -5.000000e+00 3.000000e+00 1.100000e+01
    endloop
  endfacet
  facet normal 0.000000e+00 0.000000e+00 1.000000e+00
    outer loop
      vertex   -8.394889e+01 2.938229e+00 1.300000e+01
      vertex   -8.500000e+01 3.000000e+00 1.300000e+01
      vertex   -8.400000e+01 2.550000e+00 1.300000e+01
    endloop
  endfacet
  facet normal 0.000000e+00 0.000000e+00 1.000000e+00
    outer loop
      vertex   -8.400000e+01 2.550000e+00 1.300000e+01
      vertex   -8.500000e+01 3.000000e+00 1.300000e+01
      vertex   -8.494236e+01 2.414729e+00 1.300000e+01
    endloop
  endfacet
  facet normal 0.000000e+00 0.000000e+00 1.000000e+00
    outer loop
      vertex   -8.400000e+01 2.550000e+00 1.300000e+01
      vertex   -8.494236e+01 2.414729e+00 1.300000e+01
      vertex   -8.394889e+01 2.161771e+00 1.300000e+01
    endloop
  endfacet
  facet normal 0.000000e+00 0.000000e+00 1.000000e+00
    outer loop
      vertex   -8.394889e+01 2.161771e+00 1.300000e+01
      vertex   -8.494236e+01 2.414729e+00 1.300000e+01
      vertex   -8.477164e+01 1.851950e+00 1.300000e+01
    endloop
  endfacet
  facet normal 0.000000e+00 0.000000e+00 1.000000e+00
    outer loop
      vertex   -8.394889e+01 2.161771e+00 1.300000e+01
      vertex   -8.477164e+01 1.851950e+00 1.300000e+01
      vertex   -8.379904e+01 1.800000e+00 1.300000e+01
    endloop
  endfacet
  facet normal 0.000000e+00 0.000000e+00 1.000000e+00
    outer loop
      vertex   -8.379904e+01 1.800000e+00 1.300000e+01
      vertex   -8.477164e+01 1.851950e+00 1.300000e+01
      vertex   -8.449441e+01 1.333289e+00 1.300000e+01
    endloop
  endfacet
  facet normal 0.000000e+00 0.000000e+00 1.000000e+00
    outer loop
      vertex   -8.379904e+01 1.800000e+00 1.300000e+01
      vertex   -8.449441e+01 1.333289e+00 1.300000e+01
      vertex   -8.356066e+01 1.489340e+00 1.300000e+01
    endloop
  endfacet
  facet normal 0.000000e+00 0.000000e+00 1.000000e+00
    outer loop
      vertex   -8.356066e+01 1.489340e+00 1.300000e+01
      vertex   -8.449441e+01 1.333289e+00 1.300000e+01
      vertex   -8.412132e+01 8.786797e-01 1.300000e+01
    endloop
  endfacet
  facet normal 0.000000e+00 0.000000e+00 1.000000e+00
    outer loop
      vertex   -8.356066e+01 1.489340e+00 1.300000e+01
      vertex   -8.412132e+01 8.786797e-01 1.300000e+01
      vertex   -8.325000e+01 1.250962e+00 1.300000e+01
    endloop
  endfacet
  facet normal 0.000000e+00 0.000000e+00 1.000000e+00
    outer loop
      vertex   -8.325000e+01 1.250962e+00 1.300000e+01
      vertex   -8.412132e+01 8.786797e-01 1.300000e+01
      vertex   -8.366671e+01 5.055912e-01 1.300000e+01
    endloop
  endfacet
  facet normal 0.000000e+00 0.000000e+00 1.000000e+00
    outer loop
      vertex   -8.325000e+01 1.250962e+00 1.300000e+01
      vertex   -8.366671e+01 5.055912e-01 1.300000e+01
      vertex   -8.288823e+01 1.101111e+00 1.300000e+01
    endloop
  endfacet
  facet normal 0.000000e+00 0.000000e+00 1.000000e+00
    outer loop
      vertex   -8.288823e+01 1.101111e+00 1.300000e+01
      vertex   -8.366671e+01 5.055912e-01 1.300000e+01
      vertex   -8.314805e+01 2.283614e-01 1.300000e+01
    endloop
  endfacet
  facet normal 0.000000e+00 0.000000e+00 1.000000e+00
    outer loop
      vertex   -8.288823e+01 1.101111e+00 1.300000e+01
      vertex   -8.314805e+01 2.283614e-01 1.300000e+01
      vertex   -8.250000e+01 1.050000e+00 1.300000e+01
    endloop
  endfacet
  facet normal 0.000000e+00 0.000000e+00 1.000000e+00
    outer loop
      vertex   -8.250000e+01 1.050000e+00 1.300000e+01
      vertex   -8.314805e+01 2.283614e-01 1.300000e+01
      vertex   -8.258527e+01 5.764416e-02 1.300000e+01
    endloop
  endfacet
  facet normal 0.000000e+00 0.000000e+00 1.000000e+00
    outer loop
      vertex   -8.250000e+01 1.050000e+00 1.300000e+01
      vertex   -8.258527e+01 5.764416e-02 1.300000e+01
      vertex   -8.200000e+01 0.000000e+00 1.300000e+01
    endloop
  endfacet
  facet normal 0.000000e+00 -0.000000e+00 1.000000e+00
    outer loop
      vertex   -8.394889e+01 2.938229e+00 1.300000e+01
      vertex   -8.379904e+01 3.300000e+00 1.300000e+01
      vertex   -8.500000e+01 3.000000e+00 1.300000e+01
    endloop
  endfacet
  facet normal 0.000000e+00 0.000000e+00 1.000000e+00
    outer loop
      vertex   -8.500000e+01 3.000000e+00 1.300000e+01
      vertex   -8.379904e+01 3.300000e+00 1.300000e+01
      vertex   -8.356066e+01 3.610660e+00 1.300000e+01
    endloop
  endfacet
  facet normal 0.000000e+00 0.000000e+00 1.000000e+00
    outer loop
      vertex   -8.500000e+01 3.000000e+00 1.300000e+01
      vertex   -8.356066e+01 3.610660e+00 1.300000e+01
      vertex   -8.325000e+01 3.849038e+00 1.300000e+01
    endloop
  endfacet
  facet normal 0.000000e+00 0.000000e+00 1.000000e+00
    outer loop
      vertex   -8.288823e+01 3.998889e+00 1.300000e+01
      vertex   -8.289214e+01 5.605503e+01 1.300000e+01
      vertex   -8.325000e+01 3.849038e+00 1.300000e+01
    endloop
  endfacet
  facet normal 0.000000e+00 -0.000000e+00 1.000000e+00
    outer loop
      vertex   -8.325000e+01 3.849038e+00 1.300000e+01
      vertex   -8.289214e+01 5.605503e+01 1.300000e+01
      vertex   -8.325391e+01 5.620488e+01 1.300000e+01
    endloop
  endfacet
  facet normal 0.000000e+00 0.000000e+00 1.000000e+00
    outer loop
      vertex   -8.325000e+01 3.849038e+00 1.300000e+01
      vertex   -8.325391e+01 5.620488e+01 1.300000e+01
      vertex   -8.500000e+01 5.700000e+01 1.300000e+01
    endloop
  endfacet
  facet normal 0.000000e+00 0.000000e+00 1.000000e+00
    outer loop
      vertex   -8.500000e+01 5.700000e+01 1.300000e+01
      vertex   -8.325391e+01 5.620488e+01 1.300000e+01
      vertex   -8.356457e+01 5.644325e+01 1.300000e+01
    endloop
  endfacet
  facet normal 0.000000e+00 0.000000e+00 1.000000e+00
    outer loop
      vertex   -8.500000e+01 5.700000e+01 1.300000e+01
      vertex   -8.356457e+01 5.644325e+01 1.300000e+01
      vertex   -8.380295e+01 5.675391e+01 1.300000e+01
    endloop
  endfacet
  facet normal 0.000000e+00 0.000000e+00 1.000000e+00
    outer loop
      vertex   -8.289214e+01 5.605503e+01 1.300000e+01
      vertex   -8.288823e+01 3.998889e+00 1.300000e+01
      vertex   -8.250391e+01 5.600391e+01 1.300000e+01
    endloop
  endfacet
  facet normal 0.000000e+00 0.000000e+00 1.000000e+00
    outer loop
      vertex   -8.250391e+01 5.600391e+01 1.300000e+01
      vertex   -8.288823e+01 3.998889e+00 1.300000e+01
      vertex   -8.250000e+01 4.050000e+00 1.300000e+01
    endloop
  endfacet
  facet normal -0.000000e+00 0.000000e+00 1.000000e+00
    outer loop
      vertex   -8.250391e+01 5.600391e+01 1.300000e+01
      vertex   -8.250000e+01 4.050000e+00 1.300000e+01
      vertex   -8.211569e+01 5.605503e+01 1.300000e+01
    endloop
  endfacet
  facet normal 0.000000e+00 0.000000e+00 1.000000e+00
    outer loop
      vertex   -8.211569e+01 5.605503e+01 1.300000e+01
      vertex   -8.250000e+01 4.050000e+00 1.300000e+01
      vertex   -8.211177e+01 3.998889e+00 1.300000e+01
    endloop
  endfacet
  facet normal -0.000000e+00 0.000000e+00 1.000000e+00
    outer loop
      vertex   -8.211569e+01 5.605503e+01 1.300000e+01
      vertex   -8.211177e+01 3.998889e+00 1.300000e+01
      vertex   -8.175391e+01 5.620488e+01 1.300000e+01
    endloop
  endfacet
  facet normal 0.000000e+00 0.000000e+00 1.000000e+00
    outer loop
      vertex   -8.175391e+01 5.620488e+01 1.300000e+01
      vertex   -8.211177e+01 3.998889e+00 1.300000e+01
      vertex   -8.175000e+01 3.849038e+00 1.300000e+01
    endloop
  endfacet
  facet normal -0.000000e+00 0.000000e+00 1.000000e+00
    outer loop
      vertex   -8.175391e+01 5.620488e+01 1.300000e+01
      vertex   -8.175000e+01 3.849038e+00 1.300000e+01
      vertex   -8.144325e+01 5.644325e+01 1.300000e+01
    endloop
  endfacet
  facet normal 0.000000e+00 0.000000e+00 1.000000e+00
    outer loop
      vertex   -8.144325e+01 5.644325e+01 1.300000e+01
      vertex   -8.175000e+01 3.849038e+00 1.300000e+01
      vertex   -8.143934e+01 3.610660e+00 1.300000e+01
    endloop
  endfacet
  facet normal -0.000000e+00 0.000000e+00 1.000000e+00
    outer loop
      vertex   -8.144325e+01 5.644325e+01 1.300000e+01
      vertex   -8.143934e+01 3.610660e+00 1.300000e+01
      vertex   -8.556747e+00 5.644325e+01 1.300000e+01
    endloop
  endfacet
  facet normal 0.000000e+00 0.000000e+00 1.000000e+00
    outer loop
      vertex   -8.556747e+00 5.644325e+01 1.300000e+01
      vertex   -8.143934e+01 3.610660e+00 1.300000e+01
      vertex   -8.556747e+00 3.556747e+00 1.300000e+01
    endloop
  endfacet
  facet normal 0.000000e+00 0.000000e+00 1.000000e+00
    outer loop
      vertex   -8.556747e+00 5.644325e+01 1.300000e+01
      vertex   -8.556747e+00 3.556747e+00 1.300000e+01
      vertex   -8.246087e+00 5.620488e+01 1.300000e+01
    endloop
  endfacet
  facet normal 0.000000e+00 0.000000e+00 1.000000e+00
    outer loop
      vertex   -8.246087e+00 5.620488e+01 1.300000e+01
      vertex   -8.556747e+00 3.556747e+00 1.300000e+01
      vertex   -8.246087e+00 3.795125e+00 1.300000e+01
    endloop
  endfacet
  facet normal 0.000000e+00 0.000000e+00 1.000000e+00
    outer loop
      vertex   -8.246087e+00 5.620488e+01 1.300000e+01
      vertex   -8.246087e+00 3.795125e+00 1.300000e+01
      vertex   -7.884316e+00 5.605503e+01 1.300000e+01
    endloop
  endfacet
  facet normal 0.000000e+00 0.000000e+00 1.000000e+00
    outer loop
      vertex   -7.884316e+00 5.605503e+01 1.300000e+01
      vertex   -8.246087e+00 3.795125e+00 1.300000e+01
      vertex   -7.884316e+00 3.944976e+00 1.300000e+01
    endloop
  endfacet
  facet normal 0.000000e+00 0.000000e+00 1.000000e+00
    outer loop
      vertex   -7.884316e+00 5.605503e+01 1.300000e+01
      vertex   -7.884316e+00 3.944976e+00 1.300000e+01
      vertex   -7.496087e+00 5.600391e+01 1.300000e+01
    endloop
  endfacet
  facet normal 0.000000e+00 0.000000e+00 1.000000e+00
    outer loop
      vertex   -7.496087e+00 5.600391e+01 1.300000e+01
      vertex   -7.884316e+00 3.944976e+00 1.300000e+01
      vertex   -7.496087e+00 3.996087e+00 1.300000e+01
    endloop
  endfacet
  facet normal 0.000000e+00 0.000000e+00 1.000000e+00
    outer loop
      vertex   -7.496087e+00 5.600391e+01 1.300000e+01
      vertex   -7.496087e+00 3.996087e+00 1.300000e+01
      vertex   -7.107858e+00 3.944976e+00 1.300000e+01
    endloop
  endfacet
  facet normal 0.000000e+00 0.000000e+00 1.000000e+00
    outer loop
      vertex   -8.143934e+01 3.610660e+00 1.300000e+01
      vertex   -8.120096e+01 3.300000e+00 1.300000e+01
      vertex   -8.556747e+00 3.556747e+00 1.300000e+01
    endloop
  endfacet
  facet normal 0.000000e+00 0.000000e+00 1.000000e+00
    outer loop
      vertex   -8.556747e+00 3.556747e+00 1.300000e+01
      vertex   -8.120096e+01 3.300000e+00 1.300000e+01
      vertex   -8.795125e+00 3.246087e+00 1.300000e+01
    endloop
  endfacet
  facet normal 0.000000e+00 0.000000e+00 1.000000e+00
    outer loop
      vertex   -8.795125e+00 3.246087e+00 1.300000e+01
      vertex   -8.120096e+01 3.300000e+00 1.300000e+01
      vertex   -8.105111e+01 2.938229e+00 1.300000e+01
    endloop
  endfacet
  facet normal 0.000000e+00 0.000000e+00 1.000000e+00
    outer loop
      vertex   -8.795125e+00 3.246087e+00 1.300000e+01
      vertex   -8.105111e+01 2.938229e+00 1.300000e+01
      vertex   -8.944976e+00 2.884316e+00 1.300000e+01
    endloop
  endfacet
  facet normal 0.000000e+00 0.000000e+00 1.000000e+00
    outer loop
      vertex   -8.944976e+00 2.884316e+00 1.300000e+01
      vertex   -8.105111e+01 2.938229e+00 1.300000e+01
      vertex   -8.100000e+01 2.550000e+00 1.300000e+01
    endloop
  endfacet
  facet normal 0.000000e+00 0.000000e+00 1.000000e+00
    outer loop
      vertex   -8.944976e+00 2.884316e+00 1.300000e+01
      vertex   -8.100000e+01 2.550000e+00 1.300000e+01
      vertex   -8.996087e+00 2.496087e+00 1.300000e+01
    endloop
  endfacet
  facet normal 0.000000e+00 0.000000e+00 1.000000e+00
    outer loop
      vertex   -8.996087e+00 2.496087e+00 1.300000e+01
      vertex   -8.100000e+01 2.550000e+00 1.300000e+01
      vertex   -8.105111e+01 2.161771e+00 1.300000e+01
    endloop
  endfacet
  facet normal 0.000000e+00 0.000000e+00 1.000000e+00
    outer loop
      vertex   -8.996087e+00 2.496087e+00 1.300000e+01
      vertex   -8.105111e+01 2.161771e+00 1.300000e+01
      vertex   -8.944976e+00 2.107858e+00 1.300000e+01
    endloop
  endfacet
  facet normal 0.000000e+00 0.000000e+00 1.000000e+00
    outer loop
      vertex   -8.944976e+00 2.107858e+00 1.300000e+01
      vertex   -8.105111e+01 2.161771e+00 1.300000e+01
      vertex   -8.120096e+01 1.800000e+00 1.300000e+01
    endloop
  endfacet
  facet normal 0.000000e+00 0.000000e+00 1.000000e+00
    outer loop
      vertex   -8.944976e+00 2.107858e+00 1.300000e+01
      vertex   -8.120096e+01 1.800000e+00 1.300000e+01
      vertex   -8.795125e+00 1.746087e+00 1.300000e+01
    endloop
  endfacet
  facet normal 0.000000e+00 0.000000e+00 1.000000e+00
    outer loop
      vertex   -8.795125e+00 1.746087e+00 1.300000e+01
      vertex   -8.120096e+01 1.800000e+00 1.300000e+01
      vertex   -8.200000e+01 0.000000e+00 1.300000e+01
    endloop
  endfacet
  facet normal 0.000000e+00 0.000000e+00 1.000000e+00
    outer loop
      vertex   -8.795125e+00 1.746087e+00 1.300000e+01
      vertex   -8.200000e+01 0.000000e+00 1.300000e+01
      vertex   -8.000000e+00 0.000000e+00 1.300000e+01
    endloop
  endfacet
  facet normal 0.000000e+00 0.000000e+00 1.000000e+00
    outer loop
      vertex   -8.120096e+01 1.800000e+00 1.300000e+01
      vertex   -8.143934e+01 1.489340e+00 1.300000e+01
      vertex   -8.200000e+01 0.000000e+00 1.300000e+01
    endloop
  endfacet
  facet normal 0.000000e+00 0.000000e+00 1.000000e+00
    outer loop
      vertex   -8.200000e+01 0.000000e+00 1.300000e+01
      vertex   -8.143934e+01 1.489340e+00 1.300000e+01
      vertex   -8.175000e+01 1.250962e+00 1.300000e+01
    endloop
  endfacet
  facet normal 0.000000e+00 -0.000000e+00 1.000000e+00
    outer loop
      vertex   -8.200000e+01 0.000000e+00 1.300000e+01
      vertex   -8.175000e+01 1.250962e+00 1.300000e+01
      vertex   -8.211177e+01 1.101111e+00 1.300000e+01
    endloop
  endfacet
  facet normal 0.000000e+00 0.000000e+00 1.000000e+00
    outer loop
      vertex   -8.211177e+01 1.101111e+00 1.300000e+01
      vertex   -8.250000e+01 1.050000e+00 1.300000e+01
      vertex   -8.200000e+01 0.000000e+00 1.300000e+01
    endloop
  endfacet
  facet normal 0.000000e+00 0.000000e+00 1.000000e+00
    outer loop
      vertex   -5.057644e+00 5.758527e+01 1.300000e+01
      vertex   -5.996087e+00 5.750391e+01 1.300000e+01
      vertex   -5.000000e+00 5.700000e+01 1.300000e+01
    endloop
  endfacet
  facet normal 0.000000e+00 0.000000e+00 1.000000e+00
    outer loop
      vertex   -5.000000e+00 5.700000e+01 1.300000e+01
      vertex   -5.996087e+00 5.750391e+01 1.300000e+01
      vertex   -6.047198e+00 5.711569e+01 1.300000e+01
    endloop
  endfacet
  facet normal 0.000000e+00 0.000000e+00 1.000000e+00
    outer loop
      vertex   -5.000000e+00 5.700000e+01 1.300000e+01
      vertex   -6.047198e+00 5.711569e+01 1.300000e+01
      vertex   -6.197049e+00 5.675391e+01 1.300000e+01
    endloop
  endfacet
  facet normal 0.000000e+00 -0.000000e+00 1.000000e+00
    outer loop
      vertex   -5.996087e+00 5.750391e+01 1.300000e+01
      vertex   -5.057644e+00 5.758527e+01 1.300000e+01
      vertex   -6.047198e+00 5.789214e+01 1.300000e+01
    endloop
  endfacet
  facet normal -0.000000e+00 0.000000e+00 1.000000e+00
    outer loop
      vertex   -6.047198e+00 5.789214e+01 1.300000e+01
      vertex   -5.057644e+00 5.758527e+01 1.300000e+01
      vertex   -5.228361e+00 5.814805e+01 1.300000e+01
    endloop
  endfacet
  facet normal 0.000000e+00 -0.000000e+00 1.000000e+00
    outer loop
      vertex   -6.047198e+00 5.789214e+01 1.300000e+01
      vertex   -5.228361e+00 5.814805e+01 1.300000e+01
      vertex   -6.197049e+00 5.825391e+01 1.300000e+01
    endloop
  endfacet
  facet normal -0.000000e+00 0.000000e+00 1.000000e+00
    outer loop
      vertex   -6.197049e+00 5.825391e+01 1.300000e+01
      vertex   -5.228361e+00 5.814805e+01 1.300000e+01
      vertex   -5.505591e+00 5.866671e+01 1.300000e+01
    endloop
  endfacet
  facet normal 0.000000e+00 -0.000000e+00 1.000000e+00
    outer loop
      vertex   -6.197049e+00 5.825391e+01 1.300000e+01
      vertex   -5.505591e+00 5.866671e+01 1.300000e+01
      vertex   -6.435427e+00 5.856457e+01 1.300000e+01
    endloop
  endfacet
  facet normal 0.000000e+00 0.000000e+00 1.000000e+00
    outer loop
      vertex   -6.435427e+00 5.856457e+01 1.300000e+01
      vertex   -5.505591e+00 5.866671e+01 1.300000e+01
      vertex   -5.878680e+00 5.912132e+01 1.300000e+01
    endloop
  endfacet
  facet normal 0.000000e+00 -0.000000e+00 1.000000e+00
    outer loop
      vertex   -6.435427e+00 5.856457e+01 1.300000e+01
      vertex   -5.878680e+00 5.912132e+01 1.300000e+01
      vertex   -6.746087e+00 5.880295e+01 1.300000e+01
    endloop
  endfacet
  facet normal 0.000000e+00 0.000000e+00 1.000000e+00
    outer loop
      vertex   -6.746087e+00 5.880295e+01 1.300000e+01
      vertex   -5.878680e+00 5.912132e+01 1.300000e+01
      vertex   -6.333289e+00 5.949441e+01 1.300000e+01
    endloop
  endfacet
  facet normal 0.000000e+00 -0.000000e+00 1.000000e+00
    outer loop
      vertex   -6.746087e+00 5.880295e+01 1.300000e+01
      vertex   -6.333289e+00 5.949441e+01 1.300000e+01
      vertex   -7.107858e+00 5.895280e+01 1.300000e+01
    endloop
  endfacet
  facet normal 0.000000e+00 0.000000e+00 1.000000e+00
    outer loop
      vertex   -7.107858e+00 5.895280e+01 1.300000e+01
      vertex   -6.333289e+00 5.949441e+01 1.300000e+01
      vertex   -6.851950e+00 5.977164e+01 1.300000e+01
    endloop
  endfacet
  facet normal 0.000000e+00 -0.000000e+00 1.000000e+00
    outer loop
      vertex   -7.107858e+00 5.895280e+01 1.300000e+01
      vertex   -6.851950e+00 5.977164e+01 1.300000e+01
      vertex   -7.496087e+00 5.900391e+01 1.300000e+01
    endloop
  endfacet
  facet normal 0.000000e+00 0.000000e+00 1.000000e+00
    outer loop
      vertex   -7.496087e+00 5.900391e+01 1.300000e+01
      vertex   -6.851950e+00 5.977164e+01 1.300000e+01
      vertex   -7.414729e+00 5.994236e+01 1.300000e+01
    endloop
  endfacet
  facet normal 0.000000e+00 -0.000000e+00 1.000000e+00
    outer loop
      vertex   -7.496087e+00 5.900391e+01 1.300000e+01
      vertex   -7.414729e+00 5.994236e+01 1.300000e+01
      vertex   -8.000000e+00 6.000000e+01 1.300000e+01
    endloop
  endfacet
  facet normal -0.000000e+00 0.000000e+00 1.000000e+00
    outer loop
      vertex   -8.200000e+01 6.000000e+01 1.300000e+01
      vertex   -8.795125e+00 5.825391e+01 1.300000e+01
      vertex   -8.000000e+00 6.000000e+01 1.300000e+01
    endloop
  endfacet
  facet normal 0.000000e+00 0.000000e+00 1.000000e+00
    outer loop
      vertex   -8.000000e+00 6.000000e+01 1.300000e+01
      vertex   -8.795125e+00 5.825391e+01 1.300000e+01
      vertex   -8.556747e+00 5.856457e+01 1.300000e+01
    endloop
  endfacet
  facet normal 0.000000e+00 0.000000e+00 1.000000e+00
    outer loop
      vertex   -8.000000e+00 6.000000e+01 1.300000e+01
      vertex   -8.556747e+00 5.856457e+01 1.300000e+01
      vertex   -8.246087e+00 5.880295e+01 1.300000e+01
    endloop
  endfacet
  facet normal -0.000000e+00 0.000000e+00 1.000000e+00
    outer loop
      vertex   -8.258527e+01 5.994236e+01 1.300000e+01
      vertex   -8.250391e+01 5.900391e+01 1.300000e+01
      vertex   -8.200000e+01 6.000000e+01 1.300000e+01
    endloop
  endfacet
  facet normal 0.000000e+00 0.000000e+00 1.000000e+00
    outer loop
      vertex   -8.200000e+01 6.000000e+01 1.300000e+01
      vertex   -8.250391e+01 5.900391e+01 1.300000e+01
      vertex   -8.211569e+01 5.895280e+01 1.300000e+01
    endloop
  endfacet
  facet normal 0.000000e+00 0.000000e+00 1.000000e+00
    outer loop
      vertex   -8.200000e+01 6.000000e+01 1.300000e+01
      vertex   -8.211569e+01 5.895280e+01 1.300000e+01
      vertex   -8.175391e+01 5.880295e+01 1.300000e+01
    endloop
  endfacet
  facet normal 0.000000e+00 0.000000e+00 1.000000e+00
    outer loop
      vertex   -8.258527e+01 5.994236e+01 1.300000e+01
      vertex   -8.314805e+01 5.977164e+01 1.300000e+01
      vertex   -8.250391e+01 5.900391e+01 1.300000e+01
    endloop
  endfacet
  facet normal 0.000000e+00 0.000000e+00 1.000000e+00
    outer loop
      vertex   -8.250391e+01 5.900391e+01 1.300000e+01
      vertex   -8.314805e+01 5.977164e+01 1.300000e+01
      vertex   -8.289214e+01 5.895280e+01 1.300000e+01
    endloop
  endfacet
  facet normal 0.000000e+00 0.000000e+00 1.000000e+00
    outer loop
      vertex   -8.289214e+01 5.895280e+01 1.300000e+01
      vertex   -8.314805e+01 5.977164e+01 1.300000e+01
      vertex   -8.366671e+01 5.949441e+01 1.300000e+01
    endloop
  endfacet
  facet normal 0.000000e+00 0.000000e+00 1.000000e+00
    outer loop
      vertex   -8.289214e+01 5.895280e+01 1.300000e+01
      vertex   -8.366671e+01 5.949441e+01 1.300000e+01
      vertex   -8.325391e+01 5.880295e+01 1.300000e+01
    endloop
  endfacet
  facet normal 0.000000e+00 0.000000e+00 1.000000e+00
    outer loop
      vertex   -8.325391e+01 5.880295e+01 1.300000e+01
      vertex   -8.366671e+01 5.949441e+01 1.300000e+01
      vertex   -8.412132e+01 5.912132e+01 1.300000e+01
    endloop
  endfacet
  facet normal 0.000000e+00 0.000000e+00 1.000000e+00
    outer loop
      vertex   -8.325391e+01 5.880295e+01 1.300000e+01
      vertex   -8.412132e+01 5.912132e+01 1.300000e+01
      vertex   -8.356457e+01 5.856457e+01 1.300000e+01
    endloop
  endfacet
  facet normal 0.000000e+00 0.000000e+00 1.000000e+00
    outer loop
      vertex   -8.356457e+01 5.856457e+01 1.300000e+01
      vertex   -8.412132e+01 5.912132e+01 1.300000e+01
      vertex   -8.449441e+01 5.866671e+01 1.300000e+01
    endloop
  endfacet
  facet normal 0.000000e+00 0.000000e+00 1.000000e+00
    outer loop
      vertex   -8.356457e+01 5.856457e+01 1.300000e+01
      vertex   -8.449441e+01 5.866671e+01 1.300000e+01
      vertex   -8.380295e+01 5.825391e+01 1.300000e+01
    endloop
  endfacet
  facet normal 0.000000e+00 0.000000e+00 1.000000e+00
    outer loop
      vertex   -8.380295e+01 5.825391e+01 1.300000e+01
      vertex   -8.449441e+01 5.866671e+01 1.300000e+01
      vertex   -8.477164e+01 5.814805e+01 1.300000e+01
    endloop
  endfacet
  facet normal 0.000000e+00 0.000000e+00 1.000000e+00
    outer loop
      vertex   -8.380295e+01 5.825391e+01 1.300000e+01
      vertex   -8.477164e+01 5.814805e+01 1.300000e+01
      vertex   -8.395280e+01 5.789214e+01 1.300000e+01
    endloop
  endfacet
  facet normal 0.000000e+00 0.000000e+00 1.000000e+00
    outer loop
      vertex   -8.395280e+01 5.789214e+01 1.300000e+01
      vertex   -8.477164e+01 5.814805e+01 1.300000e+01
      vertex   -8.494236e+01 5.758527e+01 1.300000e+01
    endloop
  endfacet
  facet normal 0.000000e+00 0.000000e+00 1.000000e+00
    outer loop
      vertex   -8.395280e+01 5.789214e+01 1.300000e+01
      vertex   -8.494236e+01 5.758527e+01 1.300000e+01
      vertex   -8.400391e+01 5.750391e+01 1.300000e+01
    endloop
  endfacet
  facet normal 0.000000e+00 0.000000e+00 1.000000e+00
    outer loop
      vertex   -8.400391e+01 5.750391e+01 1.300000e+01
      vertex   -8.494236e+01 5.758527e+01 1.300000e+01
      vertex   -8.500000e+01 5.700000e+01 1.300000e+01
    endloop
  endfacet
  facet normal 0.000000e+00 0.000000e+00 1.000000e+00
    outer loop
      vertex   -8.400391e+01 5.750391e+01 1.300000e+01
      vertex   -8.500000e+01 5.700000e+01 1.300000e+01
      vertex   -8.395280e+01 5.711569e+01 1.300000e+01
    endloop
  endfacet
  facet normal 0.000000e+00 0.000000e+00 1.000000e+00
    outer loop
      vertex   -8.395280e+01 5.711569e+01 1.300000e+01
      vertex   -8.500000e+01 5.700000e+01 1.300000e+01
      vertex   -8.380295e+01 5.675391e+01 1.300000e+01
    endloop
  endfacet
  facet normal 0.000000e+00 0.000000e+00 1.000000e+00
    outer loop
      vertex   -8.500000e+01 5.700000e+01 1.300000e+01
      vertex   -8.500000e+01 3.000000e+00 1.300000e+01
      vertex   -8.325000e+01 3.849038e+00 1.300000e+01
    endloop
  endfacet
  facet normal 0.000000e+00 0.000000e+00 1.000000e+00
    outer loop
      vertex   -7.414729e+00 5.764416e-02 1.300000e+01
      vertex   -7.496087e+00 9.960869e-01 1.300000e+01
      vertex   -8.000000e+00 0.000000e+00 1.300000e+01
    endloop
  endfacet
  facet normal 0.000000e+00 0.000000e+00 1.000000e+00
    outer loop
      vertex   -8.000000e+00 0.000000e+00 1.300000e+01
      vertex   -7.496087e+00 9.960869e-01 1.300000e+01
      vertex   -7.884316e+00 1.047198e+00 1.300000e+01
    endloop
  endfacet
  facet normal 0.000000e+00 -0.000000e+00 1.000000e+00
    outer loop
      vertex   -8.000000e+00 0.000000e+00 1.300000e+01
      vertex   -7.884316e+00 1.047198e+00 1.300000e+01
      vertex   -8.246087e+00 1.197049e+00 1.300000e+01
    endloop
  endfacet
  facet normal 0.000000e+00 -0.000000e+00 1.000000e+00
    outer loop
      vertex   -7.414729e+00 5.764416e-02 1.300000e+01
      vertex   -6.851950e+00 2.283614e-01 1.300000e+01
      vertex   -7.496087e+00 9.960869e-01 1.300000e+01
    endloop
  endfacet
  facet normal -0.000000e+00 0.000000e+00 1.000000e+00
    outer loop
      vertex   -7.496087e+00 9.960869e-01 1.300000e+01
      vertex   -6.851950e+00 2.283614e-01 1.300000e+01
      vertex   -7.107858e+00 1.047198e+00 1.300000e+01
    endloop
  endfacet
  facet normal 0.000000e+00 0.000000e+00 1.000000e+00
    outer loop
      vertex   -7.107858e+00 1.047198e+00 1.300000e+01
      vertex   -6.851950e+00 2.283614e-01 1.300000e+01
      vertex   -6.333289e+00 5.055912e-01 1.300000e+01
    endloop
  endfacet
  facet normal -0.000000e+00 0.000000e+00 1.000000e+00
    outer loop
      vertex   -7.107858e+00 1.047198e+00 1.300000e+01
      vertex   -6.333289e+00 5.055912e-01 1.300000e+01
      vertex   -6.746087e+00 1.197049e+00 1.300000e+01
    endloop
  endfacet
  facet normal 0.000000e+00 0.000000e+00 1.000000e+00
    outer loop
      vertex   -6.746087e+00 1.197049e+00 1.300000e+01
      vertex   -6.333289e+00 5.055912e-01 1.300000e+01
      vertex   -5.878680e+00 8.786797e-01 1.300000e+01
    endloop
  endfacet
  facet normal -0.000000e+00 0.000000e+00 1.000000e+00
    outer loop
      vertex   -6.746087e+00 1.197049e+00 1.300000e+01
      vertex   -5.878680e+00 8.786797e-01 1.300000e+01
      vertex   -6.435427e+00 1.435427e+00 1.300000e+01
    endloop
  endfacet
  facet normal 0.000000e+00 0.000000e+00 1.000000e+00
    outer loop
      vertex   -6.435427e+00 1.435427e+00 1.300000e+01
      vertex   -5.878680e+00 8.786797e-01 1.300000e+01
      vertex   -5.505591e+00 1.333289e+00 1.300000e+01
    endloop
  endfacet
  facet normal -0.000000e+00 0.000000e+00 1.000000e+00
    outer loop
      vertex   -6.435427e+00 1.435427e+00 1.300000e+01
      vertex   -5.505591e+00 1.333289e+00 1.300000e+01
      vertex   -6.197049e+00 1.746087e+00 1.300000e+01
    endloop
  endfacet
  facet normal -0.000000e+00 0.000000e+00 1.000000e+00
    outer loop
      vertex   -6.197049e+00 1.746087e+00 1.300000e+01
      vertex   -5.505591e+00 1.333289e+00 1.300000e+01
      vertex   -5.228361e+00 1.851950e+00 1.300000e+01
    endloop
  endfacet
  facet normal 0.000000e+00 0.000000e+00 1.000000e+00
    outer loop
      vertex   -6.197049e+00 1.746087e+00 1.300000e+01
      vertex   -5.228361e+00 1.851950e+00 1.300000e+01
      vertex   -6.047198e+00 2.107858e+00 1.300000e+01
    endloop
  endfacet
  facet normal -0.000000e+00 0.000000e+00 1.000000e+00
    outer loop
      vertex   -6.047198e+00 2.107858e+00 1.300000e+01
      vertex   -5.228361e+00 1.851950e+00 1.300000e+01
      vertex   -5.057644e+00 2.414729e+00 1.300000e+01
    endloop
  endfacet
  facet normal 0.000000e+00 0.000000e+00 1.000000e+00
    outer loop
      vertex   -6.047198e+00 2.107858e+00 1.300000e+01
      vertex   -5.057644e+00 2.414729e+00 1.300000e+01
      vertex   -5.996087e+00 2.496087e+00 1.300000e+01
    endloop
  endfacet
  facet normal -0.000000e+00 0.000000e+00 1.000000e+00
    outer loop
      vertex   -5.996087e+00 2.496087e+00 1.300000e+01
      vertex   -5.057644e+00 2.414729e+00 1.300000e+01
      vertex   -5.000000e+00 3.000000e+00 1.300000e+01
    endloop
  endfacet
  facet normal 0.000000e+00 -0.000000e+00 1.000000e+00
    outer loop
      vertex   -5.996087e+00 2.496087e+00 1.300000e+01
      vertex   -5.000000e+00 3.000000e+00 1.300000e+01
      vertex   -6.047198e+00 2.884316e+00 1.300000e+01
    endloop
  endfacet
  facet normal 0.000000e+00 -0.000000e+00 1.000000e+00
    outer loop
      vertex   -6.047198e+00 2.884316e+00 1.300000e+01
      vertex   -5.000000e+00 3.000000e+00 1.300000e+01
      vertex   -6.197049e+00 3.246087e+00 1.300000e+01
    endloop
  endfacet
  facet normal -0.000000e+00 -0.000000e+00 1.000000e+00
    outer loop
      vertex   -6.197049e+00 3.246087e+00 1.300000e+01
      vertex   -5.000000e+00 3.000000e+00 1.300000e+01
      vertex   -6.435427e+00 3.556747e+00 1.300000e+01
    endloop
  endfacet
  facet normal -0.000000e+00 -0.000000e+00 1.000000e+00
    outer loop
      vertex   -6.435427e+00 3.556747e+00 1.300000e+01
      vertex   -5.000000e+00 3.000000e+00 1.300000e+01
      vertex   -6.746087e+00 3.795125e+00 1.300000e+01
    endloop
  endfacet
  facet normal -0.000000e+00 0.000000e+00 1.000000e+00
    outer loop
      vertex   -6.746087e+00 3.795125e+00 1.300000e+01
      vertex   -5.000000e+00 3.000000e+00 1.300000e+01
      vertex   -5.000000e+00 5.700000e+01 1.300000e+01
    endloop
  endfacet
  facet normal 0.000000e+00 0.000000e+00 1.000000e+00
    outer loop
      vertex   -6.746087e+00 3.795125e+00 1.300000e+01
      vertex   -5.000000e+00 5.700000e+01 1.300000e+01
      vertex   -6.746087e+00 5.620488e+01 1.300000e+01
    endloop
  endfacet
  facet normal 0.000000e+00 0.000000e+00 1.000000e+00
    outer loop
      vertex   -6.746087e+00 5.620488e+01 1.300000e+01
      vertex   -5.000000e+00 5.700000e+01 1.300000e+01
      vertex   -6.435427e+00 5.644325e+01 1.300000e+01
    endloop
  endfacet
  facet normal 0.000000e+00 0.000000e+00 1.000000e+00
    outer loop
      vertex   -6.435427e+00 5.644325e+01 1.300000e+01
      vertex   -5.000000e+00 5.700000e+01 1.300000e+01
      vertex   -6.197049e+00 5.675391e+01 1.300000e+01
    endloop
  endfacet
  facet normal 0.000000e+00 0.000000e+00 1.000000e+00
    outer loop
      vertex   -8.944976e+00 5.789214e+01 1.300000e+01
      vertex   -8.105503e+01 5.789214e+01 1.300000e+01
      vertex   -8.996087e+00 5.750391e+01 1.300000e+01
    endloop
  endfacet
  facet normal 0.000000e+00 0.000000e+00 1.000000e+00
    outer loop
      vertex   -8.996087e+00 5.750391e+01 1.300000e+01
      vertex   -8.105503e+01 5.789214e+01 1.300000e+01
      vertex   -8.100391e+01 5.750391e+01 1.300000e+01
    endloop
  endfacet
  facet normal 0.000000e+00 0.000000e+00 1.000000e+00
    outer loop
      vertex   -8.996087e+00 5.750391e+01 1.300000e+01
      vertex   -8.100391e+01 5.750391e+01 1.300000e+01
      vertex   -8.944976e+00 5.711569e+01 1.300000e+01
    endloop
  endfacet
  facet normal 0.000000e+00 0.000000e+00 1.000000e+00
    outer loop
      vertex   -8.944976e+00 5.711569e+01 1.300000e+01
      vertex   -8.100391e+01 5.750391e+01 1.300000e+01
      vertex   -8.105503e+01 5.711569e+01 1.300000e+01
    endloop
  endfacet
  facet normal 0.000000e+00 0.000000e+00 1.000000e+00
    outer loop
      vertex   -8.944976e+00 5.711569e+01 1.300000e+01
      vertex   -8.105503e+01 5.711569e+01 1.300000e+01
      vertex   -8.795125e+00 5.675391e+01 1.300000e+01
    endloop
  endfacet
  facet normal 0.000000e+00 0.000000e+00 1.000000e+00
    outer loop
      vertex   -8.795125e+00 5.675391e+01 1.300000e+01
      vertex   -8.105503e+01 5.711569e+01 1.300000e+01
      vertex   -8.120488e+01 5.675391e+01 1.300000e+01
    endloop
  endfacet
  facet normal 0.000000e+00 0.000000e+00 1.000000e+00
    outer loop
      vertex   -8.795125e+00 5.675391e+01 1.300000e+01
      vertex   -8.120488e+01 5.675391e+01 1.300000e+01
      vertex   -8.556747e+00 5.644325e+01 1.300000e+01
    endloop
  endfacet
  facet normal 0.000000e+00 0.000000e+00 1.000000e+00
    outer loop
      vertex   -8.556747e+00 5.644325e+01 1.300000e+01
      vertex   -8.120488e+01 5.675391e+01 1.300000e+01
      vertex   -8.144325e+01 5.644325e+01 1.300000e+01
    endloop
  endfacet
  facet normal 0.000000e+00 -0.000000e+00 1.000000e+00
    outer loop
      vertex   -8.105503e+01 5.789214e+01 1.300000e+01
      vertex   -8.944976e+00 5.789214e+01 1.300000e+01
      vertex   -8.120488e+01 5.825391e+01 1.300000e+01
    endloop
  endfacet
  facet normal -0.000000e+00 0.000000e+00 1.000000e+00
    outer loop
      vertex   -8.120488e+01 5.825391e+01 1.300000e+01
      vertex   -8.944976e+00 5.789214e+01 1.300000e+01
      vertex   -8.795125e+00 5.825391e+01 1.300000e+01
    endloop
  endfacet
  facet normal 0.000000e+00 -0.000000e+00 1.000000e+00
    outer loop
      vertex   -8.120488e+01 5.825391e+01 1.300000e+01
      vertex   -8.795125e+00 5.825391e+01 1.300000e+01
      vertex   -8.200000e+01 6.000000e+01 1.300000e+01
    endloop
  endfacet
  facet normal 0.000000e+00 0.000000e+00 1.000000e+00
    outer loop
      vertex   -8.246087e+00 5.880295e+01 1.300000e+01
      vertex   -7.884316e+00 5.895280e+01 1.300000e+01
      vertex   -8.000000e+00 6.000000e+01 1.300000e+01
    endloop
  endfacet
  facet normal 0.000000e+00 0.000000e+00 1.000000e+00
    outer loop
      vertex   -8.000000e+00 6.000000e+01 1.300000e+01
      vertex   -7.884316e+00 5.895280e+01 1.300000e+01
      vertex   -7.496087e+00 5.900391e+01 1.300000e+01
    endloop
  endfacet
  facet normal 0.000000e+00 0.000000e+00 1.000000e+00
    outer loop
      vertex   -6.746087e+00 5.620488e+01 1.300000e+01
      vertex   -7.107858e+00 5.605503e+01 1.300000e+01
      vertex   -6.746087e+00 3.795125e+00 1.300000e+01
    endloop
  endfacet
  facet normal 0.000000e+00 0.000000e+00 1.000000e+00
    outer loop
      vertex   -6.746087e+00 3.795125e+00 1.300000e+01
      vertex   -7.107858e+00 5.605503e+01 1.300000e+01
      vertex   -7.107858e+00 3.944976e+00 1.300000e+01
    endloop
  endfacet
  facet normal 0.000000e+00 -0.000000e+00 1.000000e+00
    outer loop
      vertex   -7.107858e+00 3.944976e+00 1.300000e+01
      vertex   -7.107858e+00 5.605503e+01 1.300000e+01
      vertex   -7.496087e+00 5.600391e+01 1.300000e+01
    endloop
  endfacet
  facet normal 0.000000e+00 0.000000e+00 1.000000e+00
    outer loop
      vertex   -8.246087e+00 1.197049e+00 1.300000e+01
      vertex   -8.556747e+00 1.435427e+00 1.300000e+01
      vertex   -8.000000e+00 0.000000e+00 1.300000e+01
    endloop
  endfacet
  facet normal 0.000000e+00 0.000000e+00 1.000000e+00
    outer loop
      vertex   -8.000000e+00 0.000000e+00 1.300000e+01
      vertex   -8.556747e+00 1.435427e+00 1.300000e+01
      vertex   -8.795125e+00 1.746087e+00 1.300000e+01
    endloop
  endfacet
  facet normal -0.000000e+00 -0.000000e+00 1.000000e+00
    outer loop
      vertex   -8.175391e+01 5.880295e+01 1.300000e+01
      vertex   -8.144325e+01 5.856457e+01 1.300000e+01
      vertex   -8.200000e+01 6.000000e+01 1.300000e+01
    endloop
  endfacet
  facet normal 0.000000e+00 0.000000e+00 1.000000e+00
    outer loop
      vertex   -8.200000e+01 6.000000e+01 1.300000e+01
      vertex   -8.144325e+01 5.856457e+01 1.300000e+01
      vertex   -8.120488e+01 5.825391e+01 1.300000e+01
    endloop
  endfacet
endsolid
